0,0.0002837181091308594,0.06369151525199566,obse,cracker_scene1,1,old
1,0.006065845489501953,0.06363070370116986,obse,cracker_scene1,1,old
2,0.014586925506591797,0.06369759957375543,obse,cracker_scene1,1,old
3,0.022622346878051758,0.06370099212577947,obse,cracker_scene1,1,old
4,0.03064703941345215,0.06762998943979115,obse,cracker_scene1,1,old
5,0.03851962089538574,0.06777585878417125,obse,cracker_scene1,1,old
6,0.04650712013244629,0.06758118733844702,obse,cracker_scene1,1,old
7,0.05379009246826172,0.06751953776529114,obse,cracker_scene1,1,old
8,0.061586856842041016,0.06745754421290819,obse,cracker_scene1,1,old
9,0.06951498985290527,0.06733146991806253,obse,cracker_scene1,1,old
10,0.07681417465209961,0.06733146991806253,obse,cracker_scene1,1,old
11,0.08447933197021484,0.06724958071072067,obse,cracker_scene1,1,old
12,0.09235692024230957,0.06738964953411111,obse,cracker_scene1,1,old
13,0.10331535339355469,0.06724095812439285,obse,cracker_scene1,1,old
14,0.11341357231140137,0.06707838380373106,obse,cracker_scene1,1,old
15,0.12224102020263672,0.06718325485506454,obse,cracker_scene1,1,old
16,0.1304776668548584,0.06718325485506454,obse,cracker_scene1,1,old
17,0.139786958694458,0.06697187504708657,obse,cracker_scene1,1,old
18,0.14827322959899902,0.06697187504708657,obse,cracker_scene1,1,old
19,0.15776467323303223,0.06682880396195312,obse,cracker_scene1,1,old
20,0.16544008255004883,0.06682833704368255,obse,cracker_scene1,1,old
21,0.1729140281677246,0.06679232052656278,obse,cracker_scene1,1,old
22,0.18099164962768555,0.0665853180430414,obse,cracker_scene1,1,old
23,0.18889617919921875,0.06649472837879453,obse,cracker_scene1,1,old
24,0.19694161415100098,0.06667814324284342,obse,cracker_scene1,1,old
25,0.20447468757629395,0.06626682662181047,obse,cracker_scene1,1,old
26,0.21217083930969238,0.06626682662181047,obse,cracker_scene1,1,old
27,0.22170019149780273,0.0664013708599964,obse,cracker_scene1,1,old
28,0.23049283027648926,0.06595032691737644,obse,cracker_scene1,1,old
29,0.23894405364990234,0.06618792148954543,obse,cracker_scene1,1,old
30,0.24788212776184082,0.06604816927775817,obse,cracker_scene1,1,old
31,0.25643372535705566,0.06595977750313672,obse,cracker_scene1,1,old
32,0.26487088203430176,0.06594828701227469,obse,cracker_scene1,1,old
33,0.27479004859924316,0.06639931218198303,obse,cracker_scene1,1,old
34,0.2820920944213867,0.06639931218198303,obse,cracker_scene1,1,old
35,0.2887287139892578,0.06639931218198303,obse,cracker_scene1,1,old
36,0.29568982124328613,0.06642901947308863,obse,cracker_scene1,1,old
37,0.3025362491607666,0.06644689567040271,obse,cracker_scene1,1,old
38,0.30911850929260254,0.06644689567040271,obse,cracker_scene1,1,old
39,0.3160593509674072,0.06626000718379825,obse,cracker_scene1,1,old
40,0.32282280921936035,0.06626000718379825,obse,cracker_scene1,1,old
41,0.3294036388397217,0.06626000718379825,obse,cracker_scene1,1,old
42,0.33786630630493164,0.06627749454934427,obse,cracker_scene1,1,old
43,0.34504246711730957,0.06603939305750038,obse,cracker_scene1,1,old
44,0.3520658016204834,0.06603939305750038,obse,cracker_scene1,1,old
45,0.3588864803314209,0.06597419020834616,obse,cracker_scene1,1,old
46,0.3658134937286377,0.06593782650252632,obse,cracker_scene1,1,old
47,0.3723909854888916,0.06593782650252632,obse,cracker_scene1,1,old
48,0.37966012954711914,0.06616890986914745,obse,cracker_scene1,1,old
49,0.38620519638061523,0.06616890986914745,obse,cracker_scene1,1,old
50,0.3930854797363281,0.06604359196606512,obse,cracker_scene1,1,old
51,0.40135836601257324,0.06598797555104544,obse,cracker_scene1,1,old
52,0.4080166816711426,0.06598797555104544,obse,cracker_scene1,1,old
53,0.41460680961608887,0.06598797555104544,obse,cracker_scene1,1,old
54,0.4210205078125,0.06598797555104544,obse,cracker_scene1,1,old
55,0.4279477596282959,0.06595916615845042,obse,cracker_scene1,1,old
56,0.4348289966583252,0.06595916615845042,obse,cracker_scene1,1,old
57,0.441425085067749,0.06595916615845042,obse,cracker_scene1,1,old
58,0.4490029811859131,0.06592821237085218,obse,cracker_scene1,1,old
59,0.45581483840942383,0.06592821237085218,obse,cracker_scene1,1,old
60,0.4643239974975586,0.06582598994557932,obse,cracker_scene1,1,old
61,0.47295618057250977,0.06579631201954626,obse,cracker_scene1,1,old
62,0.4804043769836426,0.0658039851073702,obse,cracker_scene1,1,old
63,0.48672008514404297,0.0658039851073702,obse,cracker_scene1,1,old
64,0.49315357208251953,0.06577834113393469,obse,cracker_scene1,1,old
65,0.4989769458770752,0.06570188526262317,obse,cracker_scene1,1,old
66,0.505401611328125,0.09605638551563614,obse,cracker_scene1,1,old
67,0.5111377239227295,0.0959589783300631,obse,cracker_scene1,1,old
68,0.5164532661437988,0.0959589783300631,obse,cracker_scene1,1,old
69,0.5222673416137695,0.09597127402912357,obse,cracker_scene1,1,old
70,0.5277113914489746,0.09597127402912357,obse,cracker_scene1,1,old
71,0.5335986614227295,0.09596066310466815,obse,cracker_scene1,1,old
72,0.5396847724914551,0.09593283806565386,obse,cracker_scene1,1,old
73,0.5453250408172607,0.09571650662230885,obse,cracker_scene1,1,old
74,0.5513370037078857,0.09571650662230885,obse,cracker_scene1,1,old
75,0.5571377277374268,0.09584773087038521,obse,cracker_scene1,1,old
76,0.563331127166748,0.09584154258138507,obse,cracker_scene1,1,old
77,0.569298267364502,0.09584154258138507,obse,cracker_scene1,1,old
78,0.5753741264343262,0.09579948458221424,obse,cracker_scene1,1,old
79,0.5842537879943848,0.09584208193132229,obse,cracker_scene1,1,old
80,0.5927660465240479,0.09584874470737377,obse,cracker_scene1,1,old
81,0.600369930267334,0.09584874470737377,obse,cracker_scene1,1,old
82,0.6075575351715088,0.09587872176617311,obse,cracker_scene1,1,old
83,0.6151823997497559,0.09583623053048725,obse,cracker_scene1,1,old
84,0.6225578784942627,0.0957841375857637,obse,cracker_scene1,1,old
85,0.6293787956237793,0.09578717770316104,obse,cracker_scene1,1,old
86,0.6362159252166748,0.09579406991769242,obse,cracker_scene1,1,old
87,0.6429083347320557,0.09567313013820516,obse,cracker_scene1,1,old
88,0.6499416828155518,0.09560716330106052,obse,cracker_scene1,1,old
89,0.6551296710968018,0.09575688682451976,obse,cracker_scene1,1,old
90,0.6599953174591064,0.09575032578799109,obse,cracker_scene1,1,old
91,0.6654300689697266,0.09579088897868203,obse,cracker_scene1,1,old
92,0.6697680950164795,0.09579088897868203,obse,cracker_scene1,1,old
93,0.6747386455535889,0.10905522692808421,obse,cracker_scene1,1,old
94,0.6795246601104736,0.10905522692808421,obse,cracker_scene1,1,old
95,0.6843478679656982,0.10974471103930719,obse,cracker_scene1,1,old
96,0.6895408630371094,0.10973727674854367,obse,cracker_scene1,1,old
97,0.6938633918762207,0.10973727674854367,obse,cracker_scene1,1,old
98,0.6983940601348877,0.1097099708905426,obse,cracker_scene1,1,old
99,0.7035136222839355,0.10960828262070078,obse,cracker_scene1,1,old
100,0.7083539962768555,0.10960828262070078,obse,cracker_scene1,1,old
101,0.7135744094848633,0.10969120607524134,obse,cracker_scene1,1,old
102,0.718522310256958,0.10980463227059875,obse,cracker_scene1,1,old
103,0.7235991954803467,0.10980463227059875,obse,cracker_scene1,1,old
104,0.7284500598907471,0.10982023325995972,obse,cracker_scene1,1,old
105,0.7329022884368896,0.10982023325995972,obse,cracker_scene1,1,old
106,0.7376279830932617,0.1098586988072569,obse,cracker_scene1,1,old
107,0.7423019409179688,0.1098586988072569,obse,cracker_scene1,1,old
108,0.746936559677124,0.10984158691800643,obse,cracker_scene1,1,old
109,0.7513794898986816,0.10984158691800643,obse,cracker_scene1,1,old
110,0.7560901641845703,0.10983683414670564,obse,cracker_scene1,1,old
111,0.7603509426116943,0.10983683414670564,obse,cracker_scene1,1,old
112,0.7652828693389893,0.10992191819037317,obse,cracker_scene1,1,old
113,0.7699143886566162,0.10984798373288059,obse,cracker_scene1,1,old
114,0.7742927074432373,0.10984798373288059,obse,cracker_scene1,1,old
115,0.778649091720581,0.10986211497723912,obse,cracker_scene1,1,old
116,0.7828953266143799,0.10985805320887382,obse,cracker_scene1,1,old
117,0.7871241569519043,0.10985805320887382,obse,cracker_scene1,1,old
118,0.7916364669799805,0.10987286644713408,obse,cracker_scene1,1,old
119,0.7957704067230225,0.10987286644713408,obse,cracker_scene1,1,old
120,0.8000364303588867,0.10972531455615589,obse,cracker_scene1,1,old
121,0.8042278289794922,0.10972531455615589,obse,cracker_scene1,1,old
122,0.8087503910064697,0.10987231309631916,obse,cracker_scene1,1,old
123,0.8128488063812256,0.10987231309631916,obse,cracker_scene1,1,old
124,0.8174872398376465,0.10986593021028973,obse,cracker_scene1,1,old
125,0.8219897747039795,0.109880268297156,obse,cracker_scene1,1,old
126,0.8264851570129395,0.10988152643041495,obse,cracker_scene1,1,old
127,0.831017255783081,0.10986737191933708,obse,cracker_scene1,1,old
128,0.8352391719818115,0.10986737191933708,obse,cracker_scene1,1,old
129,0.8397762775421143,0.10978599264704846,obse,cracker_scene1,1,old
130,0.8439958095550537,0.10978599264704846,obse,cracker_scene1,1,old
131,0.8483498096466064,0.1097881497178945,obse,cracker_scene1,1,old
132,0.8527555465698242,0.1097881497178945,obse,cracker_scene1,1,old
133,0.8576745986938477,0.10975811883900832,obse,cracker_scene1,1,old
134,0.861975908279419,0.10975811883900832,obse,cracker_scene1,1,old
135,0.8662919998168945,0.10978283711244151,obse,cracker_scene1,1,old
136,0.8706543445587158,0.10979653668460215,obse,cracker_scene1,1,old
137,0.8752157688140869,0.10974126246036554,obse,cracker_scene1,1,old
138,0.8796205520629883,0.10974126246036554,obse,cracker_scene1,1,old
139,0.8839273452758789,0.10986831497256086,obse,cracker_scene1,1,old
140,0.8885588645935059,0.10976275122797789,obse,cracker_scene1,1,old
141,0.8929183483123779,0.10976275122797789,obse,cracker_scene1,1,old
142,0.8974146842956543,0.10976275122797789,obse,cracker_scene1,1,old
143,0.9018611907958984,0.28474703821333763,obse,cracker_scene1,1,old
144,0.9064230918884277,0.2919027019880354,obse,cracker_scene1,1,old
145,0.9111196994781494,0.29326761838581294,obse,cracker_scene1,1,old
146,0.915534496307373,0.2932560057335837,obse,cracker_scene1,1,old
147,0.9197967052459717,0.29336337382189953,obse,cracker_scene1,1,old
148,0.9240052700042725,0.29336337382189953,obse,cracker_scene1,1,old
149,0.9283931255340576,0.29336337382189953,obse,cracker_scene1,1,old
150,0.9326469898223877,0.29336337382189953,obse,cracker_scene1,1,old
151,0.9372587203979492,0.29326170722193173,obse,cracker_scene1,1,old
152,0.9415919780731201,0.29326170722193173,obse,cracker_scene1,1,old
153,0.9457850456237793,0.29326170722193173,obse,cracker_scene1,1,old
154,0.9508585929870605,0.29324898009255806,obse,cracker_scene1,1,old
155,0.9552841186523438,0.293258796254704,obse,cracker_scene1,1,old
156,0.9596295356750488,0.293258796254704,obse,cracker_scene1,1,old
157,0.964259147644043,0.2932788601406494,obse,cracker_scene1,1,old
158,0.9688620567321777,0.29329873957869834,obse,cracker_scene1,1,old
159,0.9731359481811523,0.2933554457947473,obse,cracker_scene1,1,old
160,0.9776811599731445,0.2933554457947473,obse,cracker_scene1,1,old
161,0.9825384616851807,0.29334817798973783,obse,cracker_scene1,1,old
162,0.9872231483459473,0.29336476645901133,obse,cracker_scene1,1,old
163,0.9914743900299072,0.2933651907471709,obse,cracker_scene1,1,old
164,0.995769739151001,0.2933651907471709,obse,cracker_scene1,1,old
165,1.000530481338501,0.29339654998376247,obse,cracker_scene1,1,old
166,1.0048456192016602,0.29339553982582145,obse,cracker_scene1,1,old
167,1.0090796947479248,0.29339553982582145,obse,cracker_scene1,1,old
168,1.0136525630950928,0.29338350408155395,obse,cracker_scene1,1,old
169,1.0177764892578125,0.29338350408155395,obse,cracker_scene1,1,old
170,1.0220954418182373,0.29326021774896543,obse,cracker_scene1,1,old
171,1.026216745376587,0.29326021774896543,obse,cracker_scene1,1,old
172,1.0305254459381104,0.29326584737919253,obse,cracker_scene1,1,old
173,1.0347392559051514,0.29326584737919253,obse,cracker_scene1,1,old
174,1.0395779609680176,0.2932204815550006,obse,cracker_scene1,1,old
175,1.0440833568572998,0.2932204815550006,obse,cracker_scene1,1,old
176,1.048536777496338,0.29335669907788636,obse,cracker_scene1,1,old
177,1.0528957843780518,0.29328751425075333,obse,cracker_scene1,1,old
178,1.0571587085723877,0.29328751425075333,obse,cracker_scene1,1,old
179,1.0613973140716553,0.29328751425075333,obse,cracker_scene1,1,old
180,1.0659263134002686,0.29328006442914306,obse,cracker_scene1,1,old
181,1.070664644241333,0.2932145655608897,obse,cracker_scene1,1,old
182,1.0751664638519287,0.2933599451235922,obse,cracker_scene1,1,old
183,1.079665184020996,0.29336504695621574,obse,cracker_scene1,1,old
184,1.08390212059021,0.29336504695621574,obse,cracker_scene1,1,old
185,1.088674783706665,0.2933572978144729,obse,cracker_scene1,1,old
186,1.0928900241851807,0.2933572978144729,obse,cracker_scene1,1,old
187,1.097435712814331,0.29324685521063565,obse,cracker_scene1,1,old
188,1.1015894412994385,0.29324685521063565,obse,cracker_scene1,1,old
189,1.1062970161437988,0.17620034036121268,obse,cracker_scene1,1,old
190,1.1109347343444824,0.17620034036121268,obse,cracker_scene1,1,old
191,1.1156904697418213,0.17157121272287934,obse,cracker_scene1,1,old
192,1.119983434677124,0.17155809110940462,obse,cracker_scene1,1,old
193,1.124732494354248,0.17155831469780863,obse,cracker_scene1,1,old
194,1.129305362701416,0.17156296515853922,obse,cracker_scene1,1,old
195,1.1337730884552002,0.17156296515853922,obse,cracker_scene1,1,old
196,1.1383652687072754,0.17157828844760029,obse,cracker_scene1,1,old
197,1.1427500247955322,0.17157828844760029,obse,cracker_scene1,1,old
198,1.147620439529419,0.1715545906214304,obse,cracker_scene1,1,old
199,1.152076244354248,0.1715545906214304,obse,cracker_scene1,1,old
200,1.1567530632019043,0.1715640928515443,obse,cracker_scene1,1,old
201,1.1612317562103271,0.1715640928515443,obse,cracker_scene1,1,old
202,1.1660292148590088,0.171503906762883,obse,cracker_scene1,1,old
203,1.170522928237915,0.17138516202189671,obse,cracker_scene1,1,old
204,1.1754522323608398,0.17138516202189671,obse,cracker_scene1,1,old
205,1.179969310760498,0.17135945293357602,obse,cracker_scene1,1,old
206,1.184558629989624,0.17135945293357602,obse,cracker_scene1,1,old
207,1.1888973712921143,0.17136109616819556,obse,cracker_scene1,1,old
208,1.193005084991455,0.17136109616819556,obse,cracker_scene1,1,old
209,1.1977345943450928,0.17132518429788376,obse,cracker_scene1,1,old
210,1.2021729946136475,0.17132518429788376,obse,cracker_scene1,1,old
211,1.2069554328918457,0.17129927431543746,obse,cracker_scene1,1,old
212,1.2116503715515137,0.17128946323420594,obse,cracker_scene1,1,old
213,1.2160089015960693,0.17128946323420594,obse,cracker_scene1,1,old
214,1.220280408859253,0.17128946323420594,obse,cracker_scene1,1,old
215,1.224707841873169,0.17127862597636176,obse,cracker_scene1,1,old
216,1.2292373180389404,0.17126942758878066,obse,cracker_scene1,1,old
217,1.2353324890136719,0.17116281735126543,obse,cracker_scene1,1,old
218,1.2413585186004639,0.17116281735126543,obse,cracker_scene1,1,old
219,1.2475483417510986,0.17125057937983357,obse,cracker_scene1,1,old
220,1.2536375522613525,0.17120216825235232,obse,cracker_scene1,1,old
221,1.2594141960144043,0.17120216825235232,obse,cracker_scene1,1,old
222,1.265239953994751,0.17120216825235232,obse,cracker_scene1,1,old
223,1.2709674835205078,0.17120216825235232,obse,cracker_scene1,1,old
224,1.276846170425415,0.1710873427852525,obse,cracker_scene1,1,old
225,1.2828426361083984,0.1710279156257722,obse,cracker_scene1,1,old
226,1.2893309593200684,0.17113233850661083,obse,cracker_scene1,1,old
227,1.2959434986114502,0.17110273619100538,obse,cracker_scene1,1,old
228,1.301985263824463,0.17101206374702138,obse,cracker_scene1,1,old
229,1.3081912994384766,0.17108965435881632,obse,cracker_scene1,1,old
230,1.314054250717163,0.17108965435881632,obse,cracker_scene1,1,old
231,1.3206489086151123,0.17103396380635327,obse,cracker_scene1,1,old
232,1.3269710540771484,0.1710329478081517,obse,cracker_scene1,1,old
233,1.335235595703125,0.17667832332266692,obse,cracker_scene1,1,old
234,1.3420157432556152,0.17660840678591275,obse,cracker_scene1,1,old
235,1.348064661026001,0.17660840678591275,obse,cracker_scene1,1,old
236,1.3543095588684082,0.17653690120928894,obse,cracker_scene1,1,old
237,1.3601958751678467,0.17653062892571053,obse,cracker_scene1,1,old
238,1.3664629459381104,0.17653062892571053,obse,cracker_scene1,1,old
239,1.3723621368408203,0.1763740567215052,obse,cracker_scene1,1,old
240,1.3784656524658203,0.17644055120662483,obse,cracker_scene1,1,old
241,1.3853404521942139,0.17630937210747544,obse,cracker_scene1,1,old
242,1.3914713859558105,0.17638578983009942,obse,cracker_scene1,1,old
243,1.3992557525634766,0.17624421944601892,obse,cracker_scene1,1,old
244,1.4053761959075928,0.17621943625552788,obse,cracker_scene1,1,old
245,1.4112675189971924,0.17621943625552788,obse,cracker_scene1,1,old
246,1.4181993007659912,0.17613136488039255,obse,cracker_scene1,1,old
247,1.42423415184021,0.17611566235301793,obse,cracker_scene1,1,old
248,1.4299511909484863,0.1760021542481527,obse,cracker_scene1,1,old
249,1.436037302017212,0.17609562670041087,obse,cracker_scene1,1,old
250,1.441951036453247,0.17609562670041087,obse,cracker_scene1,1,old
251,1.4481847286224365,0.1760034166994655,obse,cracker_scene1,1,old
252,1.454136848449707,0.17583138004225388,obse,cracker_scene1,1,old
253,1.4610474109649658,0.1757259024719537,obse,cracker_scene1,1,old
254,1.4671194553375244,0.17571170242184092,obse,cracker_scene1,1,old
255,1.4735743999481201,0.1758084756952969,obse,cracker_scene1,1,old
256,1.4797003269195557,0.4921036956897741,obse,cracker_scene1,1,old
257,1.485506534576416,0.4921036956897741,obse,cracker_scene1,1,old
258,1.491772174835205,0.49210895745942135,obse,cracker_scene1,1,old
259,1.4982781410217285,0.4919822198888296,obse,cracker_scene1,1,old
260,1.5044608116149902,0.491952538524089,obse,cracker_scene1,1,old
261,1.5105516910552979,0.491952538524089,obse,cracker_scene1,1,old
262,1.516448736190796,0.4919196352501892,obse,cracker_scene1,1,old
263,1.522585153579712,0.491966903895092,obse,cracker_scene1,1,old
264,1.5285546779632568,0.4919262961880317,obse,cracker_scene1,1,old
265,1.5343711376190186,0.4919262961880317,obse,cracker_scene1,1,old
266,1.5405309200286865,0.4919115324522123,obse,cracker_scene1,1,old
267,1.5465419292449951,0.49177292490991187,obse,cracker_scene1,1,old
268,1.5524687767028809,0.49177292490991187,obse,cracker_scene1,1,old
269,1.558626651763916,0.49175833181738227,obse,cracker_scene1,1,old
270,1.5672848224639893,0.4916770136655307,obse,cracker_scene1,1,old
271,1.5744588375091553,0.49161995782521173,obse,cracker_scene1,1,old
272,1.5810925960540771,0.4917236286203865,obse,cracker_scene1,1,old
273,1.588003396987915,0.49179425204425686,obse,cracker_scene1,1,old
274,1.5944349765777588,0.49177576073307117,obse,cracker_scene1,1,old
275,1.6175658702850342,0.4916808097741006,obse,cracker_scene1,1,old
276,1.628631591796875,0.4916002836757006,obse,cracker_scene1,1,old
277,1.6382880210876465,0.49157486017374025,obse,cracker_scene1,1,old
278,1.6478252410888672,0.4915849185377646,obse,cracker_scene1,1,old
279,1.6579649448394775,0.49156649093510224,obse,cracker_scene1,1,old
280,1.6680090427398682,0.49158633611864905,obse,cracker_scene1,1,old
281,1.6776061058044434,0.4915033739219335,obse,cracker_scene1,1,old
282,1.6871113777160645,0.49150708922163244,obse,cracker_scene1,1,old
283,1.697216510772705,0.49149018770012654,obse,cracker_scene1,1,old
284,1.7066981792449951,0.4914834495705889,obse,cracker_scene1,1,old
285,1.7169997692108154,0.491326163940521,obse,cracker_scene1,1,old
286,1.7273154258728027,0.4913611436468916,obse,cracker_scene1,1,old
287,1.7370669841766357,0.4913685944404625,obse,cracker_scene1,1,old
288,1.7463252544403076,0.4914087536650882,obse,cracker_scene1,1,old
289,1.7549290657043457,0.49139626575737805,obse,cracker_scene1,1,old
290,1.7629270553588867,0.4913850373839198,obse,cracker_scene1,1,old
291,1.770033836364746,0.4913850373839198,obse,cracker_scene1,1,old
292,1.7798914909362793,0.4913853378262362,obse,cracker_scene1,1,old
293,1.788020133972168,0.4912636239884576,obse,cracker_scene1,1,old
294,1.7961223125457764,0.4911757366690564,obse,cracker_scene1,1,old
295,1.8047764301300049,0.4911790980363921,obse,cracker_scene1,1,old
296,1.8132498264312744,0.49110701185759204,obse,cracker_scene1,1,old
297,1.82051420211792,0.49110701185759204,obse,cracker_scene1,1,old
298,1.828519344329834,0.4911290583476609,obse,cracker_scene1,1,old
299,1.8363580703735352,0.4912663929050616,obse,cracker_scene1,1,old
300,1.8444304466247559,0.4913259611928162,obse,cracker_scene1,1,old
301,1.8531873226165771,0.4913021200710587,obse,cracker_scene1,1,old
302,1.8618953227996826,0.4912873066972743,obse,cracker_scene1,1,old
303,1.870206356048584,0.49129711097296136,obse,cracker_scene1,1,old
304,1.8788251876831055,0.4912972197221138,obse,cracker_scene1,1,old
305,1.888190746307373,0.4911752480164953,obse,cracker_scene1,1,old
306,1.8968768119812012,0.49133387063929485,obse,cracker_scene1,1,old
307,1.9050185680389404,0.49133579083706236,obse,cracker_scene1,1,old
308,1.912891149520874,0.49136985539961414,obse,cracker_scene1,1,old
309,1.9218158721923828,0.4914243500748763,obse,cracker_scene1,1,old
310,1.9301345348358154,0.49127822115778524,obse,cracker_scene1,1,old
311,1.937718152999878,0.4914587553807015,obse,cracker_scene1,1,old
312,1.9463286399841309,0.4913730589764908,obse,cracker_scene1,1,old
313,1.9547152519226074,0.49150258417897574,obse,cracker_scene1,1,old
314,1.9632539749145508,0.4913629851154652,obse,cracker_scene1,1,old
315,1.9716992378234863,0.4914608072589658,obse,cracker_scene1,1,old
316,1.9799087047576904,0.49133281479690477,obse,cracker_scene1,1,old
317,1.9882917404174805,0.4914487961535471,obse,cracker_scene1,1,old
318,1.996412992477417,0.49138622919371683,obse,cracker_scene1,1,old
319,2.004286289215088,0.4915320631540718,obse,cracker_scene1,1,old
320,2.0121371746063232,0.4915651867234501,obse,cracker_scene1,1,old
321,2.0195558071136475,0.4915651867234501,obse,cracker_scene1,1,old
322,2.0279579162597656,0.4914560593713236,obse,cracker_scene1,1,old
323,2.036125659942627,0.49162835861341986,obse,cracker_scene1,1,old
324,2.044550657272339,0.4916574362033144,obse,cracker_scene1,1,old
325,2.0529322624206543,0.49168306719065197,obse,cracker_scene1,1,old
326,2.0617072582244873,0.4916892542181757,obse,cracker_scene1,1,old
327,2.0697388648986816,0.49168883653172113,obse,cracker_scene1,1,old
328,2.078270435333252,0.49164136148537896,obse,cracker_scene1,1,old
329,2.0862674713134766,0.4915237640774692,obse,cracker_scene1,1,old
330,2.094820022583008,0.4915344307554399,obse,cracker_scene1,1,old
331,2.103825807571411,0.4916614352308923,obse,cracker_scene1,1,old
332,2.1120805740356445,0.49168799794542284,obse,cracker_scene1,1,old
333,2.1205828189849854,0.49170528725122703,obse,cracker_scene1,1,old
334,2.1292169094085693,0.49172405785112266,obse,cracker_scene1,1,old
335,2.1377475261688232,0.4916197508414461,obse,cracker_scene1,1,old
336,2.1453092098236084,0.49159285195406505,obse,cracker_scene1,1,old
337,2.1524572372436523,0.49177068810966534,obse,cracker_scene1,1,old
338,2.1598687171936035,0.4918091178834482,obse,cracker_scene1,1,old
339,2.1845455169677734,0.49185492716264256,obse,cracker_scene1,1,old
340,2.2243967056274414,0.49195964366440964,obse,cracker_scene1,1,old
341,2.240432024002075,0.49199662498844143,obse,cracker_scene1,1,old
342,2.2584481239318848,0.491998293681147,obse,cracker_scene1,1,old
343,2.2823126316070557,0.4922346833365121,obse,cracker_scene1,1,old
344,2.302009105682373,0.4921001264105929,obse,cracker_scene1,1,old
345,2.339353322982788,0.49241144890958116,obse,cracker_scene1,1,old
346,2.3802378177642822,0.4921843409743196,obse,cracker_scene1,1,old
347,2.409911632537842,0.49220401567204675,obse,cracker_scene1,1,old
348,2.4434762001037598,0.49220243989573426,obse,cracker_scene1,1,old
349,2.4527428150177,0.4922104872311518,obse,cracker_scene1,1,old
350,2.4821114540100098,0.4921892833776731,obse,cracker_scene1,1,old
351,2.5040841102600098,0.4921892833776731,obse,cracker_scene1,1,old
352,2.531928777694702,0.49239620196916295,obse,cracker_scene1,1,old
353,2.5528512001037598,0.4922755090373384,obse,cracker_scene1,1,old
354,2.58016300201416,0.49248521108838744,obse,cracker_scene1,1,old
355,2.633660316467285,0.4925173589316327,obse,cracker_scene1,1,old
356,2.6852080821990967,0.4927500224781216,obse,cracker_scene1,1,old
357,2.710726499557495,0.4925948067320049,obse,cracker_scene1,1,old
358,2.7239341735839844,0.4925948067320049,obse,cracker_scene1,1,old
359,2.7364492416381836,0.49258497733106354,obse,cracker_scene1,1,old
360,2.752488613128662,0.49258497733106354,obse,cracker_scene1,1,old
361,2.760061025619507,0.49264266937529605,obse,cracker_scene1,1,old
362,2.7815849781036377,0.4928822368702435,obse,cracker_scene1,1,old
363,2.8015177249908447,0.49276637917168303,obse,cracker_scene1,1,old
364,2.835453748703003,0.49286149518139677,obse,cracker_scene1,1,old
365,2.877048969268799,0.49301762508531816,obse,cracker_scene1,1,old
366,2.9094512462615967,0.49300948169544384,obse,cracker_scene1,1,old
367,2.9785943031311035,0.4932682796420378,obse,cracker_scene1,1,old
368,3.0180325508117676,0.49324134991477275,obse,cracker_scene1,1,old
369,3.0674965381622314,0.49324134991477275,obse,cracker_scene1,1,old
370,3.09153413772583,0.49322194810868886,obse,cracker_scene1,1,old
371,3.1741089820861816,0.49361428988409983,obse,cracker_scene1,1,old
372,3.233689785003662,0.49361428988409983,obse,cracker_scene1,1,old
373,3.254650831222534,0.4939876291873125,obse,cracker_scene1,1,old
374,3.3010854721069336,0.4940824003727981,obse,cracker_scene1,1,old
375,3.3159961700439453,0.4941348393086756,obse,cracker_scene1,1,old
376,3.335076093673706,0.4941747838037094,obse,cracker_scene1,1,old
377,3.3754220008850098,0.4941747838037094,obse,cracker_scene1,1,old
378,3.3867335319519043,0.4942041010189626,obse,cracker_scene1,1,old
379,3.4066169261932373,0.4942041010189626,obse,cracker_scene1,1,old
380,3.414361000061035,0.4942041010189626,obse,cracker_scene1,1,old
381,3.443267345428467,0.49419985479329026,obse,cracker_scene1,1,old
382,3.5834615230560303,0.494620102995754,obse,cracker_scene1,1,old
383,3.6437344551086426,0.49497734677161875,obse,cracker_scene1,1,old
384,3.7235147953033447,0.49497734677161875,obse,cracker_scene1,1,old
385,3.7595136165618896,0.49527803734917886,obse,cracker_scene1,1,old
386,3.8153443336486816,0.49527158148870026,obse,cracker_scene1,1,old
387,3.8795666694641113,0.49525208785110864,obse,cracker_scene1,1,old
388,3.9111289978027344,0.4952495972383831,obse,cracker_scene1,1,old
389,3.927647113800049,0.4952495972383831,obse,cracker_scene1,1,old
390,3.999155044555664,0.4952665538917577,obse,cracker_scene1,1,old
391,4.059261798858643,0.4952665538917577,obse,cracker_scene1,1,old
392,4.095454454421997,0.495273772060657,obse,cracker_scene1,1,old
393,4.122485876083374,0.495273772060657,obse,cracker_scene1,1,old
394,4.155672311782837,0.49527764839756255,obse,cracker_scene1,1,old
395,4.207230806350708,0.49653744669255107,obse,cracker_scene1,1,old
396,4.268324613571167,0.49633160694074663,obse,cracker_scene1,1,old
397,4.28868293762207,0.4965390055922343,obse,cracker_scene1,1,old
398,4.311269044876099,0.4965390055922343,obse,cracker_scene1,1,old
399,4.3352391719818115,0.4965390055922343,obse,cracker_scene1,1,old
400,4.355304718017578,0.4965390055922343,obse,cracker_scene1,1,old
401,4.373972415924072,0.4965412713573562,obse,cracker_scene1,1,old
402,4.455348253250122,0.49652989466228664,obse,cracker_scene1,1,old
403,4.479361295700073,0.49652989466228664,obse,cracker_scene1,1,old
404,4.519341468811035,0.49652989466228664,obse,cracker_scene1,1,old
405,4.535633087158203,0.49652989466228664,obse,cracker_scene1,1,old
406,4.5593602657318115,0.49652989466228664,obse,cracker_scene1,1,old
407,4.579249620437622,0.49652989466228664,obse,cracker_scene1,1,old
408,4.607544660568237,0.49652989466228664,obse,cracker_scene1,1,old
409,4.62728214263916,0.49652989466228664,obse,cracker_scene1,1,old
410,4.667513370513916,0.49652989466228664,obse,cracker_scene1,1,old
411,4.687311887741089,0.49875137948213727,obse,cracker_scene1,1,old
412,4.699359178543091,0.49875137948213727,obse,cracker_scene1,1,old
413,4.716984748840332,0.49875137948213727,obse,cracker_scene1,1,old
414,4.728176593780518,0.49875137948213727,obse,cracker_scene1,1,old
415,4.739719867706299,0.49875137948213727,obse,cracker_scene1,1,old
416,4.75517463684082,0.49875137948213727,obse,cracker_scene1,1,old
417,4.769324541091919,0.49875137948213727,obse,cracker_scene1,1,old
418,4.935450792312622,0.49947153224904256,obse,cracker_scene1,1,old
419,4.9914655685424805,0.4995500800218593,obse,cracker_scene1,1,old
420,5.010525465011597,0.4995713294424278,obse,cracker_scene1,1,old
421,5.0421459674835205,0.49944100979328415,obse,cracker_scene1,1,old
422,5.079461097717285,0.49967724392244484,obse,cracker_scene1,1,old
423,5.103331804275513,0.4996329288947043,obse,cracker_scene1,1,old
424,5.119433879852295,0.4996606551820712,obse,cracker_scene1,1,old
425,5.20327091217041,0.49940842635868293,obse,cracker_scene1,1,old
426,5.265953302383423,0.4996812636291574,obse,cracker_scene1,1,old
427,5.323367118835449,0.4996826378325123,obse,cracker_scene1,1,old
428,5.340076684951782,0.4996612798729836,obse,cracker_scene1,1,old
429,5.383548259735107,0.4996612798729836,obse,cracker_scene1,1,old
430,5.39876914024353,0.4994258389071771,obse,cracker_scene1,1,old
431,5.444704532623291,0.4994950551764714,obse,cracker_scene1,1,old
432,5.470602035522461,0.49983434707792357,obse,cracker_scene1,1,old
433,5.481870889663696,0.49983434707792357,obse,cracker_scene1,1,old
434,5.587630987167358,0.49985745507128937,obse,cracker_scene1,1,old
435,5.6146697998046875,0.500070865564571,obse,cracker_scene1,1,old
436,5.640277147293091,0.500070865564571,obse,cracker_scene1,1,old
437,5.651477813720703,0.5001717526367998,obse,cracker_scene1,1,old
438,5.686491966247559,0.50025825605258,obse,cracker_scene1,1,old
439,5.6983020305633545,0.50025825605258,obse,cracker_scene1,1,old
440,5.7109222412109375,0.50025825605258,obse,cracker_scene1,1,old
441,5.751308917999268,0.500292290577395,obse,cracker_scene1,1,old
442,5.80167555809021,0.5007019981825859,obse,cracker_scene1,1,old
443,5.87550950050354,0.5013230915234372,obse,cracker_scene1,1,old
444,5.886512041091919,0.5013230915234372,obse,cracker_scene1,1,old
445,6.00747275352478,0.501687871907443,obse,cracker_scene1,1,old
446,6.139387369155884,0.5026552485361986,obse,cracker_scene1,1,old
447,6.192723274230957,0.5026552485361986,obse,cracker_scene1,1,old
448,6.217739105224609,0.5028787165779142,obse,cracker_scene1,1,old
449,6.2848801612854,0.5028966579204903,obse,cracker_scene1,1,old
450,6.3178253173828125,0.5030804838848366,obse,cracker_scene1,1,old
451,6.340602397918701,0.5030804838848366,obse,cracker_scene1,1,old
452,6.395349502563477,0.5033427897182731,obse,cracker_scene1,1,old
453,6.439454555511475,0.5040161971229833,obse,cracker_scene1,1,old
454,6.451958417892456,0.5041145752797415,obse,cracker_scene1,1,old
455,6.51526665687561,0.5042807813589931,obse,cracker_scene1,1,old
456,6.548051595687866,0.5044224440326273,obse,cracker_scene1,1,old
457,6.591416597366333,0.5047954326138644,obse,cracker_scene1,1,old
458,6.617797136306763,0.5048631103033993,obse,cracker_scene1,1,old
459,6.630589962005615,0.5048631103033993,obse,cracker_scene1,1,old
460,6.653913497924805,0.5048631103033993,obse,cracker_scene1,1,old
461,6.702996730804443,0.5052291206657374,obse,cracker_scene1,1,old
462,6.733697891235352,0.5055346025688626,obse,cracker_scene1,1,old
463,6.746310472488403,0.5055346025688626,obse,cracker_scene1,1,old
464,6.787498235702515,0.5054138954885855,obse,cracker_scene1,1,old
465,6.824150562286377,0.5058310302603867,obse,cracker_scene1,1,old
466,6.868780851364136,0.506090951430094,obse,cracker_scene1,1,old
467,6.917376279830933,0.5063329937690452,obse,cracker_scene1,1,old
468,6.942792177200317,0.5064455160482624,obse,cracker_scene1,1,old
469,6.954982280731201,0.5064455160482624,obse,cracker_scene1,1,old
470,6.974761724472046,0.5066413757386868,obse,cracker_scene1,1,old
471,6.996203660964966,0.5063981956815355,obse,cracker_scene1,1,old
472,7.061896800994873,0.5071875461153593,obse,cracker_scene1,1,old
473,7.21619987487793,0.5078432351732406,obse,cracker_scene1,1,old
474,7.2545952796936035,0.5080687989683518,obse,cracker_scene1,1,old
475,7.3003315925598145,0.5084908376608176,obse,cracker_scene1,1,old
476,7.331589460372925,0.5085323330090988,obse,cracker_scene1,1,old
477,7.346631765365601,0.5086352409369953,obse,cracker_scene1,1,old
478,7.370823621749878,0.5087915445724828,obse,cracker_scene1,1,old
479,7.377651691436768,0.5087915445724828,obse,cracker_scene1,1,old
480,7.452441453933716,0.5093764011096875,obse,cracker_scene1,1,old
481,7.479925870895386,0.5093764011096875,obse,cracker_scene1,1,old
482,7.487051486968994,0.5093764011096875,obse,cracker_scene1,1,old
483,7.551676511764526,0.5093843931957371,obse,cracker_scene1,1,old
484,7.564984321594238,0.5097153487734292,obse,cracker_scene1,1,old
485,7.576877117156982,0.5097153487734292,obse,cracker_scene1,1,old
486,7.584184646606445,0.5097153487734292,obse,cracker_scene1,1,old
487,7.604104995727539,0.5099894423483916,obse,cracker_scene1,1,old
488,7.649066686630249,0.5105078488754335,obse,cracker_scene1,1,old
489,7.674110651016235,0.5106009225192433,obse,cracker_scene1,1,old
490,7.717685222625732,0.5110638746766887,obse,cracker_scene1,1,old
491,7.729093790054321,0.5110975082720204,obse,cracker_scene1,1,old
492,7.746951341629028,0.5111043025422258,obse,cracker_scene1,1,old
493,7.75393009185791,0.5111241518269944,obse,cracker_scene1,1,old
494,7.777826309204102,0.5117043667008087,obse,cracker_scene1,1,old
495,7.801316022872925,0.5114763591392496,obse,cracker_scene1,1,old
496,7.8205225467681885,0.5118435175306597,obse,cracker_scene1,1,old
497,7.836223840713501,0.5118435175306597,obse,cracker_scene1,1,old
498,7.871374130249023,0.5121980412092221,obse,cracker_scene1,1,old
499,7.885597229003906,0.5122496900427984,obse,cracker_scene1,1,old
500,7.936321258544922,0.512354642466977,obse,cracker_scene1,1,old
501,8.015305757522583,0.512354642466977,obse,cracker_scene1,1,old
502,8.072610139846802,0.5130912041259751,obse,cracker_scene1,1,old
503,8.084285497665405,0.5130912041259751,obse,cracker_scene1,1,old
504,8.16084909439087,0.5130831051976361,obse,cracker_scene1,1,old
505,8.230136394500732,0.5140935088681158,obse,cracker_scene1,1,old
506,8.261106014251709,0.5142867322151966,obse,cracker_scene1,1,old
507,8.290850162506104,0.5141833709523884,obse,cracker_scene1,1,old
508,8.403375387191772,0.5146652332127721,obse,cracker_scene1,1,old
509,8.447344541549683,0.5155161951991228,obse,cracker_scene1,1,old
510,8.535483598709106,0.5157634998220121,obse,cracker_scene1,1,old
511,8.595536708831787,0.5164839692132893,obse,cracker_scene1,1,old
512,8.608038187026978,0.5166150058182791,obse,cracker_scene1,1,old
513,8.630894422531128,0.5169225416261666,obse,cracker_scene1,1,old
514,8.648056983947754,0.516991973381983,obse,cracker_scene1,1,old
515,8.6551673412323,0.516991973381983,obse,cracker_scene1,1,old
516,8.687167406082153,0.5176682666333714,obse,cracker_scene1,1,old
517,8.732221603393555,0.5182410593119587,obse,cracker_scene1,1,old
518,8.749764442443848,0.5184115409418754,obse,cracker_scene1,1,old
519,8.764885425567627,0.5185571396511908,obse,cracker_scene1,1,old
520,8.794468402862549,0.5188479984728365,obse,cracker_scene1,1,old
521,8.814176559448242,0.5190598068208919,obse,cracker_scene1,1,old
522,8.838388919830322,0.5194242290187947,obse,cracker_scene1,1,old
523,8.845977306365967,0.5194867342651984,obse,cracker_scene1,1,old
524,8.857807159423828,0.5194867342651984,obse,cracker_scene1,1,old
525,8.874203205108643,0.5197585542959317,obse,cracker_scene1,1,old
526,8.912428379058838,0.5198515903502138,obse,cracker_scene1,1,old
527,8.924928188323975,0.5198515903502138,obse,cracker_scene1,1,old
528,8.95189905166626,0.520092961859892,obse,cracker_scene1,1,old
529,8.958714962005615,0.520092961859892,obse,cracker_scene1,1,old
530,8.992248773574829,0.5201106646881312,obse,cracker_scene1,1,old
531,9.026190757751465,0.5208606684529217,obse,cracker_scene1,1,old
532,9.069286108016968,0.5215166531239028,obse,cracker_scene1,1,old
533,9.0771324634552,0.5215804249372981,obse,cracker_scene1,1,old
534,9.136124610900879,0.5219456533755983,obse,cracker_scene1,1,old
535,9.160322666168213,0.5218025872859952,obse,cracker_scene1,1,old
536,9.187164306640625,0.5218364803483518,obse,cracker_scene1,1,old
537,9.245131254196167,0.08690761184583534,obse,cracker_scene1,1,old
538,9.268913745880127,0.0868835221832187,obse,cracker_scene1,1,old
539,9.291576147079468,0.08684237302539312,obse,cracker_scene1,1,old
540,9.359195709228516,0.08681229237174587,obse,cracker_scene1,1,old
541,9.438459157943726,0.08685468138164514,obse,cracker_scene1,1,old
542,9.47321891784668,0.08682337737424985,obse,cracker_scene1,1,old
543,9.488142013549805,0.08682337737424985,obse,cracker_scene1,1,old
544,9.512137174606323,0.08659764739526514,obse,cracker_scene1,1,old
545,9.51958179473877,0.08659764739526514,obse,cracker_scene1,1,old
546,9.525116682052612,0.08659764739526514,obse,cracker_scene1,1,old
547,9.558072805404663,0.08658803847076879,obse,cracker_scene1,1,old
548,9.58400273323059,0.08658803847076879,obse,cracker_scene1,1,old
549,9.59206509590149,0.08658803847076879,obse,cracker_scene1,1,old
550,9.708323001861572,0.08680285607900251,obse,cracker_scene1,1,old
551,9.747972011566162,0.06508857559746227,obse,cracker_scene1,1,old
552,9.772578954696655,0.06478285176314412,obse,cracker_scene1,1,old
553,9.78556513786316,0.06477463743036087,obse,cracker_scene1,1,old
554,9.808998823165894,0.06450549762414391,obse,cracker_scene1,1,old
555,9.83667778968811,0.06430785826869184,obse,cracker_scene1,1,old
556,9.850637674331665,0.06419410861468308,obse,cracker_scene1,1,old
557,9.887426614761353,0.06419410861468308,obse,cracker_scene1,1,old
558,9.902373313903809,0.04737964960330487,obse,cracker_scene1,1,old
559,9.939385890960693,0.046911620778766955,obse,cracker_scene1,1,old
560,9.959487915039062,0.046448474846885655,obse,cracker_scene1,1,old
561,9.978458404541016,0.046188326142268206,obse,cracker_scene1,1,old
562,9.994778394699097,0.04556797243002301,obse,cracker_scene1,1,old
563,10.007250547409058,0.045603915242624325,obse,cracker_scene1,1,old
564,10.033125877380371,0.04521150866188455,obse,cracker_scene1,1,old
565,10.103733777999878,0.04438336317720268,obse,cracker_scene1,1,old
566,10.131019592285156,0.04378727263758635,obse,cracker_scene1,1,old
567,10.1586012840271,0.04302902507319757,obse,cracker_scene1,1,old
568,10.199894666671753,0.04286918607376447,obse,cracker_scene1,1,old
569,10.232268333435059,0.05173380792933397,obse,cracker_scene1,1,old
570,10.25758695602417,0.051586215122867166,obse,cracker_scene1,1,old
571,10.264725685119629,0.051531282658764964,obse,cracker_scene1,1,old
572,10.2922842502594,0.05102762454167048,obse,cracker_scene1,1,old
573,10.300210237503052,0.050735921543888195,obse,cracker_scene1,1,old
574,10.32000470161438,0.05021087588426485,obse,cracker_scene1,1,old
575,10.33163070678711,0.05021087588426485,obse,cracker_scene1,1,old
576,10.383373498916626,0.04951481565259178,obse,cracker_scene1,1,old
577,10.39737582206726,0.04953552876141973,obse,cracker_scene1,1,old
578,10.420628547668457,0.04883030149507874,obse,cracker_scene1,1,old
579,10.43252444267273,0.04871984705277127,obse,cracker_scene1,1,old
580,10.453131914138794,0.04871984705277127,obse,cracker_scene1,1,old
581,10.468242883682251,0.048269013766221024,obse,cracker_scene1,1,old
582,10.479347229003906,0.04811866665591761,obse,cracker_scene1,1,old
583,10.49162220954895,0.04811866665591761,obse,cracker_scene1,1,old
584,10.563385248184204,0.29371990926244557,obse,cracker_scene1,1,old
585,10.596698522567749,0.29371150883369135,obse,cracker_scene1,1,old
586,10.617845058441162,0.2937496452330641,obse,cracker_scene1,1,old
587,10.630375385284424,0.2937496452330641,obse,cracker_scene1,1,old
588,10.654720544815063,0.29397248063177206,obse,cracker_scene1,1,old
589,10.677851915359497,0.29397248063177206,obse,cracker_scene1,1,old
590,10.704052686691284,0.29377900419701947,obse,cracker_scene1,1,old
591,10.714766025543213,0.29377900419701947,obse,cracker_scene1,1,old
592,10.7610342502594,0.2938155087385054,obse,cracker_scene1,1,old
593,10.767889976501465,0.2938155087385054,obse,cracker_scene1,1,old
594,10.803279638290405,0.04967165887793463,obse,cracker_scene1,1,old
595,10.81042742729187,0.04967165887793463,obse,cracker_scene1,1,old
596,10.83419919013977,0.048860920564627354,obse,cracker_scene1,1,old
597,10.841666460037231,0.048860920564627354,obse,cracker_scene1,1,old
598,10.901546001434326,0.048138666965525136,obse,cracker_scene1,1,old
599,10.914124965667725,0.04775509302500089,obse,cracker_scene1,1,old
600,10.92963457107544,0.04757621420114268,obse,cracker_scene1,1,old
601,10.947971105575562,0.04732103859500968,obse,cracker_scene1,1,old
602,10.960522413253784,0.04709778639214373,obse,cracker_scene1,1,old
603,10.977107524871826,0.04693855692920497,obse,cracker_scene1,1,old
604,10.991712808609009,0.046896255635336656,obse,cracker_scene1,1,old
605,11.007622241973877,0.046896255635336656,obse,cracker_scene1,1,old
606,11.0433349609375,0.9474154901313485,obse,cracker_scene1,1,old
607,11.06074857711792,0.9476147339989276,obse,cracker_scene1,1,old
608,11.095347166061401,0.9476147339989276,obse,cracker_scene1,1,old
609,11.126758337020874,0.946878336481045,obse,cracker_scene1,1,old
610,11.194728374481201,0.043931823844188846,obse,cracker_scene1,1,old
611,11.240880966186523,0.057584544337602114,obse,cracker_scene1,1,old
612,11.255751132965088,0.057584544337602114,obse,cracker_scene1,1,old
613,11.263440132141113,0.05736087946517952,obse,cracker_scene1,1,old
614,11.299342155456543,0.05736087946517952,obse,cracker_scene1,1,old
615,11.387491464614868,0.056102586407116975,obse,cracker_scene1,1,old
616,11.395550727844238,0.05632938740678905,obse,cracker_scene1,1,old
617,11.427462339401245,0.0562970092023708,obse,cracker_scene1,1,old
618,11.507318258285522,0.05623442486061499,obse,cracker_scene1,1,old
619,11.53397250175476,0.0565437966775893,obse,cracker_scene1,1,old
620,11.575376272201538,0.05654311022419095,obse,cracker_scene1,1,old
621,11.594481706619263,0.05615032908651485,obse,cracker_scene1,1,old
622,11.618562459945679,0.05615032908651485,obse,cracker_scene1,1,old
623,11.653504610061646,0.05623923429978123,obse,cracker_scene1,1,old
624,11.706297159194946,0.056135751135317234,obse,cracker_scene1,1,old
625,11.749522924423218,0.0699796400805184,obse,cracker_scene1,1,old
626,11.76086711883545,0.0699796400805184,obse,cracker_scene1,1,old
627,11.777125120162964,0.0699796400805184,obse,cracker_scene1,1,old
628,11.791504144668579,0.0699796400805184,obse,cracker_scene1,1,old
629,11.818669557571411,0.06934759627169913,obse,cracker_scene1,1,old
630,11.829045057296753,0.06944683387481827,obse,cracker_scene1,1,old
631,11.920131921768188,0.06967250598511895,obse,cracker_scene1,1,old
632,11.995672941207886,0.06968571518678661,obse,cracker_scene1,1,old
633,12.043457269668579,0.06986241277728546,obse,cracker_scene1,1,old
634,12.071254014968872,0.06981338955490646,obse,cracker_scene1,1,old
635,12.195300340652466,0.06993001516484182,obse,cracker_scene1,1,old
636,12.26206922531128,0.06993588426410603,obse,cracker_scene1,1,old
637,12.284128665924072,0.4374929151795619,obse,cracker_scene1,1,old
638,12.369536399841309,0.4472533954153756,obse,cracker_scene1,1,old
639,12.422201156616211,0.4472462161460309,obse,cracker_scene1,1,old
640,12.462804555892944,0.44726536017564256,obse,cracker_scene1,1,old
641,12.478553533554077,0.4472701262372068,obse,cracker_scene1,1,old
642,12.485416412353516,0.4472701262372068,obse,cracker_scene1,1,old
643,12.50189757347107,0.4472701262372068,obse,cracker_scene1,1,old
644,12.536889553070068,0.4472701262372068,obse,cracker_scene1,1,old
645,12.548911094665527,0.4472701262372068,obse,cracker_scene1,1,old
646,12.564735174179077,0.4472701262372068,obse,cracker_scene1,1,old
647,12.587670087814331,0.4472701262372068,obse,cracker_scene1,1,old
648,12.594730854034424,0.44434821822118364,obse,cracker_scene1,1,old
649,12.630860328674316,0.10190145347620229,obse,cracker_scene1,1,old
650,12.684221506118774,0.10203801630352864,obse,cracker_scene1,1,old
651,12.764314889907837,0.10208042920377597,obse,cracker_scene1,1,old
652,12.816411018371582,0.10227295465803116,obse,cracker_scene1,1,old
653,12.845564126968384,0.10193541815790437,obse,cracker_scene1,1,old
654,12.860299348831177,0.10232781039209894,obse,cracker_scene1,1,old
655,12.891338348388672,0.10232781039209894,obse,cracker_scene1,1,old
656,12.906758069992065,0.10064793937361727,obse,cracker_scene1,1,old
657,12.919550895690918,0.10064793937361727,obse,cracker_scene1,1,old
658,12.93876576423645,0.10064793937361727,obse,cracker_scene1,1,old
659,12.984971523284912,0.1010728351877735,obse,cracker_scene1,1,old
660,13.019554376602173,0.10136357905928414,obse,cracker_scene1,1,old
661,13.02625560760498,0.10136357905928414,obse,cracker_scene1,1,old
662,13.037662029266357,0.10136357905928414,obse,cracker_scene1,1,old
663,13.083426475524902,0.10098405398686465,obse,cracker_scene1,1,old
664,13.148209571838379,0.2547388124583746,obse,cracker_scene1,1,old
665,13.155132055282593,0.2547388124583746,obse,cracker_scene1,1,old
666,13.219333410263062,0.25473822043772126,obse,cracker_scene1,1,old
667,13.2265465259552,0.254740812081788,obse,cracker_scene1,1,old
668,13.2393798828125,0.254740812081788,obse,cracker_scene1,1,old
669,13.251425981521606,0.254740812081788,obse,cracker_scene1,1,old
670,13.282718420028687,0.25509282095435004,obse,cracker_scene1,1,old
671,13.298700332641602,0.25509282095435004,obse,cracker_scene1,1,old
672,13.318831205368042,0.25509282095435004,obse,cracker_scene1,1,old
673,13.37540078163147,0.2551179179828919,obse,cracker_scene1,1,old
674,13.411495447158813,0.2551179179828919,obse,cracker_scene1,1,old
675,13.484572887420654,0.2547318239141472,obse,cracker_scene1,1,old
676,13.543370723724365,0.2548175739569382,obse,cracker_scene1,1,old
677,13.587742805480957,0.25537279948058367,obse,cracker_scene1,1,old
678,13.64824104309082,0.25553285600936476,obse,cracker_scene1,1,old
679,13.663717985153198,0.25553285600936476,obse,cracker_scene1,1,old
680,13.69547176361084,0.25553285600936476,obse,cracker_scene1,1,old
681,13.76266622543335,0.2559952778375939,obse,cracker_scene1,1,old
682,13.787414312362671,0.25599097921512065,obse,cracker_scene1,1,old
683,13.803308963775635,0.25599097921512065,obse,cracker_scene1,1,old
684,13.879342794418335,0.25680360693384896,obse,cracker_scene1,1,old
685,13.942262887954712,0.25732508646278496,obse,cracker_scene1,1,old
686,13.986579895019531,0.2573529262795831,obse,cracker_scene1,1,old
687,14.015337467193604,0.25734757579674455,obse,cracker_scene1,1,old
688,14.022454977035522,0.2574917085273467,obse,cracker_scene1,1,old
689,14.055799961090088,0.2575699008294818,obse,cracker_scene1,1,old
690,14.091479301452637,0.2579107883053451,obse,cracker_scene1,1,old
691,14.11151385307312,0.2579107883053451,obse,cracker_scene1,1,old
692,14.147337436676025,0.25846642101823536,obse,cracker_scene1,1,old
693,14.154614925384521,0.25846642101823536,obse,cracker_scene1,1,old
694,14.220275402069092,0.2585284356945186,obse,cracker_scene1,1,old
695,14.22791600227356,0.2585284356945186,obse,cracker_scene1,1,old
696,14.255712509155273,0.25877883834550003,obse,cracker_scene1,1,old
697,14.311338901519775,0.25889550251156446,obse,cracker_scene1,1,old
698,14.423332452774048,0.25990391851089734,obse,cracker_scene1,1,old
699,14.511481523513794,0.26032203953882305,obse,cracker_scene1,1,old
700,14.55129098892212,0.2605159189805534,obse,cracker_scene1,1,old
701,14.566328525543213,0.2606532248728591,obse,cracker_scene1,1,old
702,14.616454601287842,0.2608439493789732,obse,cracker_scene1,1,old
703,14.636359691619873,0.2608439493789732,obse,cracker_scene1,1,old
704,14.667452335357666,0.2608439493789732,obse,cracker_scene1,1,old
705,14.6874680519104,0.2612344634691342,obse,cracker_scene1,1,old
706,14.694440126419067,0.2612344634691342,obse,cracker_scene1,1,old
707,14.712663888931274,0.2608426783392944,obse,cracker_scene1,1,old
708,14.741187334060669,0.2609543362695024,obse,cracker_scene1,1,old
709,14.763468742370605,0.26141764573387133,obse,cracker_scene1,1,old
710,14.819465637207031,0.26165656027517986,obse,cracker_scene1,1,old
711,14.835575342178345,0.26184447630769647,obse,cracker_scene1,1,old
712,14.86057448387146,0.2618792724432593,obse,cracker_scene1,1,old
713,14.885917663574219,0.2623922377385744,obse,cracker_scene1,1,old
714,14.93227744102478,0.2621542848069601,obse,cracker_scene1,1,old
715,14.941255331039429,0.26261195837329493,obse,cracker_scene1,1,old
716,14.99133563041687,0.262805452511426,obse,cracker_scene1,1,old
717,15.023503541946411,0.2630942669903132,obse,cracker_scene1,1,old
718,15.078354597091675,0.2632926183646801,obse,cracker_scene1,1,old
719,15.195774793624878,0.26356659552650324,obse,cracker_scene1,1,old
720,15.203864812850952,0.26356659552650324,obse,cracker_scene1,1,old
721,15.250958681106567,0.2638463331471154,obse,cracker_scene1,1,old
722,15.266752243041992,0.2638463331471154,obse,cracker_scene1,1,old
723,15.319190979003906,0.2646117101874767,obse,cracker_scene1,1,old
724,15.363492488861084,0.2642837387228933,obse,cracker_scene1,1,old
725,15.387723922729492,0.26476797693809606,obse,cracker_scene1,1,old
726,15.441771268844604,0.2645748606117953,obse,cracker_scene1,1,old
727,15.449052333831787,0.2645748606117953,obse,cracker_scene1,1,old
728,15.503520488739014,0.2651710780133184,obse,cracker_scene1,1,old
729,15.516112565994263,0.26527022296929104,obse,cracker_scene1,1,old
730,15.540162086486816,0.26547108569468714,obse,cracker_scene1,1,old
731,15.594172239303589,0.26573833929397955,obse,cracker_scene1,1,old
732,15.614665985107422,0.26573833929397955,obse,cracker_scene1,1,old
733,15.687361001968384,0.266006820777053,obse,cracker_scene1,1,old
734,15.703422784805298,0.266006820777053,obse,cracker_scene1,1,old
735,15.727339506149292,0.266006820777053,obse,cracker_scene1,1,old
736,15.739855289459229,0.266006820777053,obse,cracker_scene1,1,old
737,15.752367973327637,0.266006820777053,obse,cracker_scene1,1,old
738,15.759807825088501,0.266006820777053,obse,cracker_scene1,1,old
739,15.771728992462158,0.266006820777053,obse,cracker_scene1,1,old
740,15.812108755111694,0.26648532085274224,obse,cracker_scene1,1,old
741,15.858171701431274,0.2668898723557603,obse,cracker_scene1,1,old
742,15.913075923919678,0.26709618317304673,obse,cracker_scene1,1,old
743,15.925976514816284,0.26709618317304673,obse,cracker_scene1,1,old
744,15.9757661819458,0.2676898416163151,obse,cracker_scene1,1,old
745,16.015079259872437,0.267397946940072,obse,cracker_scene1,1,old
746,16.078951120376587,0.2680599595408619,obse,cracker_scene1,1,old
747,16.11422848701477,0.2681409828720672,obse,cracker_scene1,1,old
748,16.130112171173096,0.2681409828720672,obse,cracker_scene1,1,old
749,16.156059503555298,0.2681783430178948,obse,cracker_scene1,1,old
750,16.187756299972534,0.26799454351017094,obse,cracker_scene1,1,old
751,16.240756511688232,0.2683895885783103,obse,cracker_scene1,1,old
752,16.267754554748535,0.2683809955010465,obse,cracker_scene1,1,old
753,16.28817105293274,0.26844308175515663,obse,cracker_scene1,1,old
754,16.295281648635864,0.2684979355371165,obse,cracker_scene1,1,old
755,16.317088842391968,0.26855203611214656,obse,cracker_scene1,1,old
756,16.345587015151978,0.268409696247759,obse,cracker_scene1,1,old
757,16.365376234054565,0.26814537080504397,obse,cracker_scene1,1,old
758,16.46043872833252,0.26863326468088305,obse,cracker_scene1,1,old
759,16.499955415725708,0.26870303408018154,obse,cracker_scene1,1,old
760,16.52271008491516,0.2688544599236371,obse,cracker_scene1,1,old
761,16.53107976913452,0.268785294777449,obse,cracker_scene1,1,old
762,16.538431644439697,0.2687841107139213,obse,cracker_scene1,1,old
763,16.545816659927368,0.2687855073220148,obse,cracker_scene1,1,old
764,16.552815675735474,0.2687855073220148,obse,cracker_scene1,1,old
765,16.560899257659912,0.26881629763870524,obse,cracker_scene1,1,old
766,16.568974494934082,0.26879794483908886,obse,cracker_scene1,1,old
767,16.576863527297974,0.2688198961001624,obse,cracker_scene1,1,old
768,16.58538269996643,0.2688198961001624,obse,cracker_scene1,1,old
769,16.5951087474823,0.26891122307233845,obse,cracker_scene1,1,old
770,16.606510400772095,0.26892912875976355,obse,cracker_scene1,1,old
771,16.61573338508606,0.26896564138883977,obse,cracker_scene1,1,old
772,16.624935388565063,0.26894045827233054,obse,cracker_scene1,1,old
773,16.63407826423645,0.26892400632683444,obse,cracker_scene1,1,old
774,16.642287254333496,0.2688978672715221,obse,cracker_scene1,1,old
775,16.650471687316895,0.26892093774211917,obse,cracker_scene1,1,old
776,16.655961275100708,0.26890434274363034,obse,cracker_scene1,1,old
777,16.66073775291443,0.2689149670015186,obse,cracker_scene1,1,old
778,16.665448904037476,0.2689149670015186,obse,cracker_scene1,1,old
779,16.670149326324463,0.2684962839065596,obse,cracker_scene1,1,old
780,16.67458987236023,0.2684962839065596,obse,cracker_scene1,1,old
781,16.679622888565063,0.2685747768167908,obse,cracker_scene1,1,old
782,16.684439182281494,0.26859058347515014,obse,cracker_scene1,1,old
783,16.689311981201172,0.26897578370081426,obse,cracker_scene1,1,old
784,16.693897247314453,0.26895551041873567,obse,cracker_scene1,1,old
785,16.698663234710693,0.26897386444760446,obse,cracker_scene1,1,old
786,16.703501224517822,0.2687093281512231,obse,cracker_scene1,1,old
787,16.708467960357666,0.2687093281512231,obse,cracker_scene1,1,old
788,16.71355438232422,0.2689965540973366,obse,cracker_scene1,1,old
789,16.718575954437256,0.2689965540973366,obse,cracker_scene1,1,old
790,16.72430968284607,0.26862290205102596,obse,cracker_scene1,1,old
791,16.729843616485596,0.26843867430555646,obse,cracker_scene1,1,old
792,16.734784603118896,0.2688580342469397,obse,cracker_scene1,1,old
793,16.740220308303833,0.2688580342469397,obse,cracker_scene1,1,old
794,16.745611667633057,0.2685429958802134,obse,cracker_scene1,1,old
795,16.75133514404297,0.26847048204835533,obse,cracker_scene1,1,old
796,16.757476568222046,0.26847048204835533,obse,cracker_scene1,1,old
797,16.763729333877563,0.26846997061910066,obse,cracker_scene1,1,old
798,16.769150018692017,0.2684458604170394,obse,cracker_scene1,1,old
799,16.775128841400146,0.2684458604170394,obse,cracker_scene1,1,old
800,16.78146004676819,0.2688363078226667,obse,cracker_scene1,1,old
801,16.78737759590149,0.2684368038605807,obse,cracker_scene1,1,old
802,16.79261040687561,0.2684368038605807,obse,cracker_scene1,1,old
803,16.798814058303833,0.2689292209381793,obse,cracker_scene1,1,old
804,16.80441451072693,0.2689066826311934,obse,cracker_scene1,1,old
805,16.809342861175537,0.2689066826311934,obse,cracker_scene1,1,old
806,16.814375638961792,0.26854874976536813,obse,cracker_scene1,1,old
807,16.819255113601685,0.2686464539857393,obse,cracker_scene1,1,old
808,16.82435393333435,0.2686464539857393,obse,cracker_scene1,1,old
809,16.829681634902954,0.26894014903276237,obse,cracker_scene1,1,old
810,16.834447145462036,0.2689365187132854,obse,cracker_scene1,1,old
811,16.839617490768433,0.2689365187132854,obse,cracker_scene1,1,old
812,16.844260931015015,0.2689365187132854,obse,cracker_scene1,1,old
813,16.848851442337036,0.26863827123152034,obse,cracker_scene1,1,old
814,16.853779792785645,0.26879395731413,obse,cracker_scene1,1,old
815,16.85855984687805,0.2690778936403593,obse,cracker_scene1,1,old
816,16.86349129676819,0.2686936667287964,obse,cracker_scene1,1,old
817,16.867919206619263,0.2686936667287964,obse,cracker_scene1,1,old
818,16.872698307037354,0.26871405629363443,obse,cracker_scene1,1,old
819,16.877180337905884,0.26871405629363443,obse,cracker_scene1,1,old
820,16.881996870040894,0.2687048167711764,obse,cracker_scene1,1,old
821,16.886764526367188,0.2687048167711764,obse,cracker_scene1,1,old
822,16.89146614074707,0.26862851404076116,obse,cracker_scene1,1,old
823,16.896098375320435,0.26861381923203614,obse,cracker_scene1,1,old
824,16.900943756103516,0.26862365727452386,obse,cracker_scene1,1,old
825,16.905559539794922,0.26862365727452386,obse,cracker_scene1,1,old
826,16.91058921813965,0.26892100765341603,obse,cracker_scene1,1,old
827,16.915358304977417,0.26892100765341603,obse,cracker_scene1,1,old
828,16.920213222503662,0.2688873145261928,obse,cracker_scene1,1,old
829,16.924663066864014,0.2688873145261928,obse,cracker_scene1,1,old
830,16.92958688735962,0.2684902878673311,obse,cracker_scene1,1,old
831,16.934085607528687,0.2684902878673311,obse,cracker_scene1,1,old
832,16.93876051902771,0.2685121396340693,obse,cracker_scene1,1,old
833,16.943345308303833,0.2685121396340693,obse,cracker_scene1,1,old
834,16.94798970222473,0.2688620020518716,obse,cracker_scene1,1,old
835,16.952332019805908,0.2688620020518716,obse,cracker_scene1,1,old
836,16.956483602523804,0.2688620020518716,obse,cracker_scene1,1,old
837,16.96148180961609,0.26887416648600165,obse,cracker_scene1,1,old
838,16.966230869293213,0.2684969493355233,obse,cracker_scene1,1,old
839,16.970702648162842,0.2684969493355233,obse,cracker_scene1,1,old
840,16.97526717185974,0.26887515702404446,obse,cracker_scene1,1,old
841,16.979717016220093,0.26887515702404446,obse,cracker_scene1,1,old
842,16.98420476913452,0.268864849231271,obse,cracker_scene1,1,old
843,16.988837957382202,0.268864849231271,obse,cracker_scene1,1,old
844,16.993488788604736,0.2689011299543907,obse,cracker_scene1,1,old
845,16.99808979034424,0.2689011299543907,obse,cracker_scene1,1,old
846,17.00262212753296,0.2689011299543907,obse,cracker_scene1,1,old
847,17.00699782371521,0.26860749582582466,obse,cracker_scene1,1,old
848,17.011608839035034,0.2689135371026615,obse,cracker_scene1,1,old
849,17.017024993896484,0.2686048552232755,obse,cracker_scene1,1,old
850,17.022308826446533,0.26859446944346876,obse,cracker_scene1,1,old
851,17.027343273162842,0.26858702517093347,obse,cracker_scene1,1,old
852,17.034650325775146,0.2684790778220357,obse,cracker_scene1,1,old
853,17.0414457321167,0.268878110891534,obse,cracker_scene1,1,old
854,17.04775619506836,0.2688794394879507,obse,cracker_scene1,1,old
855,17.0538649559021,0.26849180794637156,obse,cracker_scene1,1,old
856,17.060317993164062,0.2688846467389864,obse,cracker_scene1,1,old
857,17.067314624786377,0.2688846467389864,obse,cracker_scene1,1,old
858,17.074037790298462,0.2685887440002107,obse,cracker_scene1,1,old
859,17.08057951927185,0.2688634345888735,obse,cracker_scene1,1,old
860,17.08713722229004,0.26887061022066255,obse,cracker_scene1,1,old
861,17.09361219406128,0.26887061022066255,obse,cracker_scene1,1,old
862,17.10009002685547,0.2688531115218511,obse,cracker_scene1,1,old
863,17.10747504234314,0.26885691608938717,obse,cracker_scene1,1,old
864,17.115236282348633,0.2688773970543594,obse,cracker_scene1,1,old
865,17.12218928337097,0.2688860376948077,obse,cracker_scene1,1,old
866,17.12758755683899,0.26861565125265785,obse,cracker_scene1,1,old
867,17.133429765701294,0.26859739502126423,obse,cracker_scene1,1,old
868,17.1391122341156,0.2684956756254222,obse,cracker_scene1,1,old
869,17.144484519958496,0.2688506446077823,obse,cracker_scene1,1,old
870,17.149261713027954,0.2688506446077823,obse,cracker_scene1,1,old
871,17.154006242752075,0.2688894160533552,obse,cracker_scene1,1,old
872,17.158536434173584,0.2688894160533552,obse,cracker_scene1,1,old
873,17.163524627685547,0.26887510812451865,obse,cracker_scene1,1,old
874,17.16805410385132,0.26887510812451865,obse,cracker_scene1,1,old
875,17.17282485961914,0.2684979509863276,obse,cracker_scene1,1,old
876,17.17799186706543,0.26888541524905496,obse,cracker_scene1,1,old
877,17.18273425102234,0.2688776073262534,obse,cracker_scene1,1,old
878,17.18748712539673,0.26859077345035365,obse,cracker_scene1,1,old
879,17.19219470024109,0.26859077345035365,obse,cracker_scene1,1,old
880,17.1973774433136,0.2685279043545225,obse,cracker_scene1,1,old
881,17.202087879180908,0.2688192134035538,obse,cracker_scene1,1,old
882,17.206969499588013,0.2688055855217993,obse,cracker_scene1,1,old
883,17.21154284477234,0.2688756275780731,obse,cracker_scene1,1,old
884,17.216044425964355,0.2688756275780731,obse,cracker_scene1,1,old
885,17.221006870269775,0.2688592911821501,obse,cracker_scene1,1,old
886,17.225472927093506,0.2688592911821501,obse,cracker_scene1,1,old
887,17.23098063468933,0.2684791223835821,obse,cracker_scene1,1,old
888,17.235747814178467,0.2684791223835821,obse,cracker_scene1,1,old
889,17.24039649963379,0.2685931323963841,obse,cracker_scene1,1,old
890,17.24492359161377,0.26850874785310624,obse,cracker_scene1,1,old
891,17.249385356903076,0.26850874785310624,obse,cracker_scene1,1,old
892,17.25370717048645,0.26850874785310624,obse,cracker_scene1,1,old
893,17.25808811187744,0.2684566069861172,obse,cracker_scene1,1,old
894,17.262804985046387,0.26884761046728317,obse,cracker_scene1,1,old
895,17.266961097717285,0.26884761046728317,obse,cracker_scene1,1,old
896,17.27111577987671,0.26884761046728317,obse,cracker_scene1,1,old
897,17.27523422241211,0.26884761046728317,obse,cracker_scene1,1,old
898,17.280174016952515,0.2688879473186655,obse,cracker_scene1,1,old
899,17.284419298171997,0.2688879473186655,obse,cracker_scene1,1,old
900,17.289132356643677,0.26846490321073513,obse,cracker_scene1,1,old
901,17.293272733688354,0.26887843516153836,obse,cracker_scene1,1,old
902,17.29830050468445,0.26887144065949503,obse,cracker_scene1,1,old
903,17.302870512008667,0.26887307656801546,obse,cracker_scene1,1,old
904,17.307358026504517,0.26887307656801546,obse,cracker_scene1,1,old
905,17.311954259872437,0.2684754742356705,obse,cracker_scene1,1,old
906,17.316287755966187,0.2684754742356705,obse,cracker_scene1,1,old
907,17.321085691452026,0.26887177144579566,obse,cracker_scene1,1,old
908,17.325198888778687,0.26887177144579566,obse,cracker_scene1,1,old
909,17.329813480377197,0.2688587902846183,obse,cracker_scene1,1,old
910,17.334503173828125,0.26888450834696903,obse,cracker_scene1,1,old
911,17.339188814163208,0.2688751955409205,obse,cracker_scene1,1,old
912,17.343573808670044,0.2688751955409205,obse,cracker_scene1,1,old
913,17.34837317466736,0.26858308606560605,obse,cracker_scene1,1,old
914,17.35289978981018,0.26886254865538695,obse,cracker_scene1,1,old
915,17.35747194290161,0.26886254865538695,obse,cracker_scene1,1,old
916,17.362396001815796,0.26847569961497597,obse,cracker_scene1,1,old
917,17.367681980133057,0.26847569961497597,obse,cracker_scene1,1,old
918,17.373927354812622,0.26887375307434486,obse,cracker_scene1,1,old
919,17.379971265792847,0.26886127251352465,obse,cracker_scene1,1,old
920,17.38608694076538,0.26886339725040687,obse,cracker_scene1,1,old
921,17.391587734222412,0.26886339725040687,obse,cracker_scene1,1,old
922,17.397438287734985,0.26888771844660353,obse,cracker_scene1,1,old
923,17.403167963027954,0.2688857873897271,obse,cracker_scene1,1,old
924,17.408104181289673,0.26889007505127754,obse,cracker_scene1,1,old
925,17.41374182701111,0.26885532853960903,obse,cracker_scene1,1,old
926,17.419166803359985,0.2684594586491879,obse,cracker_scene1,1,old
927,17.424806356430054,0.2684772936280019,obse,cracker_scene1,1,old
928,17.430672883987427,0.2688826223442797,obse,cracker_scene1,1,old
929,17.435113191604614,0.2688826223442797,obse,cracker_scene1,1,old
930,17.43968439102173,0.26881462904776515,obse,cracker_scene1,1,old
931,17.444103717803955,0.26889521543096023,obse,cracker_scene1,1,old
932,17.44848394393921,0.26889521543096023,obse,cracker_scene1,1,old
933,17.452853679656982,0.2688891243154354,obse,cracker_scene1,1,old
934,17.457042694091797,0.2688891243154354,obse,cracker_scene1,1,old
935,17.46142339706421,0.2688891243154354,obse,cracker_scene1,1,old
936,17.466031312942505,0.26848162515500107,obse,cracker_scene1,1,old
937,17.47030520439148,0.26887108046454417,obse,cracker_scene1,1,old
938,17.474495887756348,0.26887108046454417,obse,cracker_scene1,1,old
939,17.47871994972229,0.26847889637427075,obse,cracker_scene1,1,old
940,17.48289203643799,0.26847889637427075,obse,cracker_scene1,1,old
941,17.487393379211426,0.2688918185758882,obse,cracker_scene1,1,old
942,17.49159264564514,0.2688918185758882,obse,cracker_scene1,1,old
943,17.496379613876343,0.2684818130170889,obse,cracker_scene1,1,old
944,17.50046157836914,0.2684818130170889,obse,cracker_scene1,1,old
945,17.50517511367798,0.2688840721193667,obse,cracker_scene1,1,old
946,17.50930690765381,0.2688907267027113,obse,cracker_scene1,1,old
947,17.51395535469055,0.26887913138637404,obse,cracker_scene1,1,old
948,17.518086671829224,0.26887698079678773,obse,cracker_scene1,1,old
949,17.522629261016846,0.2688574920255057,obse,cracker_scene1,1,old
950,17.52683138847351,0.26887751097806634,obse,cracker_scene1,1,old
951,17.531464099884033,0.26848292129638235,obse,cracker_scene1,1,old
952,17.536001682281494,0.2684361369414973,obse,cracker_scene1,1,old
953,17.540382385253906,0.2684361369414973,obse,cracker_scene1,1,old
954,17.545007467269897,0.2688763628981119,obse,cracker_scene1,1,old
955,17.54941701889038,0.2688763628981119,obse,cracker_scene1,1,old
956,17.55391812324524,0.26849135466654794,obse,cracker_scene1,1,old
957,17.55833387374878,0.26849135466654794,obse,cracker_scene1,1,old
958,17.56296992301941,0.2688354788448909,obse,cracker_scene1,1,old
959,17.567200660705566,0.2688354788448909,obse,cracker_scene1,1,old
960,17.571609258651733,0.26886646673937464,obse,cracker_scene1,1,old
961,17.578501224517822,0.2684840363091024,obse,cracker_scene1,1,old
962,17.582876682281494,0.2684840363091024,obse,cracker_scene1,1,old
963,17.587631464004517,0.268478367493656,obse,cracker_scene1,1,old
964,17.591958045959473,0.268478367493656,obse,cracker_scene1,1,old
965,17.59680986404419,0.2688856901378303,obse,cracker_scene1,1,old
966,17.601109743118286,0.2688856901378303,obse,cracker_scene1,1,old
967,17.605916500091553,0.26888581903622,obse,cracker_scene1,1,old
968,17.61042094230652,0.2688826669740203,obse,cracker_scene1,1,old
969,17.614975214004517,0.2688826669740203,obse,cracker_scene1,1,old
970,17.619469165802002,0.2684691438785372,obse,cracker_scene1,1,old
971,17.62393856048584,0.2684691438785372,obse,cracker_scene1,1,old
972,17.629163026809692,0.2688626675987851,obse,cracker_scene1,1,old
973,17.636118412017822,0.26886195836621624,obse,cracker_scene1,1,old
974,17.642812490463257,0.26886195836621624,obse,cracker_scene1,1,old
975,17.64953637123108,0.26881633897949053,obse,cracker_scene1,1,old
976,17.65653395652771,0.26885999431434177,obse,cracker_scene1,1,old
977,17.663496732711792,0.26885999431434177,obse,cracker_scene1,1,old
978,17.670382261276245,0.26886221705649677,obse,cracker_scene1,1,old
979,17.67771339416504,0.26883956972506673,obse,cracker_scene1,1,old
980,17.685033321380615,0.2686058843503659,obse,cracker_scene1,1,old
981,17.691997289657593,0.2688808967891054,obse,cracker_scene1,1,old
982,17.69919180870056,0.26849818448570584,obse,cracker_scene1,1,old
983,17.70615315437317,0.2686102214111431,obse,cracker_scene1,1,old
984,17.713424682617188,0.2685920282012693,obse,cracker_scene1,1,old
985,17.720633268356323,0.26887859722403856,obse,cracker_scene1,1,old
986,17.727503538131714,0.2688940578781549,obse,cracker_scene1,1,old
987,17.734910249710083,0.2688953527824288,obse,cracker_scene1,1,old
988,17.741984367370605,0.2685043996274855,obse,cracker_scene1,1,old
989,17.749430179595947,0.2688675686129228,obse,cracker_scene1,1,old
990,17.755928993225098,0.26888106495680747,obse,cracker_scene1,1,old
991,17.761808156967163,0.26888106495680747,obse,cracker_scene1,1,old
992,17.768192529678345,0.268480492738768,obse,cracker_scene1,1,old
993,17.774280548095703,0.2688804515299871,obse,cracker_scene1,1,old
994,17.780279874801636,0.2688804515299871,obse,cracker_scene1,1,old
995,17.787502765655518,0.26888496104321274,obse,cracker_scene1,1,old
996,17.79477095603943,0.2688727859134205,obse,cracker_scene1,1,old
997,17.801765203475952,0.2688727859134205,obse,cracker_scene1,1,old
998,17.809560775756836,0.2688623531264573,obse,cracker_scene1,1,old
999,17.81688904762268,0.26887432421460544,obse,cracker_scene1,1,old
1000,17.82387638092041,0.26887206506815814,obse,cracker_scene1,1,old
1001,17.83115243911743,0.26887724018636505,obse,cracker_scene1,1,old
1002,17.838263988494873,0.26848983755137285,obse,cracker_scene1,1,old
1003,17.84552311897278,0.268515435701387,obse,cracker_scene1,1,old
1004,17.853046417236328,0.2688787077997747,obse,cracker_scene1,1,old
1005,17.86042547225952,0.2688787077997747,obse,cracker_scene1,1,old
1006,17.867550373077393,0.2684345032162921,obse,cracker_scene1,1,old
1007,17.874911546707153,0.26890043525128593,obse,cracker_scene1,1,old
1008,17.88247036933899,0.2684472522539643,obse,cracker_scene1,1,old
1009,17.889789581298828,0.2688781387357094,obse,cracker_scene1,1,old
1010,17.89683485031128,0.268430841766562,obse,cracker_scene1,1,old
1011,17.903496265411377,0.268430841766562,obse,cracker_scene1,1,old
1012,17.910943031311035,0.26888971338038425,obse,cracker_scene1,1,old
1013,17.917470932006836,0.26888971338038425,obse,cracker_scene1,1,old
1014,17.924437046051025,0.26885681440394754,obse,cracker_scene1,1,old
1015,17.93254518508911,0.2688717396793637,obse,cracker_scene1,1,old
1016,17.939547300338745,0.268906197442951,obse,cracker_scene1,1,old
1017,17.946597576141357,0.2688874208897603,obse,cracker_scene1,1,old
1018,17.95266366004944,0.2688863726989475,obse,cracker_scene1,1,old
1019,17.959444761276245,0.26888739759988256,obse,cracker_scene1,1,old
1020,17.96683168411255,0.268869764292076,obse,cracker_scene1,1,old
1021,17.973806619644165,0.2688734980234275,obse,cracker_scene1,1,old
1022,17.988296031951904,0.2688917712352063,obse,cracker_scene1,1,old
1023,17.99557328224182,0.26891122691726077,obse,cracker_scene1,1,old
1024,18.002355337142944,0.2688984461436336,obse,cracker_scene1,1,old
1025,18.00885534286499,0.2688697462432602,obse,cracker_scene1,1,old
1026,18.015489101409912,0.2684878778444023,obse,cracker_scene1,1,old
1027,18.021848678588867,0.2684859834228076,obse,cracker_scene1,1,old
1028,18.02832555770874,0.26889139471606094,obse,cracker_scene1,1,old
1029,18.034575700759888,0.26889139471606094,obse,cracker_scene1,1,old
1030,18.04124689102173,0.2689061312669385,obse,cracker_scene1,1,old
1031,18.047120809555054,0.2689061312669385,obse,cracker_scene1,1,old
1032,18.05338978767395,0.26844361836453373,obse,cracker_scene1,1,old
1033,18.059580087661743,0.268878176366468,obse,cracker_scene1,1,old
1034,18.065985202789307,0.26885499380854827,obse,cracker_scene1,1,old
1035,18.073530197143555,0.26846850371991865,obse,cracker_scene1,1,old
1036,18.079949140548706,0.2684918971985779,obse,cracker_scene1,1,old
1037,18.085724115371704,0.2684918971985779,obse,cracker_scene1,1,old
1038,18.091930389404297,0.26851302891972295,obse,cracker_scene1,1,old
1039,18.103514194488525,0.2688859472701684,obse,cracker_scene1,1,old
1040,18.109581470489502,0.2688859472701684,obse,cracker_scene1,1,old
1041,18.116819858551025,0.2688618703661127,obse,cracker_scene1,1,old
1042,18.12334966659546,0.26888936621404214,obse,cracker_scene1,1,old
1043,18.13002371788025,0.2688755656509083,obse,cracker_scene1,1,old
1044,18.135849237442017,0.2688755656509083,obse,cracker_scene1,1,old
1045,18.141998291015625,0.26886672388375193,obse,cracker_scene1,1,old
1046,18.14798617362976,0.2684863202976287,obse,cracker_scene1,1,old
1047,18.154385566711426,0.2684638085718845,obse,cracker_scene1,1,old
1048,18.160367250442505,0.2684638085718845,obse,cracker_scene1,1,old
1049,18.186288595199585,0.2684638085718845,obse,cracker_scene1,1,old
1050,18.199187517166138,0.26887632259166994,obse,cracker_scene1,1,old
1051,18.230053663253784,0.2688759008619664,obse,cracker_scene1,1,old
1052,18.294816493988037,0.2688915859448867,obse,cracker_scene1,1,old
1053,18.318593502044678,0.2688890078832587,obse,cracker_scene1,1,old
1054,18.35283899307251,0.2688581182548268,obse,cracker_scene1,1,old
1055,18.38860058784485,0.26889242501355287,obse,cracker_scene1,1,old
1056,18.438433170318604,0.26848018241479876,obse,cracker_scene1,1,old
1057,18.466673612594604,0.2688089018796288,obse,cracker_scene1,1,old
1058,18.50570774078369,0.2684878424495097,obse,cracker_scene1,1,old
1059,18.522722482681274,0.2685851936515174,obse,cracker_scene1,1,old
1060,18.546164751052856,0.2685895959428208,obse,cracker_scene1,1,old
1061,18.569457292556763,0.2688881185486694,obse,cracker_scene1,1,old
1062,18.58876919746399,0.2684915152216425,obse,cracker_scene1,1,old
1063,18.608179092407227,0.2684643383441924,obse,cracker_scene1,1,old
1064,18.622594594955444,0.268552088916427,obse,cracker_scene1,1,old
1065,18.64427638053894,0.2688581316689352,obse,cracker_scene1,1,old
1066,18.651439428329468,0.2688581316689352,obse,cracker_scene1,1,old
1067,18.65802502632141,0.2688581316689352,obse,cracker_scene1,1,old
1068,18.66946029663086,0.2688581316689352,obse,cracker_scene1,1,old
1069,18.676759958267212,0.2688581316689352,obse,cracker_scene1,1,old
1070,18.68342876434326,0.2688581316689352,obse,cracker_scene1,1,old
1071,18.6900475025177,0.2688581316689352,obse,cracker_scene1,1,old
1072,18.69662833213806,0.2688581316689352,obse,cracker_scene1,1,old
1073,18.703392267227173,0.2688581316689352,obse,cracker_scene1,1,old
1074,18.709977388381958,0.2688581316689352,obse,cracker_scene1,1,old
1075,18.716572523117065,0.2688581316689352,obse,cracker_scene1,1,old
1076,18.72331929206848,0.2688581316689352,obse,cracker_scene1,1,old
1077,18.729914903640747,0.26887228229380217,obse,cracker_scene1,1,old
1078,18.736680269241333,0.26887228229380217,obse,cracker_scene1,1,old
1079,18.743269205093384,0.26887228229380217,obse,cracker_scene1,1,old
1080,18.749938249588013,0.26887228229380217,obse,cracker_scene1,1,old
1081,18.756561756134033,0.26887228229380217,obse,cracker_scene1,1,old
1082,18.763174295425415,0.26887228229380217,obse,cracker_scene1,1,old
1083,18.76968812942505,0.26887228229380217,obse,cracker_scene1,1,old
1084,18.77628469467163,0.26887228229380217,obse,cracker_scene1,1,old
1085,18.782854318618774,0.26887228229380217,obse,cracker_scene1,1,old
1086,18.792157649993896,0.26887228229380217,obse,cracker_scene1,1,old
1087,18.79944682121277,0.26887228229380217,obse,cracker_scene1,1,old
1088,18.81153440475464,0.26887228229380217,obse,cracker_scene1,1,old
1089,18.824687242507935,0.26887228229380217,obse,cracker_scene1,1,old
1090,18.831512928009033,0.26887228229380217,obse,cracker_scene1,1,old
1091,18.838309288024902,0.26887228229380217,obse,cracker_scene1,1,old
1092,18.845080614089966,0.26887228229380217,obse,cracker_scene1,1,old
1093,18.86893892288208,0.26887228229380217,obse,cracker_scene1,1,old
1094,18.87594723701477,0.26887228229380217,obse,cracker_scene1,1,old
1095,18.883336544036865,0.26887228229380217,obse,cracker_scene1,1,old
1096,18.918315172195435,0.26887228229380217,obse,cracker_scene1,1,old
1097,18.925846338272095,0.26887228229380217,obse,cracker_scene1,1,old
1098,18.941638469696045,0.26887228229380217,obse,cracker_scene1,1,old
1099,18.988049745559692,0.26887228229380217,obse,cracker_scene1,1,old
1100,19.019116401672363,0.26887228229380217,obse,cracker_scene1,1,old
1101,19.026456594467163,0.26887228229380217,obse,cracker_scene1,1,old
1102,19.054340600967407,0.26887228229380217,obse,cracker_scene1,1,old
1103,19.067057609558105,0.26887228229380217,obse,cracker_scene1,1,old
1104,19.074151754379272,0.26887228229380217,obse,cracker_scene1,1,old
1105,19.085463285446167,0.26887228229380217,obse,cracker_scene1,1,old
1106,19.09213638305664,0.26887228229380217,obse,cracker_scene1,1,old
1107,19.098774194717407,0.26887228229380217,obse,cracker_scene1,1,old
1108,19.105416774749756,0.26887228229380217,obse,cracker_scene1,1,old
1109,19.112098455429077,0.26887228229380217,obse,cracker_scene1,1,old
1110,19.118877172470093,0.26887228229380217,obse,cracker_scene1,1,old
1111,19.12560725212097,0.26887228229380217,obse,cracker_scene1,1,old
1112,19.132241249084473,0.26887228229380217,obse,cracker_scene1,1,old
1113,19.138960123062134,0.26887228229380217,obse,cracker_scene1,1,old
1114,19.14557385444641,0.26887228229380217,obse,cracker_scene1,1,old
1115,19.152220726013184,0.26887228229380217,obse,cracker_scene1,1,old
1116,19.158812999725342,0.26887228229380217,obse,cracker_scene1,1,old
1117,19.16537094116211,0.26887228229380217,obse,cracker_scene1,1,old
1118,19.171969175338745,0.26887228229380217,obse,cracker_scene1,1,old
1119,19.17850160598755,0.26887228229380217,obse,cracker_scene1,1,old
1120,19.185144901275635,0.26887228229380217,obse,cracker_scene1,1,old
1121,19.19200563430786,0.26887228229380217,obse,cracker_scene1,1,old
1122,19.198570489883423,0.26887228229380217,obse,cracker_scene1,1,old
1123,19.205161571502686,0.26887228229380217,obse,cracker_scene1,1,old
1124,19.211942434310913,0.26887228229380217,obse,cracker_scene1,1,old
1125,19.222292184829712,0.26887228229380217,obse,cracker_scene1,1,old
1126,19.23215389251709,0.26887228229380217,obse,cracker_scene1,1,old
1127,19.23877501487732,0.26887228229380217,obse,cracker_scene1,1,old
1128,19.250025749206543,0.26887228229380217,obse,cracker_scene1,1,old
1129,19.256731748580933,0.26887228229380217,obse,cracker_scene1,1,old
1130,19.263301610946655,0.26887228229380217,obse,cracker_scene1,1,old
1131,19.274488925933838,0.26887228229380217,obse,cracker_scene1,1,old
1132,19.2812442779541,0.26887228229380217,obse,cracker_scene1,1,old
1133,19.287660360336304,0.26887228229380217,obse,cracker_scene1,1,old
1134,19.31558609008789,0.26887228229380217,obse,cracker_scene1,1,old
1135,19.32279682159424,0.26887228229380217,obse,cracker_scene1,1,old
1136,19.32931351661682,0.26887228229380217,obse,cracker_scene1,1,old
1137,19.336014986038208,0.26887228229380217,obse,cracker_scene1,1,old
1138,19.342554807662964,0.26887228229380217,obse,cracker_scene1,1,old
1139,19.358411073684692,0.26887228229380217,obse,cracker_scene1,1,old
1140,19.365195989608765,0.26887228229380217,obse,cracker_scene1,1,old
1141,19.377421140670776,0.26887228229380217,obse,cracker_scene1,1,old
1142,19.39040732383728,0.26887228229380217,obse,cracker_scene1,1,old
1143,19.397460222244263,0.26887228229380217,obse,cracker_scene1,1,old
1144,19.412235498428345,0.26887228229380217,obse,cracker_scene1,1,old
1145,19.428030014038086,0.26887228229380217,obse,cracker_scene1,1,old
1146,19.4347403049469,0.26887228229380217,obse,cracker_scene1,1,old
1147,19.44618248939514,0.26887228229380217,obse,cracker_scene1,1,old
1148,19.452880382537842,0.26887228229380217,obse,cracker_scene1,1,old
1149,19.46366810798645,0.26887228229380217,obse,cracker_scene1,1,old
1150,19.470828533172607,0.26887228229380217,obse,cracker_scene1,1,old
1151,19.477547883987427,0.26887228229380217,obse,cracker_scene1,1,old
1152,19.488546133041382,0.26887228229380217,obse,cracker_scene1,1,old
1153,19.49550461769104,0.26887228229380217,obse,cracker_scene1,1,old
1154,19.502156496047974,0.26887228229380217,obse,cracker_scene1,1,old
1155,19.51336145401001,0.26887228229380217,obse,cracker_scene1,1,old
1156,19.520192861557007,0.26887228229380217,obse,cracker_scene1,1,old
1157,19.52687096595764,0.26887228229380217,obse,cracker_scene1,1,old
1158,19.53352451324463,0.26887228229380217,obse,cracker_scene1,1,old
1159,19.5399112701416,0.26887228229380217,obse,cracker_scene1,1,old
1160,19.546390533447266,0.26887228229380217,obse,cracker_scene1,1,old
1161,19.552996397018433,0.26887228229380217,obse,cracker_scene1,1,old
1162,19.559682369232178,0.26887228229380217,obse,cracker_scene1,1,old
1163,19.566267490386963,0.26887228229380217,obse,cracker_scene1,1,old
1164,19.572914600372314,0.26887228229380217,obse,cracker_scene1,1,old
1165,19.579341173171997,0.26887228229380217,obse,cracker_scene1,1,old
1166,19.585835456848145,0.26887228229380217,obse,cracker_scene1,1,old
1167,19.5925452709198,0.26887228229380217,obse,cracker_scene1,1,old
1168,19.599029302597046,0.26887228229380217,obse,cracker_scene1,1,old
1169,19.605586767196655,0.26887228229380217,obse,cracker_scene1,1,old
1170,19.61211633682251,0.26887228229380217,obse,cracker_scene1,1,old
1171,19.618669748306274,0.26887228229380217,obse,cracker_scene1,1,old
1172,19.62533164024353,0.26887228229380217,obse,cracker_scene1,1,old
1173,19.63190531730652,0.26887228229380217,obse,cracker_scene1,1,old
1174,19.638487815856934,0.26887228229380217,obse,cracker_scene1,1,old
1175,19.645060539245605,0.26887228229380217,obse,cracker_scene1,1,old
1176,19.651741981506348,0.26887228229380217,obse,cracker_scene1,1,old
1177,19.658483505249023,0.26887228229380217,obse,cracker_scene1,1,old
1178,19.665051460266113,0.26887228229380217,obse,cracker_scene1,1,old
1179,19.671497583389282,0.26887228229380217,obse,cracker_scene1,1,old
1180,19.678106546401978,0.26887228229380217,obse,cracker_scene1,1,old
1181,19.68467354774475,0.26887228229380217,obse,cracker_scene1,1,old
1182,19.691488027572632,0.26887228229380217,obse,cracker_scene1,1,old
1183,19.69817590713501,0.26887228229380217,obse,cracker_scene1,1,old
1184,19.70736813545227,0.26887228229380217,obse,cracker_scene1,1,old
