0,0.0003025531768798828,0.3640248473107321,obse,soup_scene1,1,old
1,0.011774778366088867,0.349740419497811,obse,soup_scene1,1,old
2,0.04844927787780762,0.3391540791310415,obse,soup_scene1,1,old
3,0.0733327865600586,0.3426912535589466,obse,soup_scene1,1,old
4,0.12753868103027344,0.3456110638587819,obse,soup_scene1,1,old
5,0.16097092628479004,0.3566952487422628,obse,soup_scene1,1,old
6,0.1981959342956543,0.3850182429856178,obse,soup_scene1,1,old
7,0.2282545566558838,0.3881218385000352,obse,soup_scene1,1,old
8,0.23629498481750488,0.38889922996020104,obse,soup_scene1,1,old
9,0.2436211109161377,0.38889922996020104,obse,soup_scene1,1,old
10,0.25179505348205566,0.38785556753400835,obse,soup_scene1,1,old
11,0.2852802276611328,0.3978232755495396,obse,soup_scene1,1,old
12,0.3047637939453125,0.4023146634513705,obse,soup_scene1,1,old
13,0.32036852836608887,0.37797289809384704,obse,soup_scene1,1,old
14,0.3456685543060303,0.38272008344474984,obse,soup_scene1,1,old
15,0.3712303638458252,0.38458221741441745,obse,soup_scene1,1,old
16,0.3944687843322754,0.39918754072924434,obse,soup_scene1,1,old
17,0.43959617614746094,0.40376867632770247,obse,soup_scene1,1,old
18,0.457047700881958,0.37758600716366914,obse,soup_scene1,1,old
19,0.4844846725463867,0.3816720630041426,obse,soup_scene1,1,old
20,0.4919004440307617,0.3816720630041426,obse,soup_scene1,1,old
21,0.5155012607574463,0.3801615837222598,obse,soup_scene1,1,old
22,0.5237503051757812,0.37978312841275375,obse,soup_scene1,1,old
23,0.5478346347808838,0.38472551851945586,obse,soup_scene1,1,old
24,0.5638532638549805,0.38580947798590026,obse,soup_scene1,1,old
25,0.5847682952880859,0.40085355179684573,obse,soup_scene1,1,old
26,0.6167833805084229,0.4070601355847774,obse,soup_scene1,1,old
27,0.6249449253082275,0.4077975294816643,obse,soup_scene1,1,old
28,0.6445066928863525,0.40957880829325366,obse,soup_scene1,1,old
29,0.6652061939239502,0.41147436264729953,obse,soup_scene1,1,old
30,0.6796669960021973,0.41461382886621867,obse,soup_scene1,1,old
31,0.7004718780517578,0.4161629999846013,obse,soup_scene1,1,old
32,0.7327866554260254,0.4018023612777031,obse,soup_scene1,1,old
33,0.7569916248321533,0.4039583528591908,obse,soup_scene1,1,old
34,0.7808146476745605,0.34531053456016436,obse,soup_scene1,1,old
35,0.8071889877319336,0.34352206912804534,obse,soup_scene1,1,old
36,0.8588299751281738,0.3400086791459794,obse,soup_scene1,1,old
37,0.8880741596221924,0.3495523039088805,obse,soup_scene1,1,old
38,0.8993728160858154,0.3495523039088805,obse,soup_scene1,1,old
39,0.9110255241394043,0.3036411151591989,obse,soup_scene1,1,old
40,0.9297378063201904,0.3053300700622809,obse,soup_scene1,1,old
41,0.9959828853607178,0.32401518638976734,obse,soup_scene1,1,old
42,1.0417156219482422,0.3305910730056026,obse,soup_scene1,1,old
43,1.1087119579315186,0.35260354539544236,obse,soup_scene1,1,old
44,1.156529426574707,0.24180915056166263,obse,soup_scene1,1,old
45,1.1995959281921387,0.2226954465435953,obse,soup_scene1,1,old
46,1.2228820323944092,0.22481607777268048,obse,soup_scene1,1,old
47,1.2699003219604492,0.22417582307312248,obse,soup_scene1,1,old
48,1.2885410785675049,0.2301596454534476,obse,soup_scene1,1,old
49,1.3071014881134033,0.23016740648266953,obse,soup_scene1,1,old
50,1.323476791381836,0.2471857721688271,obse,soup_scene1,1,old
51,1.3578338623046875,0.25447889243051963,obse,soup_scene1,1,old
52,1.4169485569000244,0.28496395746322245,obse,soup_scene1,1,old
53,1.4245481491088867,0.286518260628726,obse,soup_scene1,1,old
54,1.450972557067871,0.2878565792537747,obse,soup_scene1,1,old
55,1.550001621246338,0.2804368444051484,obse,soup_scene1,1,old
56,1.6243467330932617,0.2667319454951471,obse,soup_scene1,1,old
57,1.651721477508545,0.26657537026224265,obse,soup_scene1,1,old
58,1.6718800067901611,0.24471132694396402,obse,soup_scene1,1,old
59,1.687516689300537,0.2447640214121325,obse,soup_scene1,1,old
60,1.7247889041900635,0.2890348133984544,obse,soup_scene1,1,old
61,1.7675435543060303,0.29100393958544507,obse,soup_scene1,1,old
62,1.7913081645965576,0.29740678580647323,obse,soup_scene1,1,old
63,1.8104236125946045,0.41162051609779926,obse,soup_scene1,1,old
64,1.8681237697601318,0.38244205244245455,obse,soup_scene1,1,old
65,1.8748106956481934,0.38244205244245455,obse,soup_scene1,1,old
66,1.9063122272491455,0.49265007916925635,obse,soup_scene1,1,old
67,1.9260427951812744,0.5026781876003684,obse,soup_scene1,1,old
68,1.9660289287567139,0.5121366754398716,obse,soup_scene1,1,old
69,1.9778108596801758,0.512731788703504,obse,soup_scene1,1,old
70,2.0087149143218994,0.512815253291515,obse,soup_scene1,1,old
71,2.0249829292297363,0.51299705203514,obse,soup_scene1,1,old
72,2.0646371841430664,0.5129297146241765,obse,soup_scene1,1,old
73,2.1337215900421143,0.5133219298520956,obse,soup_scene1,1,old
74,2.161219835281372,0.5133703068927704,obse,soup_scene1,1,old
75,2.207980155944824,0.5129868095785407,obse,soup_scene1,1,old
76,2.240211009979248,0.512862716788122,obse,soup_scene1,1,old
77,2.257117748260498,0.5132919053340566,obse,soup_scene1,1,old
78,2.276709794998169,0.5136550004960719,obse,soup_scene1,1,old
79,2.2872278690338135,0.5130510945125905,obse,soup_scene1,1,old
80,2.3157145977020264,0.513330127939189,obse,soup_scene1,1,old
81,2.3287487030029297,0.5133156138756684,obse,soup_scene1,1,old
82,2.348797559738159,0.5134177426756672,obse,soup_scene1,1,old
83,2.408437490463257,0.5137849957012448,obse,soup_scene1,1,old
84,2.4801673889160156,0.5278829416153288,obse,soup_scene1,1,old
85,2.495696783065796,0.5289259660752332,obse,soup_scene1,1,old
86,2.507826328277588,0.5208588356355912,obse,soup_scene1,1,old
87,2.551711320877075,0.5313781361336769,obse,soup_scene1,1,old
88,2.5881900787353516,0.5354177378138143,obse,soup_scene1,1,old
89,2.611327648162842,0.5354177378138143,obse,soup_scene1,1,old
90,2.651099681854248,0.54295693202375,obse,soup_scene1,1,old
91,2.690816640853882,0.54295693202375,obse,soup_scene1,1,old
92,2.725088119506836,0.5696439214821459,obse,soup_scene1,1,old
93,2.734029769897461,0.5728474139319545,obse,soup_scene1,1,old
94,2.8433642387390137,0.6163607489484211,obse,soup_scene1,1,old
95,2.8592264652252197,0.6246979973673803,obse,soup_scene1,1,old
96,2.9012789726257324,0.6490170794070068,obse,soup_scene1,1,old
97,2.9191269874572754,0.6596547076264974,obse,soup_scene1,1,old
98,2.9719600677490234,0.6876229804107272,obse,soup_scene1,1,old
99,2.983306884765625,0.6924433571173553,obse,soup_scene1,1,old
100,2.9933602809906006,0.6979329888366337,obse,soup_scene1,1,old
101,3.001692056655884,0.707936031392987,obse,soup_scene1,1,old
102,3.008984327316284,0.707523362097182,obse,soup_scene1,1,old
103,3.0239415168762207,0.7159118101128429,obse,soup_scene1,1,old
104,3.055413246154785,0.732528617223903,obse,soup_scene1,1,old
105,3.0727016925811768,0.741856982122183,obse,soup_scene1,1,old
106,3.0902774333953857,0.7510783713112492,obse,soup_scene1,1,old
107,3.1239895820617676,0.7677758924648618,obse,soup_scene1,1,old
108,3.1711580753326416,0.7776863201792409,obse,soup_scene1,1,old
109,3.2176895141601562,0.8041281691852071,obse,soup_scene1,1,old
110,3.271367073059082,0.8317039349381563,obse,soup_scene1,1,old
111,3.2873170375823975,0.8317039349381563,obse,soup_scene1,1,old
112,3.3006176948547363,0.835111862419954,obse,soup_scene1,1,old
113,3.312978506088257,0.8458520048279049,obse,soup_scene1,1,old
114,3.3516600131988525,0.857729684692562,obse,soup_scene1,1,old
115,3.374995231628418,0.857729684692562,obse,soup_scene1,1,old
116,3.3871023654937744,0.8725330027249442,obse,soup_scene1,1,old
117,3.404033660888672,0.8741796642041809,obse,soup_scene1,1,old
118,3.4352591037750244,0.8741796642041809,obse,soup_scene1,1,old
119,3.453230381011963,0.8872734393400038,obse,soup_scene1,1,old
120,3.4729037284851074,0.8979240455962533,obse,soup_scene1,1,old
121,3.522183418273926,0.9162541009807547,obse,soup_scene1,1,old
122,3.5633301734924316,0.9231441233434682,obse,soup_scene1,1,old
123,3.578458786010742,0.9265460251128448,obse,soup_scene1,1,old
124,3.5856716632843018,0.9269180623726007,obse,soup_scene1,1,old
125,3.6181833744049072,0.9406382858479032,obse,soup_scene1,1,old
126,3.68060564994812,0.9697135790311024,obse,soup_scene1,1,old
127,3.691932439804077,0.9758156133769649,obse,soup_scene1,1,old
128,3.7220115661621094,0.9870484379448696,obse,soup_scene1,1,old
129,3.734032392501831,0.9911870125738219,obse,soup_scene1,1,old
130,3.7531862258911133,0.9980351541697684,obse,soup_scene1,1,old
131,3.7763776779174805,1.003264806773286,obse,soup_scene1,1,old
132,3.7832560539245605,1.003264806773286,obse,soup_scene1,1,old
133,3.8229944705963135,1.0152775914259913,obse,soup_scene1,1,old
134,3.834263801574707,1.0196877931934512,obse,soup_scene1,1,old
135,3.862788438796997,1.0295431886240758,obse,soup_scene1,1,old
136,3.8820865154266357,1.034539171838392,obse,soup_scene1,1,old
137,3.89835262298584,1.0439877450272406,obse,soup_scene1,1,old
138,3.9063024520874023,1.047363196229624,obse,soup_scene1,1,old
139,3.934619903564453,1.0567835691990455,obse,soup_scene1,1,old
140,3.950599431991577,1.0606104551058124,obse,soup_scene1,1,old
141,3.968430519104004,1.0667181827144636,obse,soup_scene1,1,old
142,4.0041184425354,1.0667181827144636,obse,soup_scene1,1,old
143,4.020232915878296,1.0757473490074099,obse,soup_scene1,1,old
144,4.054941654205322,1.0803648140932016,obse,soup_scene1,1,old
145,4.063256740570068,1.0841239986430626,obse,soup_scene1,1,old
146,4.096249341964722,1.090962996718547,obse,soup_scene1,1,old
147,4.111491680145264,1.0952452936958983,obse,soup_scene1,1,old
148,4.126453161239624,1.095826061940409,obse,soup_scene1,1,old
149,4.18009090423584,1.1077406021051852,obse,soup_scene1,1,old
150,4.207696437835693,1.1127495969356946,obse,soup_scene1,1,old
151,4.243008375167847,1.1138075757917538,obse,soup_scene1,1,old
152,4.250175476074219,1.1185614526770034,obse,soup_scene1,1,old
153,4.310423135757446,1.1266048295965525,obse,soup_scene1,1,old
154,4.321935653686523,1.1266048295965525,obse,soup_scene1,1,old
155,4.32952094078064,1.1289325199493778,obse,soup_scene1,1,old
156,4.342191457748413,1.1289325199493778,obse,soup_scene1,1,old
157,4.372780799865723,1.1320517096777112,obse,soup_scene1,1,old
158,4.4073662757873535,1.1326265479839084,obse,soup_scene1,1,old
159,4.449676275253296,1.134177450302806,obse,soup_scene1,1,old
160,4.464951753616333,1.1469494203893889,obse,soup_scene1,1,old
161,4.4884233474731445,1.1469327778660052,obse,soup_scene1,1,old
162,4.511968612670898,1.1471825616480367,obse,soup_scene1,1,old
163,4.519001245498657,1.1471058942724675,obse,soup_scene1,1,old
164,4.563900470733643,1.1472036544293915,obse,soup_scene1,1,old
165,4.654828071594238,1.1474880939880474,obse,soup_scene1,1,old
166,4.694139719009399,1.1473163086690756,obse,soup_scene1,1,old
167,4.7408447265625,1.1608971530882244,obse,soup_scene1,1,old
168,4.764976978302002,1.173388255954649,obse,soup_scene1,1,old
169,4.773615598678589,1.173388255954649,obse,soup_scene1,1,old
170,4.814048528671265,1.1914907721045336,obse,soup_scene1,1,old
171,4.837277412414551,1.1909338400107934,obse,soup_scene1,1,old
172,4.860576868057251,1.190984415411455,obse,soup_scene1,1,old
173,4.883119583129883,1.1925013246923102,obse,soup_scene1,1,old
174,4.905898094177246,1.1800153117152432,obse,soup_scene1,1,old
175,4.926561117172241,1.1819831150667206,obse,soup_scene1,1,old
176,4.940478086471558,1.1819831150667206,obse,soup_scene1,1,old
177,4.972515821456909,1.1831809447065709,obse,soup_scene1,1,old
178,4.98449444770813,1.1831110380272771,obse,soup_scene1,1,old
179,5.011823654174805,1.1859668338430946,obse,soup_scene1,1,old
180,5.044623374938965,1.187188589289251,obse,soup_scene1,1,old
181,5.099064826965332,1.1878930748376013,obse,soup_scene1,1,old
182,5.146109580993652,1.188766749981763,obse,soup_scene1,1,old
183,5.173786640167236,1.2139562858144255,obse,soup_scene1,1,old
184,5.220059871673584,1.1895100028243744,obse,soup_scene1,1,old
185,5.263035297393799,1.190104977491465,obse,soup_scene1,1,old
186,5.32293438911438,1.2072478613355424,obse,soup_scene1,1,old
187,5.354333162307739,1.192487996899249,obse,soup_scene1,1,old
188,5.3794474601745605,1.192487996899249,obse,soup_scene1,1,old
189,5.402557611465454,1.1956179316866666,obse,soup_scene1,1,old
190,5.471333026885986,1.1924564777796227,obse,soup_scene1,1,old
191,5.486220598220825,1.1924063875105502,obse,soup_scene1,1,old
192,5.514010190963745,1.1938647462952467,obse,soup_scene1,1,old
193,5.524694919586182,1.194637126029032,obse,soup_scene1,1,old
194,5.5595879554748535,1.193164364579695,obse,soup_scene1,1,old
195,5.569950819015503,1.1928283301239593,obse,soup_scene1,1,old
196,5.665909051895142,1.1948778661345962,obse,soup_scene1,1,old
197,5.722851276397705,1.195084601183187,obse,soup_scene1,1,old
198,5.766835451126099,1.192681409250213,obse,soup_scene1,1,old
199,5.782508850097656,1.1929949605645553,obse,soup_scene1,1,old
200,5.802245855331421,1.1929664278919625,obse,soup_scene1,1,old
201,5.809347867965698,1.1929664278919625,obse,soup_scene1,1,old
202,5.8299784660339355,1.1936260226708149,obse,soup_scene1,1,old
203,5.847582101821899,1.1940796681575228,obse,soup_scene1,1,old
204,5.862917184829712,1.194089982324455,obse,soup_scene1,1,old
205,5.870149374008179,1.1945697576209446,obse,soup_scene1,1,old
206,5.880986213684082,1.1921102438053672,obse,soup_scene1,1,old
207,5.8925721645355225,1.1946727101533436,obse,soup_scene1,1,old
208,5.932047367095947,1.1920078595662285,obse,soup_scene1,1,old
209,5.944026947021484,1.1920078595662285,obse,soup_scene1,1,old
210,5.965937614440918,1.1920078595662285,obse,soup_scene1,1,old
211,6.016613245010376,1.194092507536774,obse,soup_scene1,1,old
212,6.053223133087158,1.193878742945736,obse,soup_scene1,1,old
213,6.104748725891113,1.1934587951045965,obse,soup_scene1,1,old
214,6.130544662475586,1.1937070903266733,obse,soup_scene1,1,old
215,6.149389743804932,1.193730037755364,obse,soup_scene1,1,old
216,6.203609228134155,1.1949975303646294,obse,soup_scene1,1,old
217,6.212749719619751,1.1934241017751868,obse,soup_scene1,1,old
218,6.222139596939087,1.193685344177752,obse,soup_scene1,1,old
219,6.230576515197754,1.19377605788119,obse,soup_scene1,1,old
220,6.2381675243377686,1.193773825937197,obse,soup_scene1,1,old
221,6.245718479156494,1.1938540012061936,obse,soup_scene1,1,old
222,6.257988691329956,1.194188307539079,obse,soup_scene1,1,old
223,6.2661027908325195,1.1936726407984573,obse,soup_scene1,1,old
224,6.273763418197632,1.1935789547073405,obse,soup_scene1,1,old
225,6.281832218170166,1.1926033721886884,obse,soup_scene1,1,old
226,6.290130853652954,1.1928352596058116,obse,soup_scene1,1,old
227,6.302511930465698,1.1939186363253356,obse,soup_scene1,1,old
228,6.311170339584351,1.1931288313459238,obse,soup_scene1,1,old
229,6.318974494934082,1.1943094676701485,obse,soup_scene1,1,old
230,6.32604455947876,1.1937939866591358,obse,soup_scene1,1,old
231,6.33282470703125,1.1931830003256267,obse,soup_scene1,1,old
232,6.340179204940796,1.1935935461494753,obse,soup_scene1,1,old
233,6.347679376602173,1.193705411877995,obse,soup_scene1,1,old
234,6.355461359024048,1.1934692469030688,obse,soup_scene1,1,old
235,6.364309072494507,1.193629855766878,obse,soup_scene1,1,old
236,6.372447490692139,1.193671138077634,obse,soup_scene1,1,old
237,6.380519151687622,1.1935979458292776,obse,soup_scene1,1,old
238,6.388049125671387,1.193274616764826,obse,soup_scene1,1,old
239,6.3963844776153564,1.1944120444944952,obse,soup_scene1,1,old
240,6.403868675231934,1.194310069167904,obse,soup_scene1,1,old
241,6.412227630615234,1.1934133401504377,obse,soup_scene1,1,old
242,6.419589996337891,1.1946094854999991,obse,soup_scene1,1,old
243,6.426949977874756,1.193792553207066,obse,soup_scene1,1,old
244,6.433882474899292,1.193792553207066,obse,soup_scene1,1,old
245,6.4411351680755615,1.1943888639984486,obse,soup_scene1,1,old
246,6.446657657623291,1.1943888639984486,obse,soup_scene1,1,old
247,6.452971696853638,1.1943924512624193,obse,soup_scene1,1,old
248,6.459050416946411,1.1943924512624193,obse,soup_scene1,1,old
249,6.464716196060181,1.1943924512624193,obse,soup_scene1,1,old
250,6.472036361694336,1.1937773359128643,obse,soup_scene1,1,old
251,6.4787609577178955,1.1935030954300645,obse,soup_scene1,1,old
252,6.483915328979492,1.1935030954300645,obse,soup_scene1,1,old
253,6.4887871742248535,1.1935030954300645,obse,soup_scene1,1,old
254,6.4940221309661865,1.1945082349350038,obse,soup_scene1,1,old
255,6.498700380325317,1.1939237468166817,obse,soup_scene1,1,old
256,6.503969669342041,1.1935765237190277,obse,soup_scene1,1,old
257,6.508630752563477,1.1936046768102277,obse,soup_scene1,1,old
258,6.51319694519043,1.1943871210988788,obse,soup_scene1,1,old
259,6.517518997192383,1.1943871210988788,obse,soup_scene1,1,old
260,6.522894382476807,1.1936368624197387,obse,soup_scene1,1,old
261,6.52795672416687,1.1936021458517232,obse,soup_scene1,1,old
262,6.532761812210083,1.1936021458517232,obse,soup_scene1,1,old
263,6.537921667098999,1.1940677690542836,obse,soup_scene1,1,old
264,6.542365074157715,1.1940677690542836,obse,soup_scene1,1,old
265,6.547275543212891,1.1932248098259155,obse,soup_scene1,1,old
266,6.5523951053619385,1.193985232139918,obse,soup_scene1,1,old
267,6.556868314743042,1.193985232139918,obse,soup_scene1,1,old
268,6.561936140060425,1.1935933039511877,obse,soup_scene1,1,old
269,6.5665061473846436,1.1935933039511877,obse,soup_scene1,1,old
270,6.571359634399414,1.1931592223599405,obse,soup_scene1,1,old
271,6.576586961746216,1.1935409722345742,obse,soup_scene1,1,old
272,6.581542253494263,1.1935409722345742,obse,soup_scene1,1,old
273,6.586349964141846,1.1936751641397345,obse,soup_scene1,1,old
274,6.591097116470337,1.1936751641397345,obse,soup_scene1,1,old
275,6.596054553985596,1.1935993803050364,obse,soup_scene1,1,old
276,6.601182222366333,1.1936076481223774,obse,soup_scene1,1,old
277,6.606313705444336,1.1936076481223774,obse,soup_scene1,1,old
278,6.611160039901733,1.193612730008579,obse,soup_scene1,1,old
279,6.615570545196533,1.193612730008579,obse,soup_scene1,1,old
280,6.620450973510742,1.1937327566451026,obse,soup_scene1,1,old
281,6.624611854553223,1.1937327566451026,obse,soup_scene1,1,old
282,6.62939715385437,1.1937327566451026,obse,soup_scene1,1,old
283,6.633812189102173,1.193564936000084,obse,soup_scene1,1,old
284,6.638239145278931,1.1937603112549768,obse,soup_scene1,1,old
285,6.64249324798584,1.1937918576131061,obse,soup_scene1,1,old
286,6.646933078765869,1.1938355892680022,obse,soup_scene1,1,old
287,6.653822422027588,1.1938973500765466,obse,soup_scene1,1,old
288,6.660802602767944,1.1935684691651596,obse,soup_scene1,1,old
289,6.668893575668335,1.1939040827623844,obse,soup_scene1,1,old
290,6.676661729812622,1.1938819392028115,obse,soup_scene1,1,old
291,6.685213088989258,1.194787557646938,obse,soup_scene1,1,old
292,6.693971633911133,1.1947915283988808,obse,soup_scene1,1,old
293,6.7019312381744385,1.1947915283988808,obse,soup_scene1,1,old
294,6.7103471755981445,1.1953006229152825,obse,soup_scene1,1,old
295,6.718354940414429,1.1950807490892088,obse,soup_scene1,1,old
296,6.723113536834717,1.1950807490892088,obse,soup_scene1,1,old
297,6.729504823684692,1.1956204596535402,obse,soup_scene1,1,old
298,6.737302541732788,1.196192400076209,obse,soup_scene1,1,old
299,6.744078636169434,1.196192400076209,obse,soup_scene1,1,old
300,6.749880075454712,1.1956129855399713,obse,soup_scene1,1,old
301,6.754392385482788,1.1956129855399713,obse,soup_scene1,1,old
302,6.759303092956543,1.1961833271148092,obse,soup_scene1,1,old
303,6.763758182525635,1.195838222492561,obse,soup_scene1,1,old
304,6.768221855163574,1.195838222492561,obse,soup_scene1,1,old
305,6.773260593414307,1.1960329880855458,obse,soup_scene1,1,old
306,6.7778401374816895,1.1963765542065894,obse,soup_scene1,1,old
307,6.782524108886719,1.1963765542065894,obse,soup_scene1,1,old
308,6.787258625030518,1.1965817119839923,obse,soup_scene1,1,old
309,6.7918407917022705,1.1965817119839923,obse,soup_scene1,1,old
310,6.796651840209961,1.1966114094304217,obse,soup_scene1,1,old
311,6.801606893539429,1.1974019807975584,obse,soup_scene1,1,old
312,6.805820941925049,1.1974019807975584,obse,soup_scene1,1,old
313,6.810221910476685,1.1982369166866658,obse,soup_scene1,1,old
314,6.814382314682007,1.1982369166866658,obse,soup_scene1,1,old
315,6.81893515586853,1.1987088698254615,obse,soup_scene1,1,old
316,6.823261976242065,1.1987088698254615,obse,soup_scene1,1,old
317,6.827850103378296,1.2012048919815155,obse,soup_scene1,1,old
318,6.832019567489624,1.2012048919815155,obse,soup_scene1,1,old
319,6.836615085601807,1.2018537693379696,obse,soup_scene1,1,old
320,6.840710639953613,1.2018537693379696,obse,soup_scene1,1,old
321,6.845185995101929,1.202029464882406,obse,soup_scene1,1,old
322,6.8493781089782715,1.202029464882406,obse,soup_scene1,1,old
323,6.85394287109375,1.2010128126720683,obse,soup_scene1,1,old
324,6.858048677444458,1.2010128126720683,obse,soup_scene1,1,old
325,6.8627777099609375,1.2013971657816678,obse,soup_scene1,1,old
326,6.867058992385864,1.2013971657816678,obse,soup_scene1,1,old
327,6.8711700439453125,1.2013971657816678,obse,soup_scene1,1,old
328,6.875441789627075,1.2009869786899048,obse,soup_scene1,1,old
329,6.879831314086914,1.2013031823156157,obse,soup_scene1,1,old
330,6.884181261062622,1.2017585185427189,obse,soup_scene1,1,old
331,6.888559341430664,1.2032841465482607,obse,soup_scene1,1,old
332,6.892665386199951,1.2032841465482607,obse,soup_scene1,1,old
333,6.8969457149505615,1.2040679053301173,obse,soup_scene1,1,old
334,6.901734113693237,1.2045179784547302,obse,soup_scene1,1,old
335,6.905820369720459,1.2045179784547302,obse,soup_scene1,1,old
336,6.9100682735443115,1.2045179784547302,obse,soup_scene1,1,old
337,6.9145426750183105,1.2045179784547302,obse,soup_scene1,1,old
338,6.918705701828003,1.2060697794868507,obse,soup_scene1,1,old
339,6.9230358600616455,1.2067683629817647,obse,soup_scene1,1,old
340,6.92758321762085,1.2058173193798196,obse,soup_scene1,1,old
341,6.932269811630249,1.2058173193798196,obse,soup_scene1,1,old
342,6.9368603229522705,1.2058173193798196,obse,soup_scene1,1,old
343,6.94173264503479,1.2073440982721708,obse,soup_scene1,1,old
344,6.946501970291138,1.206905486167122,obse,soup_scene1,1,old
345,6.950820684432983,1.206905486167122,obse,soup_scene1,1,old
346,6.955246210098267,1.206905486167122,obse,soup_scene1,1,old
347,6.960112810134888,1.2080736004962176,obse,soup_scene1,1,old
348,6.964693069458008,1.208137354297655,obse,soup_scene1,1,old
349,6.969975709915161,1.2090128452808724,obse,soup_scene1,1,old
350,6.974717617034912,1.210354342894254,obse,soup_scene1,1,old
351,6.97933292388916,1.210354342894254,obse,soup_scene1,1,old
352,6.983931541442871,1.210326495428793,obse,soup_scene1,1,old
353,6.988747835159302,1.2099857655857746,obse,soup_scene1,1,old
354,6.99329948425293,1.2099857655857746,obse,soup_scene1,1,old
355,6.997732639312744,1.2099857655857746,obse,soup_scene1,1,old
356,7.003567218780518,1.2103041580235745,obse,soup_scene1,1,old
357,7.0107102394104,1.2103041580235745,obse,soup_scene1,1,old
358,7.018093824386597,1.2108564187282669,obse,soup_scene1,1,old
359,7.02293586730957,1.2112122055596704,obse,soup_scene1,1,old
360,7.0274658203125,1.2112467636917732,obse,soup_scene1,1,old
361,7.031888484954834,1.2112467636917732,obse,soup_scene1,1,old
362,7.036433696746826,1.212164085167189,obse,soup_scene1,1,old
363,7.04182243347168,1.2117624876493223,obse,soup_scene1,1,old
364,7.047977447509766,1.2130987385674563,obse,soup_scene1,1,old
365,7.052472352981567,1.2130987385674563,obse,soup_scene1,1,old
366,7.056732416152954,1.2130987385674563,obse,soup_scene1,1,old
367,7.062408447265625,1.2130987385674563,obse,soup_scene1,1,old
368,7.069016218185425,1.2130987385674563,obse,soup_scene1,1,old
369,7.076310157775879,1.2151981345325793,obse,soup_scene1,1,old
370,7.082803726196289,1.2152977614533937,obse,soup_scene1,1,old
371,7.089206695556641,1.2161833015121017,obse,soup_scene1,1,old
372,7.09497857093811,1.2161833015121017,obse,soup_scene1,1,old
373,7.101745128631592,1.2181633750971002,obse,soup_scene1,1,old
374,7.108952045440674,1.2192830555273992,obse,soup_scene1,1,old
375,7.117673397064209,1.2184984843200013,obse,soup_scene1,1,old
376,7.12613582611084,1.2183974523790975,obse,soup_scene1,1,old
377,7.134413957595825,1.2189082288486968,obse,soup_scene1,1,old
378,7.141871929168701,1.2219154748538072,obse,soup_scene1,1,old
379,7.1492919921875,1.2213833084592358,obse,soup_scene1,1,old
380,7.157336473464966,1.222003402228992,obse,soup_scene1,1,old
381,7.165137767791748,1.222129239370927,obse,soup_scene1,1,old
382,7.17202353477478,1.2223680953346312,obse,soup_scene1,1,old
383,7.178072690963745,1.2223591153236761,obse,soup_scene1,1,old
384,7.184360504150391,1.2233400911329364,obse,soup_scene1,1,old
385,7.190684795379639,1.2233400911329364,obse,soup_scene1,1,old
386,7.197077035903931,1.2247365541652102,obse,soup_scene1,1,old
387,7.2032575607299805,1.225005144021323,obse,soup_scene1,1,old
388,7.209466934204102,1.225005144021323,obse,soup_scene1,1,old
389,7.216466188430786,1.2271853027383437,obse,soup_scene1,1,old
390,7.223339319229126,1.2277077503497662,obse,soup_scene1,1,old
391,7.230194330215454,1.2263305900795645,obse,soup_scene1,1,old
392,7.237653732299805,1.226983208709362,obse,soup_scene1,1,old
393,7.2449846267700195,1.2288044842244663,obse,soup_scene1,1,old
394,7.252060174942017,1.231446250738275,obse,soup_scene1,1,old
395,7.259019613265991,1.2342217984198334,obse,soup_scene1,1,old
396,7.2660298347473145,1.2342217984198334,obse,soup_scene1,1,old
397,7.273717164993286,1.2342981061659937,obse,soup_scene1,1,old
398,7.2811970710754395,1.233496406491487,obse,soup_scene1,1,old
399,7.288150072097778,1.233626046792949,obse,soup_scene1,1,old
400,7.294576168060303,1.2356732508457908,obse,soup_scene1,1,old
401,7.300926208496094,1.2352968238536421,obse,soup_scene1,1,old
402,7.307316303253174,1.235247162280745,obse,soup_scene1,1,old
403,7.314393997192383,1.2346652956996942,obse,soup_scene1,1,old
404,7.321590185165405,1.2346244963242439,obse,soup_scene1,1,old
405,7.3294291496276855,1.2364006045902545,obse,soup_scene1,1,old
406,7.337466239929199,1.2364006045902545,obse,soup_scene1,1,old
407,7.344519376754761,1.2372442640156895,obse,soup_scene1,1,old
408,7.351370573043823,1.2380961256065133,obse,soup_scene1,1,old
409,7.357832908630371,1.237838013175482,obse,soup_scene1,1,old
410,7.367041110992432,1.2380289448155013,obse,soup_scene1,1,old
411,7.375617265701294,1.2375242309254724,obse,soup_scene1,1,old
412,7.388164758682251,1.2378054182175737,obse,soup_scene1,1,old
413,7.4028096199035645,1.2404514180044293,obse,soup_scene1,1,old
414,7.414297103881836,1.240418148196311,obse,soup_scene1,1,old
415,7.42465877532959,1.2395399740646937,obse,soup_scene1,1,old
416,7.433666467666626,1.2394821964790739,obse,soup_scene1,1,old
417,7.45040488243103,1.2407175709083103,obse,soup_scene1,1,old
418,7.460223197937012,1.2404352775200567,obse,soup_scene1,1,old
419,7.468857526779175,1.2406297415129002,obse,soup_scene1,1,old
420,7.477153301239014,1.2421581839293805,obse,soup_scene1,1,old
421,7.485106468200684,1.2444519469547208,obse,soup_scene1,1,old
422,7.499591827392578,1.2457425382699323,obse,soup_scene1,1,old
423,7.513929605484009,1.2459450051157956,obse,soup_scene1,1,old
424,7.521606206893921,1.2461989502669202,obse,soup_scene1,1,old
425,7.530313968658447,1.2489258649405093,obse,soup_scene1,1,old
426,7.555354356765747,1.249592015994141,obse,soup_scene1,1,old
427,7.5979931354522705,1.2480302789746502,obse,soup_scene1,1,old
428,7.641719818115234,1.2529856355735562,obse,soup_scene1,1,old
429,7.680167198181152,1.2525776991910602,obse,soup_scene1,1,old
430,7.694191932678223,1.2538768322391667,obse,soup_scene1,1,old
431,7.771875858306885,1.2567689081409554,obse,soup_scene1,1,old
432,7.782869815826416,1.2567689081409554,obse,soup_scene1,1,old
433,7.844013452529907,1.2562625697434977,obse,soup_scene1,1,old
434,7.887022495269775,1.2591207998526777,obse,soup_scene1,1,old
435,7.919017791748047,1.2577948266569137,obse,soup_scene1,1,old
436,7.980427026748657,1.2626351991130333,obse,soup_scene1,1,old
437,8.026861906051636,1.2640146943179098,obse,soup_scene1,1,old
438,8.070975542068481,1.264963018033096,obse,soup_scene1,1,old
439,8.119951963424683,1.2697729986362962,obse,soup_scene1,1,old
440,8.298929214477539,1.2697870423124282,obse,soup_scene1,1,old
441,8.3390052318573,1.26973013571129,obse,soup_scene1,1,old
442,8.365397930145264,1.269213978822695,obse,soup_scene1,1,old
443,8.449833393096924,1.2719584578123828,obse,soup_scene1,1,old
444,8.506539344787598,1.2712786578899358,obse,soup_scene1,1,old
445,8.607011795043945,1.2705428453225918,obse,soup_scene1,1,old
446,8.630360841751099,1.272318662656433,obse,soup_scene1,1,old
447,8.653394937515259,1.2709527569760148,obse,soup_scene1,1,old
448,8.696159362792969,1.2702655692045774,obse,soup_scene1,1,old
449,8.703245162963867,1.2702655692045774,obse,soup_scene1,1,old
450,8.722257137298584,1.2708643178280445,obse,soup_scene1,1,old
451,8.735366821289062,1.2700745500384674,obse,soup_scene1,1,old
452,8.765501499176025,1.273179589555563,obse,soup_scene1,1,old
453,8.776557922363281,1.273179589555563,obse,soup_scene1,1,old
454,8.811576843261719,1.2692498925517544,obse,soup_scene1,1,old
455,8.839169025421143,1.2721773111588919,obse,soup_scene1,1,old
456,8.86056661605835,1.2748960013603512,obse,soup_scene1,1,old
457,8.874941110610962,1.2748960013603512,obse,soup_scene1,1,old
458,8.890312910079956,1.2699934915148419,obse,soup_scene1,1,old
459,8.89702582359314,1.2699934915148419,obse,soup_scene1,1,old
460,8.919175386428833,1.2738054961315983,obse,soup_scene1,1,old
461,8.983286142349243,1.270684124411261,obse,soup_scene1,1,old
462,9.001973152160645,1.2755154660246082,obse,soup_scene1,1,old
463,9.020390748977661,1.2763506496466233,obse,soup_scene1,1,old
464,9.027281045913696,1.2763506496466233,obse,soup_scene1,1,old
465,9.042787075042725,1.2736919224472794,obse,soup_scene1,1,old
466,9.072580337524414,1.2763392841709742,obse,soup_scene1,1,old
467,9.110088586807251,1.2730879166876319,obse,soup_scene1,1,old
468,9.164625883102417,1.2774428533235724,obse,soup_scene1,1,old
469,9.184554815292358,1.2712495100255403,obse,soup_scene1,1,old
470,9.22321629524231,1.2720340636014957,obse,soup_scene1,1,old
471,9.247523546218872,1.275358378644721,obse,soup_scene1,1,old
472,9.25989031791687,1.2692130035320661,obse,soup_scene1,1,old
473,9.275092840194702,1.2721851531497212,obse,soup_scene1,1,old
474,9.316444396972656,1.2732329826896747,obse,soup_scene1,1,old
475,9.33501386642456,1.2727127678153416,obse,soup_scene1,1,old
476,9.36227536201477,1.266337912669556,obse,soup_scene1,1,old
477,9.423322916030884,1.2671910598077463,obse,soup_scene1,1,old
478,9.464246988296509,1.2671036086647536,obse,soup_scene1,1,old
479,9.483341217041016,1.2672180380004774,obse,soup_scene1,1,old
480,9.518871307373047,1.2668295307526238,obse,soup_scene1,1,old
481,9.550714492797852,1.2687860501132855,obse,soup_scene1,1,old
482,9.566814422607422,1.2688265712483793,obse,soup_scene1,1,old
483,9.589551210403442,1.2653086698962484,obse,soup_scene1,1,old
484,9.639183282852173,1.2669413644822949,obse,soup_scene1,1,old
485,9.65012502670288,1.2656121831096507,obse,soup_scene1,1,old
486,9.700930833816528,1.2618492903391554,obse,soup_scene1,1,old
487,9.763022422790527,1.259555472300578,obse,soup_scene1,1,old
488,9.826983213424683,1.261592192975125,obse,soup_scene1,1,old
489,9.979404211044312,1.2561827786141089,obse,soup_scene1,1,old
490,10.027273654937744,1.2531460413770332,obse,soup_scene1,1,old
491,10.034470558166504,1.250084952619355,obse,soup_scene1,1,old
492,10.207111597061157,1.2445906717073618,obse,soup_scene1,1,old
493,10.333597183227539,1.2400365412990186,obse,soup_scene1,1,old
494,10.348597526550293,1.2374390818871888,obse,soup_scene1,1,old
495,10.387205839157104,1.2351058684886789,obse,soup_scene1,1,old
496,10.480753898620605,1.2314742789160056,obse,soup_scene1,1,old
497,10.568277835845947,1.2306118471882201,obse,soup_scene1,1,old
498,10.644266605377197,1.2303919179741958,obse,soup_scene1,1,old
499,10.722902297973633,1.2301533613006082,obse,soup_scene1,1,old
500,10.80333948135376,1.2299099115733592,obse,soup_scene1,1,old
501,10.854992866516113,1.2302895678874666,obse,soup_scene1,1,old
502,10.862406730651855,1.2302895678874666,obse,soup_scene1,1,old
503,10.88972020149231,1.2302010898208013,obse,soup_scene1,1,old
504,10.948245763778687,1.2302010898208013,obse,soup_scene1,1,old
505,10.97222900390625,1.230174999729924,obse,soup_scene1,1,old
506,11.019017457962036,1.2304166640306933,obse,soup_scene1,1,old
507,11.026761531829834,1.230756039045012,obse,soup_scene1,1,old
508,11.049521207809448,1.230756039045012,obse,soup_scene1,1,old
509,11.08332109451294,1.2308574863655277,obse,soup_scene1,1,old
510,11.115299940109253,1.2319493770540093,obse,soup_scene1,1,old
511,11.130759954452515,1.2330669661770177,obse,soup_scene1,1,old
512,11.162181615829468,1.2361028923689155,obse,soup_scene1,1,old
513,11.169200897216797,1.2357894553879063,obse,soup_scene1,1,old
514,11.227089166641235,1.2357377297652303,obse,soup_scene1,1,old
515,11.272249698638916,1.2400911484019135,obse,soup_scene1,1,old
516,11.297301530838013,1.2408062124225634,obse,soup_scene1,1,old
517,11.321677923202515,1.2407596684174438,obse,soup_scene1,1,old
518,11.351171493530273,1.2461269563867963,obse,soup_scene1,1,old
519,11.399345397949219,1.2492275084037674,obse,soup_scene1,1,old
520,11.439339399337769,1.2479847174442236,obse,soup_scene1,1,old
521,11.531147480010986,1.2508370164753697,obse,soup_scene1,1,old
522,11.581567764282227,1.25139101034097,obse,soup_scene1,1,old
523,11.64313793182373,1.252583100870947,obse,soup_scene1,1,old
524,11.65314245223999,1.2559194477862856,obse,soup_scene1,1,old
525,11.727069616317749,1.259443166590456,obse,soup_scene1,1,old
526,11.733974933624268,1.259443166590456,obse,soup_scene1,1,old
527,11.749505519866943,1.259443166590456,obse,soup_scene1,1,old
528,11.783213376998901,1.259443166590456,obse,soup_scene1,1,old
529,11.790239572525024,1.2628764087592417,obse,soup_scene1,1,old
530,11.857674598693848,1.2643040172887166,obse,soup_scene1,1,old
531,11.889613389968872,1.2671112344225095,obse,soup_scene1,1,old
532,11.975274801254272,1.2708684551622047,obse,soup_scene1,1,old
533,12.038553476333618,1.2744868773697993,obse,soup_scene1,1,old
534,12.07503342628479,1.272069679727996,obse,soup_scene1,1,old
535,12.134226560592651,1.2763488448982718,obse,soup_scene1,1,old
536,12.176357984542847,1.2759195152101126,obse,soup_scene1,1,old
537,12.208702087402344,1.2754330634302147,obse,soup_scene1,1,old
538,12.219999313354492,1.2751417341140576,obse,soup_scene1,1,old
539,12.233174800872803,1.2750684807762802,obse,soup_scene1,1,old
540,12.250077486038208,1.2743682452391891,obse,soup_scene1,1,old
541,12.30358338356018,1.274436375640092,obse,soup_scene1,1,old
542,12.34311556816101,1.275947061582949,obse,soup_scene1,1,old
543,12.355181694030762,1.2752699779102352,obse,soup_scene1,1,old
544,12.389559984207153,1.276259507904393,obse,soup_scene1,1,old
545,12.419241189956665,1.276259507904393,obse,soup_scene1,1,old
546,12.432236433029175,1.2777745282433877,obse,soup_scene1,1,old
547,12.501084566116333,1.279953296156879,obse,soup_scene1,1,old
548,12.518387794494629,1.2827843155842134,obse,soup_scene1,1,old
549,12.553699731826782,1.2859381128356502,obse,soup_scene1,1,old
550,12.578609704971313,1.28623999247282,obse,soup_scene1,1,old
551,12.594227075576782,1.2848964853706106,obse,soup_scene1,1,old
552,12.610398292541504,1.2842349643479856,obse,soup_scene1,1,old
553,12.63085675239563,1.2855946713957034,obse,soup_scene1,1,old
554,12.651488542556763,1.285581658930197,obse,soup_scene1,1,old
555,12.6664400100708,1.2854240245059896,obse,soup_scene1,1,old
556,12.730013847351074,1.2855170606424948,obse,soup_scene1,1,old
557,12.824178695678711,1.2861730613517475,obse,soup_scene1,1,old
558,12.844236373901367,1.2861730613517475,obse,soup_scene1,1,old
559,12.885712385177612,1.2877103334277442,obse,soup_scene1,1,old
560,12.961922645568848,1.2891421713276758,obse,soup_scene1,1,old
561,12.988463878631592,1.2890736853740263,obse,soup_scene1,1,old
562,12.996521949768066,1.2890958056511668,obse,soup_scene1,1,old
563,13.01037335395813,1.2890461887133902,obse,soup_scene1,1,old
564,13.041386127471924,1.289106927429491,obse,soup_scene1,1,old
565,13.100193738937378,1.2871257820720332,obse,soup_scene1,1,old
566,13.112375974655151,1.2831522219467746,obse,soup_scene1,1,old
567,13.124218940734863,1.2831522219467746,obse,soup_scene1,1,old
568,13.141486406326294,1.2833485879006659,obse,soup_scene1,1,old
569,13.152635097503662,1.2833485879006659,obse,soup_scene1,1,old
570,13.168201208114624,1.2833485879006659,obse,soup_scene1,1,old
571,13.21176266670227,1.283379766255232,obse,soup_scene1,1,old
572,13.239142179489136,1.283379766255232,obse,soup_scene1,1,old
573,13.253528118133545,1.2864052519771165,obse,soup_scene1,1,old
574,13.263870000839233,1.2864052519771165,obse,soup_scene1,1,old
575,13.270934820175171,1.2864052519771165,obse,soup_scene1,1,old
576,13.316143274307251,1.2864052519771165,obse,soup_scene1,1,old
577,13.372076034545898,1.2840954493079941,obse,soup_scene1,1,old
578,13.385031461715698,1.2840954493079941,obse,soup_scene1,1,old
579,13.4246826171875,1.2832364538691954,obse,soup_scene1,1,old
580,13.439687013626099,1.2832364538691954,obse,soup_scene1,1,old
581,13.493065118789673,1.2849376601237852,obse,soup_scene1,1,old
582,13.510658025741577,1.2853987336255934,obse,soup_scene1,1,old
583,13.53937029838562,1.2840012947862205,obse,soup_scene1,1,old
584,13.5545015335083,1.283106467187825,obse,soup_scene1,1,old
585,13.60431432723999,1.280881982790634,obse,soup_scene1,1,old
586,13.643901824951172,1.2827440800414802,obse,soup_scene1,1,old
587,13.662590503692627,1.2805002742622968,obse,soup_scene1,1,old
588,13.69524335861206,1.2802981578358947,obse,soup_scene1,1,old
589,13.723016023635864,1.2813131540495077,obse,soup_scene1,1,old
590,13.8446044921875,1.2766921588061595,obse,soup_scene1,1,old
591,13.870992660522461,1.2764131872282796,obse,soup_scene1,1,old
592,13.935149431228638,1.276391717788478,obse,soup_scene1,1,old
593,13.942558765411377,1.2733707186366288,obse,soup_scene1,1,old
594,13.949869632720947,1.2733707186366288,obse,soup_scene1,1,old
595,13.978409767150879,1.2720098104090765,obse,soup_scene1,1,old
596,13.990748167037964,1.2720098104090765,obse,soup_scene1,1,old
597,14.047720670700073,1.2670567246191102,obse,soup_scene1,1,old
598,14.100299835205078,1.2668696753692332,obse,soup_scene1,1,old
599,14.124850034713745,1.2668696753692332,obse,soup_scene1,1,old
600,14.185235500335693,1.264360032209622,obse,soup_scene1,1,old
601,14.216202735900879,1.2640899607756062,obse,soup_scene1,1,old
602,14.24648904800415,1.2625562614020391,obse,soup_scene1,1,old
603,14.253382921218872,1.2625562614020391,obse,soup_scene1,1,old
604,14.282932043075562,1.2605958823702574,obse,soup_scene1,1,old
605,14.299644231796265,1.2597148544651566,obse,soup_scene1,1,old
606,14.318188905715942,1.2563823776714316,obse,soup_scene1,1,old
607,14.366844654083252,1.2563946192220927,obse,soup_scene1,1,old
608,14.398104429244995,1.2567799023887871,obse,soup_scene1,1,old
609,14.418264389038086,1.256913243947474,obse,soup_scene1,1,old
610,14.425965547561646,1.2567310159618093,obse,soup_scene1,1,old
611,14.440356016159058,1.2565249012516315,obse,soup_scene1,1,old
612,14.448173999786377,1.2564051737523656,obse,soup_scene1,1,old
613,14.464444637298584,1.2564393071817015,obse,soup_scene1,1,old
614,14.480432033538818,1.256265002591291,obse,soup_scene1,1,old
615,14.496180295944214,1.2566741386376272,obse,soup_scene1,1,old
616,14.539644002914429,1.2564983163432764,obse,soup_scene1,1,old
617,14.559845447540283,1.2554694282596903,obse,soup_scene1,1,old
618,14.595962762832642,1.2566534617124097,obse,soup_scene1,1,old
619,14.610867738723755,1.2566532913510433,obse,soup_scene1,1,old
620,14.670978784561157,1.2554472796558618,obse,soup_scene1,1,old
621,14.715035676956177,1.256473600497815,obse,soup_scene1,1,old
622,14.741716861724854,1.2557841056414036,obse,soup_scene1,1,old
623,14.764503002166748,1.2547863867003641,obse,soup_scene1,1,old
624,14.787184476852417,1.2547496743843158,obse,soup_scene1,1,old
625,14.802999258041382,1.254943375733212,obse,soup_scene1,1,old
626,14.828608989715576,1.2553404969754036,obse,soup_scene1,1,old
627,14.847949981689453,1.2566931326258837,obse,soup_scene1,1,old
628,14.876575469970703,1.2574830155800305,obse,soup_scene1,1,old
629,14.893331050872803,1.257308225954754,obse,soup_scene1,1,old
630,14.924185514450073,1.2633076605660025,obse,soup_scene1,1,old
631,14.956737518310547,1.2640685188156315,obse,soup_scene1,1,old
632,14.996756076812744,1.266220854386776,obse,soup_scene1,1,old
633,15.01216435432434,1.268430042279852,obse,soup_scene1,1,old
634,15.031094551086426,1.268430042279852,obse,soup_scene1,1,old
635,15.054534912109375,1.2708239459344814,obse,soup_scene1,1,old
636,15.07284665107727,1.2687316670810322,obse,soup_scene1,1,old
637,15.106314659118652,1.2698872711015141,obse,soup_scene1,1,old
638,15.113531827926636,1.2700659365280338,obse,soup_scene1,1,old
639,15.13041090965271,1.2731924192824475,obse,soup_scene1,1,old
640,15.149946689605713,1.2727077883757811,obse,soup_scene1,1,old
641,15.179052591323853,1.275128736719125,obse,soup_scene1,1,old
642,15.198378562927246,1.2770855984638994,obse,soup_scene1,1,old
643,15.217954158782959,1.2779437232186255,obse,soup_scene1,1,old
644,15.264831781387329,1.278402043728356,obse,soup_scene1,1,old
645,15.304723739624023,1.281085015307531,obse,soup_scene1,1,old
646,15.335963010787964,1.2798110959795588,obse,soup_scene1,1,old
647,15.3658607006073,1.2831185455780487,obse,soup_scene1,1,old
648,15.4246666431427,1.2827969823394136,obse,soup_scene1,1,old
649,15.443318605422974,1.2827969823394136,obse,soup_scene1,1,old
650,15.472081899642944,1.2823767172608034,obse,soup_scene1,1,old
651,15.49504542350769,1.2821230471863254,obse,soup_scene1,1,old
652,15.57109785079956,1.281220759432615,obse,soup_scene1,1,old
653,15.623255252838135,1.292510353845296,obse,soup_scene1,1,old
654,15.688286304473877,1.2924758726257644,obse,soup_scene1,1,old
655,15.713855504989624,1.2932727279577725,obse,soup_scene1,1,old
656,15.732922077178955,1.2926111712958113,obse,soup_scene1,1,old
657,15.746290445327759,1.29451174199006,obse,soup_scene1,1,old
658,15.762027740478516,1.292363439312389,obse,soup_scene1,1,old
659,15.77875280380249,1.2929230877317397,obse,soup_scene1,1,old
660,15.78681206703186,1.29329816683403,obse,soup_scene1,1,old
661,15.794283151626587,1.29329816683403,obse,soup_scene1,1,old
662,15.801879167556763,1.2931752650725545,obse,soup_scene1,1,old
663,15.809582948684692,1.2932143948489865,obse,soup_scene1,1,old
664,15.816975831985474,1.2938547409995436,obse,soup_scene1,1,old
665,15.824588775634766,1.2930510526445487,obse,soup_scene1,1,old
666,15.837852954864502,1.2939705606799483,obse,soup_scene1,1,old
667,15.87114691734314,1.29494051873055,obse,soup_scene1,1,old
668,15.882553339004517,1.2960947251488015,obse,soup_scene1,1,old
669,15.88936972618103,1.2960947251488015,obse,soup_scene1,1,old
670,15.908921957015991,1.2962062793264684,obse,soup_scene1,1,old
671,15.933719396591187,1.2957928802869618,obse,soup_scene1,1,old
672,15.99496054649353,1.2953052292648377,obse,soup_scene1,1,old
673,16.01034641265869,1.2959227583741821,obse,soup_scene1,1,old
674,16.07800841331482,1.2951914675574507,obse,soup_scene1,1,old
675,16.115429401397705,1.2941922082707247,obse,soup_scene1,1,old
676,16.147786140441895,1.2964877930856256,obse,soup_scene1,1,old
677,16.16340708732605,1.2995084469056597,obse,soup_scene1,1,old
678,16.179561138153076,1.3006429935489545,obse,soup_scene1,1,old
679,16.23233723640442,1.3049531119328286,obse,soup_scene1,1,old
680,16.247659921646118,1.3082904114699518,obse,soup_scene1,1,old
681,16.277796506881714,1.3072722177254248,obse,soup_scene1,1,old
682,16.284582376480103,1.3072722177254248,obse,soup_scene1,1,old
683,16.308135271072388,1.3064741009083034,obse,soup_scene1,1,old
684,16.33437180519104,1.3060623780736627,obse,soup_scene1,1,old
685,16.395959854125977,1.3043927682952072,obse,soup_scene1,1,old
686,16.411470651626587,1.3063822742653108,obse,soup_scene1,1,old
687,16.460530519485474,1.3088923238322485,obse,soup_scene1,1,old
688,16.500770092010498,1.3045546446406033,obse,soup_scene1,1,old
689,16.523844242095947,1.3062690970089748,obse,soup_scene1,1,old
690,16.549715280532837,1.3081336288720546,obse,soup_scene1,1,old
691,16.59395670890808,1.308556896772605,obse,soup_scene1,1,old
692,16.62611198425293,1.3090537780101608,obse,soup_scene1,1,old
693,16.63807249069214,1.3092578172704297,obse,soup_scene1,1,old
694,16.649922132492065,1.3092578172704297,obse,soup_scene1,1,old
695,16.7052104473114,1.310296156862455,obse,soup_scene1,1,old
696,16.799673557281494,1.3093619551278006,obse,soup_scene1,1,old
697,16.807831525802612,1.310694967615602,obse,soup_scene1,1,old
698,16.81576633453369,1.3110953109723715,obse,soup_scene1,1,old
699,16.852842330932617,1.3112771216655155,obse,soup_scene1,1,old
700,16.867197275161743,1.31252961143433,obse,soup_scene1,1,old
701,16.878661394119263,1.313423759183137,obse,soup_scene1,1,old
702,16.92314076423645,1.311660551093613,obse,soup_scene1,1,old
703,16.957839727401733,1.3146017280536524,obse,soup_scene1,1,old
704,16.97010898590088,1.3129638346501566,obse,soup_scene1,1,old
705,16.98133683204651,1.3142725342242294,obse,soup_scene1,1,old
706,16.99166703224182,1.3144661571206195,obse,soup_scene1,1,old
707,17.004669666290283,1.31483317438802,obse,soup_scene1,1,old
708,17.016027212142944,1.3125432778645214,obse,soup_scene1,1,old
709,17.037998914718628,1.3124095328840524,obse,soup_scene1,1,old
710,17.045026779174805,1.3124095328840524,obse,soup_scene1,1,old
711,17.075919151306152,1.310992797225358,obse,soup_scene1,1,old
712,17.083630800247192,1.3095455037768362,obse,soup_scene1,1,old
713,17.096997261047363,1.3091765318826714,obse,soup_scene1,1,old
714,17.10859441757202,1.309457396040428,obse,soup_scene1,1,old
715,17.17934012413025,1.308742304220906,obse,soup_scene1,1,old
716,17.199476957321167,1.3112896790778708,obse,soup_scene1,1,old
717,17.223469018936157,1.3104782047324892,obse,soup_scene1,1,old
718,17.23036789894104,1.3104782047324892,obse,soup_scene1,1,old
719,17.237049102783203,1.3111712077528097,obse,soup_scene1,1,old
720,17.24431037902832,1.31122940713329,obse,soup_scene1,1,old
721,17.258429527282715,1.3121785961274794,obse,soup_scene1,1,old
722,17.271180152893066,1.3100975923955425,obse,soup_scene1,1,old
723,17.286481380462646,1.3100975923955425,obse,soup_scene1,1,old
724,17.30307364463806,1.311595775332793,obse,soup_scene1,1,old
725,17.323618412017822,1.3088197081554824,obse,soup_scene1,1,old
726,17.34770441055298,1.3094112377723184,obse,soup_scene1,1,old
727,17.36005163192749,1.307347845971971,obse,soup_scene1,1,old
728,17.3716037273407,1.3074092905491337,obse,soup_scene1,1,old
729,17.390990257263184,1.3073478441164745,obse,soup_scene1,1,old
730,17.41003131866455,1.3084462085630282,obse,soup_scene1,1,old
731,17.431342840194702,1.306554666657098,obse,soup_scene1,1,old
732,17.55600357055664,1.3063799593337528,obse,soup_scene1,1,old
733,17.615089178085327,1.3028656086629002,obse,soup_scene1,1,old
734,17.65884494781494,1.3033976874626874,obse,soup_scene1,1,old
735,17.7159686088562,1.3015642260687277,obse,soup_scene1,1,old
736,17.732171297073364,1.297787826513412,obse,soup_scene1,1,old
737,17.747490644454956,1.3008058555145459,obse,soup_scene1,1,old
738,17.75469994544983,1.3007557723918906,obse,soup_scene1,1,old
739,17.766419410705566,1.2994420997778715,obse,soup_scene1,1,old
740,17.78396987915039,1.3000253916173945,obse,soup_scene1,1,old
741,17.79184603691101,1.3010197620393846,obse,soup_scene1,1,old
742,17.799975156784058,1.2989441120245964,obse,soup_scene1,1,old
743,17.807749271392822,1.2989441120245964,obse,soup_scene1,1,old
744,17.81581449508667,1.2994411386991005,obse,soup_scene1,1,old
745,17.823895692825317,1.2995117193819028,obse,soup_scene1,1,old
746,17.831372261047363,1.2994650984074452,obse,soup_scene1,1,old
747,17.838683605194092,1.2990841759649807,obse,soup_scene1,1,old
748,17.84717607498169,1.2978637146138186,obse,soup_scene1,1,old
749,17.854990243911743,1.2981619886082552,obse,soup_scene1,1,old
750,17.862635135650635,1.296087305881259,obse,soup_scene1,1,old
751,17.870271921157837,1.2971481853278375,obse,soup_scene1,1,old
752,17.87752079963684,1.2971481853278375,obse,soup_scene1,1,old
753,17.885791778564453,1.2988734878686465,obse,soup_scene1,1,old
754,17.89425778388977,1.2960642026982616,obse,soup_scene1,1,old
755,17.90179967880249,1.2960355234211938,obse,soup_scene1,1,old
756,17.915308952331543,1.2957999044958846,obse,soup_scene1,1,old
757,17.94163751602173,1.2921277952487602,obse,soup_scene1,1,old
758,17.971961975097656,1.287643884128083,obse,soup_scene1,1,old
759,17.981735229492188,1.286255887957778,obse,soup_scene1,1,old
760,18.012654066085815,1.2857376643780583,obse,soup_scene1,1,old
761,18.02266263961792,1.2829680508453212,obse,soup_scene1,1,old
762,18.045952796936035,1.279409235255209,obse,soup_scene1,1,old
763,18.074923276901245,1.2822083188574758,obse,soup_scene1,1,old
764,18.09048819541931,1.2801908429505084,obse,soup_scene1,1,old
765,18.150670766830444,1.2828844335346277,obse,soup_scene1,1,old
766,18.163466453552246,1.283181960932813,obse,soup_scene1,1,old
767,18.185245513916016,1.2819506344770324,obse,soup_scene1,1,old
768,18.19968843460083,1.281855358977436,obse,soup_scene1,1,old
769,18.233569145202637,1.2819240041206292,obse,soup_scene1,1,old
770,18.25475263595581,1.2812993980161884,obse,soup_scene1,1,old
771,18.276434659957886,1.2806480179517847,obse,soup_scene1,1,old
772,18.28982377052307,1.2809106820439589,obse,soup_scene1,1,old
773,18.324181079864502,1.2799457027008416,obse,soup_scene1,1,old
774,18.355998516082764,1.2798938258195747,obse,soup_scene1,1,old
775,18.37995934486389,1.2799862669430573,obse,soup_scene1,1,old
776,18.399445056915283,1.2803030231903267,obse,soup_scene1,1,old
777,18.439452409744263,1.2800464043581088,obse,soup_scene1,1,old
778,18.459306955337524,1.279834160871044,obse,soup_scene1,1,old
779,18.471988201141357,1.2800179272918806,obse,soup_scene1,1,old
780,18.479665279388428,1.2796249640371538,obse,soup_scene1,1,old
781,18.486448764801025,1.279682660063911,obse,soup_scene1,1,old
782,18.496689796447754,1.279991417110102,obse,soup_scene1,1,old
783,18.5176944732666,1.2796617840835713,obse,soup_scene1,1,old
784,18.542290210723877,1.2799698660360048,obse,soup_scene1,1,old
785,18.5583074092865,1.2802282792300959,obse,soup_scene1,1,old
786,18.579082489013672,1.2799628732042505,obse,soup_scene1,1,old
787,18.588088750839233,1.2803481479044443,obse,soup_scene1,1,old
788,18.59638500213623,1.2800768142181058,obse,soup_scene1,1,old
789,18.6048367023468,1.2800005218051296,obse,soup_scene1,1,old
790,18.612858533859253,1.2801265762307275,obse,soup_scene1,1,old
791,18.620362520217896,1.2801635204012114,obse,soup_scene1,1,old
792,18.62826132774353,1.27976975633924,obse,soup_scene1,1,old
793,18.636358976364136,1.2799327988705362,obse,soup_scene1,1,old
794,18.644262313842773,1.279978979149264,obse,soup_scene1,1,old
795,18.651912212371826,1.280094839474857,obse,soup_scene1,1,old
796,18.659829139709473,1.2799762231788294,obse,soup_scene1,1,old
797,18.66851043701172,1.279946600571139,obse,soup_scene1,1,old
798,18.677594661712646,1.279982004446979,obse,soup_scene1,1,old
799,18.685836791992188,1.2795546588122402,obse,soup_scene1,1,old
800,18.69139575958252,1.2801518937221597,obse,soup_scene1,1,old
801,18.697601079940796,1.2804080513919833,obse,soup_scene1,1,old
802,18.705581665039062,1.2797986322729702,obse,soup_scene1,1,old
803,18.71487855911255,1.2802410250641094,obse,soup_scene1,1,old
804,18.724820613861084,1.2802052046626966,obse,soup_scene1,1,old
805,18.735116243362427,1.2797384091266497,obse,soup_scene1,1,old
806,18.744140625,1.2796305834035073,obse,soup_scene1,1,old
807,18.755379915237427,1.2798372274807022,obse,soup_scene1,1,old
808,18.763410806655884,1.2797495039975508,obse,soup_scene1,1,old
809,18.76906991004944,1.2798316245041053,obse,soup_scene1,1,old
810,18.773345708847046,1.2798316245041053,obse,soup_scene1,1,old
811,18.777897119522095,1.2797749050417773,obse,soup_scene1,1,old
812,18.78216052055359,1.2797749050417773,obse,soup_scene1,1,old
813,18.786724090576172,1.279980669890853,obse,soup_scene1,1,old
814,18.79103446006775,1.279980669890853,obse,soup_scene1,1,old
815,18.796127319335938,1.280208709372321,obse,soup_scene1,1,old
816,18.800684452056885,1.280208709372321,obse,soup_scene1,1,old
817,18.805561304092407,1.2800607270029436,obse,soup_scene1,1,old
818,18.810104608535767,1.2799828518587233,obse,soup_scene1,1,old
819,18.81478452682495,1.2803811751813015,obse,soup_scene1,1,old
820,18.819639205932617,1.2800494861055545,obse,soup_scene1,1,old
821,18.824256658554077,1.2800494861055545,obse,soup_scene1,1,old
822,18.829136848449707,1.2803296537434468,obse,soup_scene1,1,old
823,18.833908796310425,1.2803705627694577,obse,soup_scene1,1,old
824,18.838980674743652,1.280046242530195,obse,soup_scene1,1,old
825,18.844117641448975,1.2798663653239988,obse,soup_scene1,1,old
826,18.848756790161133,1.2798663653239988,obse,soup_scene1,1,old
827,18.854145765304565,1.2797052204834627,obse,soup_scene1,1,old
828,18.85887837409973,1.2795652947395326,obse,soup_scene1,1,old
829,18.86416459083557,1.279648786686684,obse,soup_scene1,1,old
830,18.86936092376709,1.2796289088375696,obse,soup_scene1,1,old
831,18.8753399848938,1.2797937457682922,obse,soup_scene1,1,old
832,18.88085675239563,1.2797937457682922,obse,soup_scene1,1,old
833,18.886127471923828,1.2801094262375476,obse,soup_scene1,1,old
834,18.891451358795166,1.279877357311925,obse,soup_scene1,1,old
835,18.89655590057373,1.2799545604165008,obse,soup_scene1,1,old
836,18.901588439941406,1.2799545604165008,obse,soup_scene1,1,old
837,18.906450748443604,1.2799304586776608,obse,soup_scene1,1,old
838,18.911206007003784,1.2796441741274414,obse,soup_scene1,1,old
839,18.915342330932617,1.2796441741274414,obse,soup_scene1,1,old
840,18.91987681388855,1.279974884838292,obse,soup_scene1,1,old
841,18.92443013191223,1.279974884838292,obse,soup_scene1,1,old
842,18.92899179458618,1.279719360621118,obse,soup_scene1,1,old
843,18.933205604553223,1.279719360621118,obse,soup_scene1,1,old
844,18.93790054321289,1.2799291608896033,obse,soup_scene1,1,old
845,18.94258689880371,1.2795929327307631,obse,soup_scene1,1,old
846,18.946972370147705,1.2795929327307631,obse,soup_scene1,1,old
847,18.95167589187622,1.2800267796477658,obse,soup_scene1,1,old
848,18.955952405929565,1.2800267796477658,obse,soup_scene1,1,old
849,18.960383653640747,1.2800267796477658,obse,soup_scene1,1,old
850,18.96535587310791,1.27981586055422,obse,soup_scene1,1,old
851,18.97044801712036,1.279751014058149,obse,soup_scene1,1,old
852,18.97502303123474,1.2796356229380388,obse,soup_scene1,1,old
853,18.97998809814453,1.279858905329155,obse,soup_scene1,1,old
854,18.984675407409668,1.280031973171596,obse,soup_scene1,1,old
855,18.98913073539734,1.280031973171596,obse,soup_scene1,1,old
856,18.99386954307556,1.2799078277056035,obse,soup_scene1,1,old
857,18.99833345413208,1.2799078277056035,obse,soup_scene1,1,old
858,19.003239154815674,1.279698285158521,obse,soup_scene1,1,old
859,19.008219242095947,1.2797586501627567,obse,soup_scene1,1,old
860,19.013229608535767,1.2798208513500842,obse,soup_scene1,1,old
861,19.017804861068726,1.2802825357768564,obse,soup_scene1,1,old
862,19.022141695022583,1.2802825357768564,obse,soup_scene1,1,old
863,19.026371955871582,1.280251035114612,obse,soup_scene1,1,old
864,19.03074884414673,1.280251035114612,obse,soup_scene1,1,old
865,19.03490924835205,1.280282930365061,obse,soup_scene1,1,old
866,19.039088010787964,1.2803317348739567,obse,soup_scene1,1,old
867,19.043691873550415,1.2803317348739567,obse,soup_scene1,1,old
868,19.04793381690979,1.2803395884094217,obse,soup_scene1,1,old
869,19.052270650863647,1.2801814769715947,obse,soup_scene1,1,old
870,19.056419610977173,1.2802659240777734,obse,soup_scene1,1,old
871,19.060689687728882,1.2802659240777734,obse,soup_scene1,1,old
872,19.065024614334106,1.2798930231694756,obse,soup_scene1,1,old
873,19.06919836997986,1.2798930231694756,obse,soup_scene1,1,old
874,19.073431253433228,1.2800161411366526,obse,soup_scene1,1,old
875,19.07761549949646,1.2800161411366526,obse,soup_scene1,1,old
876,19.08203387260437,1.2798134908032435,obse,soup_scene1,1,old
877,19.08629608154297,1.2798134908032435,obse,soup_scene1,1,old
878,19.090505599975586,1.2799014795845323,obse,soup_scene1,1,old
879,19.095003604888916,1.2798735582491425,obse,soup_scene1,1,old
880,19.099481105804443,1.2798089566750968,obse,soup_scene1,1,old
881,19.104028701782227,1.2800353042537322,obse,soup_scene1,1,old
882,19.108144998550415,1.2800353042537322,obse,soup_scene1,1,old
883,19.112592697143555,1.2800485931580359,obse,soup_scene1,1,old
884,19.11658525466919,1.2800485931580359,obse,soup_scene1,1,old
885,19.12106466293335,1.280148163078954,obse,soup_scene1,1,old
886,19.125202417373657,1.280148163078954,obse,soup_scene1,1,old
887,19.129644632339478,1.2800839779487603,obse,soup_scene1,1,old
888,19.134201765060425,1.2801075795742338,obse,soup_scene1,1,old
889,19.13840937614441,1.2801075795742338,obse,soup_scene1,1,old
890,19.142794370651245,1.279562116870498,obse,soup_scene1,1,old
891,19.146981239318848,1.279562116870498,obse,soup_scene1,1,old
892,19.151418209075928,1.2800782467817864,obse,soup_scene1,1,old
893,19.155694246292114,1.2800782467817864,obse,soup_scene1,1,old
894,19.159940481185913,1.2797053894062052,obse,soup_scene1,1,old
895,19.16431760787964,1.2797053894062052,obse,soup_scene1,1,old
896,19.16885018348694,1.2801734278857853,obse,soup_scene1,1,old
897,19.17298150062561,1.2801734278857853,obse,soup_scene1,1,old
898,19.177181720733643,1.2800277208328792,obse,soup_scene1,1,old
899,19.18135094642639,1.2800277208328792,obse,soup_scene1,1,old
900,19.185883045196533,1.2795973776149583,obse,soup_scene1,1,old
901,19.189908981323242,1.2795973776149583,obse,soup_scene1,1,old
902,19.194661378860474,1.280145030429867,obse,soup_scene1,1,old
903,19.198681831359863,1.280145030429867,obse,soup_scene1,1,old
904,19.20345711708069,1.2798261803922426,obse,soup_scene1,1,old
905,19.207616567611694,1.279710052441304,obse,soup_scene1,1,old
906,19.212064743041992,1.2795522450188945,obse,soup_scene1,1,old
907,19.216084957122803,1.2795522450188945,obse,soup_scene1,1,old
908,19.220563173294067,1.2796401948669713,obse,soup_scene1,1,old
909,19.224705457687378,1.2796401948669713,obse,soup_scene1,1,old
910,19.229191780090332,1.2799005112946493,obse,soup_scene1,1,old
911,19.233316898345947,1.2799005112946493,obse,soup_scene1,1,old
912,19.237841367721558,1.2802433230636916,obse,soup_scene1,1,old
913,19.24201989173889,1.2802146592612687,obse,soup_scene1,1,old
914,19.246304988861084,1.28013392502461,obse,soup_scene1,1,old
915,19.250503540039062,1.2797175581603177,obse,soup_scene1,1,old
916,19.254701614379883,1.2797175581603177,obse,soup_scene1,1,old
917,19.258853912353516,1.2800364091529202,obse,soup_scene1,1,old
918,19.263033151626587,1.279986315441802,obse,soup_scene1,1,old
919,19.267049074172974,1.279986315441802,obse,soup_scene1,1,old
920,19.27154040336609,1.279881054243061,obse,soup_scene1,1,old
921,19.275829076766968,1.2799326681474477,obse,soup_scene1,1,old
922,19.28015375137329,1.2796931689134483,obse,soup_scene1,1,old
923,19.284497261047363,1.2802708052977723,obse,soup_scene1,1,old
924,19.288647651672363,1.2802708052977723,obse,soup_scene1,1,old
925,19.292974948883057,1.2795445594956492,obse,soup_scene1,1,old
926,19.297198057174683,1.2795445594956492,obse,soup_scene1,1,old
927,19.301582098007202,1.2797451858306557,obse,soup_scene1,1,old
928,19.305776357650757,1.2797451858306557,obse,soup_scene1,1,old
929,19.310199975967407,1.2795883347493802,obse,soup_scene1,1,old
930,19.31436824798584,1.2795883347493802,obse,soup_scene1,1,old
931,19.31862187385559,1.2800144675592506,obse,soup_scene1,1,old
932,19.322953701019287,1.2800144675592506,obse,soup_scene1,1,old
933,19.32717728614807,1.28014990128177,obse,soup_scene1,1,old
934,19.33125376701355,1.28014990128177,obse,soup_scene1,1,old
935,19.335742473602295,1.2797831795513073,obse,soup_scene1,1,old
936,19.33974838256836,1.2797831795513073,obse,soup_scene1,1,old
937,19.344122648239136,1.2800652115335152,obse,soup_scene1,1,old
938,19.348240613937378,1.2800652115335152,obse,soup_scene1,1,old
939,19.352638959884644,1.279706097070939,obse,soup_scene1,1,old
940,19.35670757293701,1.279706097070939,obse,soup_scene1,1,old
941,19.360831022262573,1.279706097070939,obse,soup_scene1,1,old
942,19.3653507232666,1.2798175067571156,obse,soup_scene1,1,old
943,19.369543075561523,1.279814219540915,obse,soup_scene1,1,old
944,19.37394428253174,1.2797977367359736,obse,soup_scene1,1,old
945,19.37823748588562,1.2800957066960983,obse,soup_scene1,1,old
946,19.382543325424194,1.2800957066960983,obse,soup_scene1,1,old
947,19.386719703674316,1.27982424640928,obse,soup_scene1,1,old
948,19.39093017578125,1.27982424640928,obse,soup_scene1,1,old
949,19.39509654045105,1.2796243585956417,obse,soup_scene1,1,old
950,19.399513721466064,1.2798315166441907,obse,soup_scene1,1,old
951,19.403870105743408,1.2797703480978933,obse,soup_scene1,1,old
952,19.407911777496338,1.2800527161767152,obse,soup_scene1,1,old
953,19.412254095077515,1.2799649779888607,obse,soup_scene1,1,old
954,19.416316509246826,1.2799649779888607,obse,soup_scene1,1,old
955,19.42043900489807,1.2799649779888607,obse,soup_scene1,1,old
956,19.424640417099,1.2799649779888607,obse,soup_scene1,1,old
957,19.428961515426636,1.2798340479197199,obse,soup_scene1,1,old
958,19.433135986328125,1.279766612513837,obse,soup_scene1,1,old
959,19.437357902526855,1.279766612513837,obse,soup_scene1,1,old
960,19.441526174545288,1.2797607280489178,obse,soup_scene1,1,old
961,19.445740461349487,1.2798684102211548,obse,soup_scene1,1,old
962,19.450008630752563,1.2797427640655223,obse,soup_scene1,1,old
963,19.454233407974243,1.279501020092793,obse,soup_scene1,1,old
964,19.458600282669067,1.2799555352068055,obse,soup_scene1,1,old
965,19.46260404586792,1.2799555352068055,obse,soup_scene1,1,old
966,19.466996431350708,1.2799531803389357,obse,soup_scene1,1,old
967,19.47130274772644,1.2798184054405624,obse,soup_scene1,1,old
968,19.475614070892334,1.2795589445267725,obse,soup_scene1,1,old
969,19.479780912399292,1.2795589445267725,obse,soup_scene1,1,old
970,19.483798503875732,1.2795589445267725,obse,soup_scene1,1,old
971,19.488178253173828,1.2801344311158902,obse,soup_scene1,1,old
972,19.492618560791016,1.2796851178652113,obse,soup_scene1,1,old
973,19.497019052505493,1.279730385917947,obse,soup_scene1,1,old
974,19.501261234283447,1.280148758629615,obse,soup_scene1,1,old
975,19.505547285079956,1.280148758629615,obse,soup_scene1,1,old
976,19.509843111038208,1.2799197097645691,obse,soup_scene1,1,old
977,19.51424241065979,1.2800370299808204,obse,soup_scene1,1,old
978,19.518605947494507,1.2798032273829922,obse,soup_scene1,1,old
979,19.52266788482666,1.2798032273829922,obse,soup_scene1,1,old
980,19.527072429656982,1.2798735245790174,obse,soup_scene1,1,old
981,19.531185388565063,1.2798735245790174,obse,soup_scene1,1,old
982,19.535600185394287,1.279890493137522,obse,soup_scene1,1,old
983,19.539727926254272,1.279890493137522,obse,soup_scene1,1,old
984,19.544235229492188,1.2798007500194788,obse,soup_scene1,1,old
985,19.548232316970825,1.2798007500194788,obse,soup_scene1,1,old
986,19.55269694328308,1.2800226523017568,obse,soup_scene1,1,old
987,19.556634426116943,1.2800226523017568,obse,soup_scene1,1,old
988,19.561064958572388,1.2799174783735745,obse,soup_scene1,1,old
989,19.565101146697998,1.2799174783735745,obse,soup_scene1,1,old
990,19.569376230239868,1.2798886543980799,obse,soup_scene1,1,old
991,19.573358058929443,1.2798886543980799,obse,soup_scene1,1,old
992,19.577697038650513,1.2798779560220184,obse,soup_scene1,1,old
993,19.581724643707275,1.2798779560220184,obse,soup_scene1,1,old
994,19.586034059524536,1.2797780625919848,obse,soup_scene1,1,old
995,19.58995795249939,1.2797780625919848,obse,soup_scene1,1,old
996,19.59440279006958,1.2797311927082065,obse,soup_scene1,1,old
997,19.598366260528564,1.2797311927082065,obse,soup_scene1,1,old
998,19.602737188339233,1.2804366628427295,obse,soup_scene1,1,old
999,19.606610774993896,1.2804366628427295,obse,soup_scene1,1,old
1000,19.61074662208557,1.2800842326734403,obse,soup_scene1,1,old
1001,19.614685773849487,1.2800842326734403,obse,soup_scene1,1,old
1002,19.618746757507324,1.2800969501268271,obse,soup_scene1,1,old
1003,19.62299919128418,1.2800969501268271,obse,soup_scene1,1,old
1004,19.62857460975647,1.2797469962052506,obse,soup_scene1,1,old
1005,19.63510823249817,1.2803278497578503,obse,soup_scene1,1,old
1006,19.6405348777771,1.2803278497578503,obse,soup_scene1,1,old
1007,19.646424055099487,1.2800529120145097,obse,soup_scene1,1,old
1008,19.652252435684204,1.2800821079417022,obse,soup_scene1,1,old
1009,19.65798306465149,1.2797438249248272,obse,soup_scene1,1,old
1010,19.66388511657715,1.2797879502252498,obse,soup_scene1,1,old
1011,19.66981053352356,1.280339831995587,obse,soup_scene1,1,old
1012,19.675520181655884,1.2802823543013102,obse,soup_scene1,1,old
1013,19.681429624557495,1.2802823543013102,obse,soup_scene1,1,old
1014,19.68767261505127,1.2800592332507046,obse,soup_scene1,1,old
1015,19.693721055984497,1.2797886804334824,obse,soup_scene1,1,old
1016,19.699596166610718,1.2797886804334824,obse,soup_scene1,1,old
1017,19.705395936965942,1.2796973462663108,obse,soup_scene1,1,old
1018,19.711622953414917,1.2804442010784072,obse,soup_scene1,1,old
1019,19.71745467185974,1.2797610948586327,obse,soup_scene1,1,old
1020,19.723249673843384,1.2797610948586327,obse,soup_scene1,1,old
1021,19.729239463806152,1.2799029181919583,obse,soup_scene1,1,old
1022,19.73369336128235,1.2798513308061343,obse,soup_scene1,1,old
1023,19.737914323806763,1.2798895130275667,obse,soup_scene1,1,old
1024,19.74172592163086,1.2798895130275667,obse,soup_scene1,1,old
1025,19.745521783828735,1.2798895130275667,obse,soup_scene1,1,old
1026,19.749346017837524,1.2798895130275667,obse,soup_scene1,1,old
1027,19.753209590911865,1.2798895130275667,obse,soup_scene1,1,old
1028,19.757039070129395,1.2798895130275667,obse,soup_scene1,1,old
1029,19.760870933532715,1.2798895130275667,obse,soup_scene1,1,old
1030,19.764663696289062,1.2798895130275667,obse,soup_scene1,1,old
1031,19.768455266952515,1.2798895130275667,obse,soup_scene1,1,old
1032,19.772257089614868,1.2798895130275667,obse,soup_scene1,1,old
1033,19.776061058044434,1.2798895130275667,obse,soup_scene1,1,old
1034,19.77987813949585,1.2798895130275667,obse,soup_scene1,1,old
1035,19.783679723739624,1.2798895130275667,obse,soup_scene1,1,old
1036,19.78749442100525,1.2798895130275667,obse,soup_scene1,1,old
1037,19.791436910629272,1.2798895130275667,obse,soup_scene1,1,old
1038,19.795231819152832,1.2798895130275667,obse,soup_scene1,1,old
1039,19.7990620136261,1.2798895130275667,obse,soup_scene1,1,old
1040,19.802835702896118,1.2798895130275667,obse,soup_scene1,1,old
1041,19.806668043136597,1.2798895130275667,obse,soup_scene1,1,old
1042,19.810489177703857,1.2798895130275667,obse,soup_scene1,1,old
1043,19.814316034317017,1.2798895130275667,obse,soup_scene1,1,old
1044,19.818108558654785,1.2798895130275667,obse,soup_scene1,1,old
1045,19.821879863739014,1.2798895130275667,obse,soup_scene1,1,old
1046,19.82578992843628,1.2798895130275667,obse,soup_scene1,1,old
1047,19.829588651657104,1.2798895130275667,obse,soup_scene1,1,old
1048,19.833407640457153,1.2798895130275667,obse,soup_scene1,1,old
1049,19.8371524810791,1.2798895130275667,obse,soup_scene1,1,old
1050,19.840992212295532,1.2798895130275667,obse,soup_scene1,1,old
1051,19.844881296157837,1.2798895130275667,obse,soup_scene1,1,old
1052,19.84865951538086,1.2798895130275667,obse,soup_scene1,1,old
1053,19.852468729019165,1.2798895130275667,obse,soup_scene1,1,old
1054,19.856252908706665,1.2798895130275667,obse,soup_scene1,1,old
1055,19.86015748977661,1.2798895130275667,obse,soup_scene1,1,old
1056,19.863940477371216,1.2798895130275667,obse,soup_scene1,1,old
1057,19.867735385894775,1.2798895130275667,obse,soup_scene1,1,old
1058,19.87155818939209,1.2798895130275667,obse,soup_scene1,1,old
1059,19.875384092330933,1.2798895130275667,obse,soup_scene1,1,old
1060,19.879273891448975,1.2798895130275667,obse,soup_scene1,1,old
1061,19.883049249649048,1.2798895130275667,obse,soup_scene1,1,old
1062,19.886864185333252,1.2798895130275667,obse,soup_scene1,1,old
1063,19.890637159347534,1.2798895130275667,obse,soup_scene1,1,old
1064,19.89442467689514,1.2798895130275667,obse,soup_scene1,1,old
1065,19.89836287498474,1.2798895130275667,obse,soup_scene1,1,old
1066,19.902488231658936,1.2798895130275667,obse,soup_scene1,1,old
1067,19.907761335372925,1.2798895130275667,obse,soup_scene1,1,old
1068,19.91237998008728,1.2798895130275667,obse,soup_scene1,1,old
1069,19.916555166244507,1.2798895130275667,obse,soup_scene1,1,old
1070,19.92046093940735,1.2798895130275667,obse,soup_scene1,1,old
1071,19.924509286880493,1.2798895130275667,obse,soup_scene1,1,old
1072,19.92878031730652,1.2798895130275667,obse,soup_scene1,1,old
1073,19.932857513427734,1.2798895130275667,obse,soup_scene1,1,old
1074,19.93692398071289,1.2798895130275667,obse,soup_scene1,1,old
1075,19.940985918045044,1.2798895130275667,obse,soup_scene1,1,old
1076,19.94508457183838,1.2798895130275667,obse,soup_scene1,1,old
1077,19.949315309524536,1.2798895130275667,obse,soup_scene1,1,old
1078,19.95321011543274,1.2798895130275667,obse,soup_scene1,1,old
1079,19.957051038742065,1.2798895130275667,obse,soup_scene1,1,old
1080,19.96086835861206,1.2798895130275667,obse,soup_scene1,1,old
1081,19.964712858200073,1.2798895130275667,obse,soup_scene1,1,old
1082,19.968563556671143,1.2798895130275667,obse,soup_scene1,1,old
1083,19.972428560256958,1.2798895130275667,obse,soup_scene1,1,old
1084,19.97620177268982,1.2798895130275667,obse,soup_scene1,1,old
1085,19.980063438415527,1.2798895130275667,obse,soup_scene1,1,old
1086,19.983870029449463,1.2798895130275667,obse,soup_scene1,1,old
1087,19.987789630889893,1.2798895130275667,obse,soup_scene1,1,old
1088,19.991575002670288,1.2798895130275667,obse,soup_scene1,1,old
1089,19.99542474746704,1.2798895130275667,obse,soup_scene1,1,old
1090,19.99927282333374,1.2798895130275667,obse,soup_scene1,1,old
1091,20.00319266319275,1.2798895130275667,obse,soup_scene1,1,old
1092,20.006961822509766,1.2798895130275667,obse,soup_scene1,1,old
1093,20.010751485824585,1.2798895130275667,obse,soup_scene1,1,old
1094,20.01455807685852,1.2798895130275667,obse,soup_scene1,1,old
1095,20.018336296081543,1.2798895130275667,obse,soup_scene1,1,old
1096,20.022263050079346,1.2798895130275667,obse,soup_scene1,1,old
1097,20.02613067626953,1.2798895130275667,obse,soup_scene1,1,old
1098,20.03000497817993,1.2798895130275667,obse,soup_scene1,1,old
1099,20.033807516098022,1.2798895130275667,obse,soup_scene1,1,old
1100,20.037633657455444,1.2798895130275667,obse,soup_scene1,1,old
1101,20.04147982597351,1.2798895130275667,obse,soup_scene1,1,old
1102,20.045303106307983,1.2798895130275667,obse,soup_scene1,1,old
1103,20.049123287200928,1.2798895130275667,obse,soup_scene1,1,old
1104,20.05296802520752,1.2798895130275667,obse,soup_scene1,1,old
1105,20.056825637817383,1.2798895130275667,obse,soup_scene1,1,old
1106,20.06066083908081,1.2798895130275667,obse,soup_scene1,1,old
1107,20.064457178115845,1.2798895130275667,obse,soup_scene1,1,old
1108,20.06827425956726,1.2798895130275667,obse,soup_scene1,1,old
1109,20.07207679748535,1.2798895130275667,obse,soup_scene1,1,old
1110,20.07594084739685,1.2798895130275667,obse,soup_scene1,1,old
1111,20.079755544662476,1.2798895130275667,obse,soup_scene1,1,old
1112,20.083576440811157,1.2798895130275667,obse,soup_scene1,1,old
1113,20.08751893043518,1.2798895130275667,obse,soup_scene1,1,old
1114,20.09140658378601,1.2798895130275667,obse,soup_scene1,1,old
1115,20.095359325408936,1.2798895130275667,obse,soup_scene1,1,old
1116,20.099197149276733,1.2798895130275667,obse,soup_scene1,1,old
1117,20.103085041046143,1.2798895130275667,obse,soup_scene1,1,old
1118,20.10697603225708,1.2798895130275667,obse,soup_scene1,1,old
1119,20.11096739768982,1.2798895130275667,obse,soup_scene1,1,old
1120,20.114851236343384,1.2798895130275667,obse,soup_scene1,1,old
1121,20.118674278259277,1.2798895130275667,obse,soup_scene1,1,old
1122,20.122583866119385,1.2798895130275667,obse,soup_scene1,1,old
1123,20.126424074172974,1.2798895130275667,obse,soup_scene1,1,old
1124,20.130396366119385,1.2798895130275667,obse,soup_scene1,1,old
1125,20.134357929229736,1.2798895130275667,obse,soup_scene1,1,old
1126,20.13831329345703,1.2798895130275667,obse,soup_scene1,1,old
1127,20.142355918884277,1.2798895130275667,obse,soup_scene1,1,old
1128,20.146604537963867,1.2798895130275667,obse,soup_scene1,1,old
1129,20.15068030357361,1.2798895130275667,obse,soup_scene1,1,old
1130,20.154886960983276,1.2798895130275667,obse,soup_scene1,1,old
1131,20.15910840034485,1.2798895130275667,obse,soup_scene1,1,old
1132,20.163060903549194,1.2798895130275667,obse,soup_scene1,1,old
1133,20.1669921875,1.2798895130275667,obse,soup_scene1,1,old
1134,20.17089533805847,1.2798895130275667,obse,soup_scene1,1,old
1135,20.174726724624634,1.2798895130275667,obse,soup_scene1,1,old
1136,20.1785945892334,1.2798895130275667,obse,soup_scene1,1,old
1137,20.182626485824585,1.2798895130275667,obse,soup_scene1,1,old
1138,20.186496257781982,1.2798895130275667,obse,soup_scene1,1,old
1139,20.19041347503662,1.2798895130275667,obse,soup_scene1,1,old
1140,20.194230794906616,1.2798895130275667,obse,soup_scene1,1,old
1141,20.19806218147278,1.2798895130275667,obse,soup_scene1,1,old
1142,20.201982021331787,1.2798895130275667,obse,soup_scene1,1,old
1143,20.20587658882141,1.2798895130275667,obse,soup_scene1,1,old
1144,20.20973491668701,1.2798895130275667,obse,soup_scene1,1,old
1145,20.213674545288086,1.2798895130275667,obse,soup_scene1,1,old
1146,20.21770429611206,1.2798895130275667,obse,soup_scene1,1,old
1147,20.221574783325195,1.2798895130275667,obse,soup_scene1,1,old
1148,20.225475788116455,1.2798895130275667,obse,soup_scene1,1,old
1149,20.22952675819397,1.2798895130275667,obse,soup_scene1,1,old
1150,20.233412742614746,1.2798895130275667,obse,soup_scene1,1,old
1151,20.23735022544861,1.2798895130275667,obse,soup_scene1,1,old
1152,20.24121332168579,1.2798895130275667,obse,soup_scene1,1,old
1153,20.245070695877075,1.2798895130275667,obse,soup_scene1,1,old
1154,20.248943328857422,1.2798895130275667,obse,soup_scene1,1,old
1155,20.252952098846436,1.2798895130275667,obse,soup_scene1,1,old
1156,20.256779432296753,1.2798895130275667,obse,soup_scene1,1,old
1157,20.26072382926941,1.2798895130275667,obse,soup_scene1,1,old
1158,20.264556646347046,1.2798895130275667,obse,soup_scene1,1,old
1159,20.268423318862915,1.2798895130275667,obse,soup_scene1,1,old
1160,20.272391319274902,1.2798895130275667,obse,soup_scene1,1,old
1161,20.276262283325195,1.2798895130275667,obse,soup_scene1,1,old
1162,20.28013277053833,1.2798895130275667,obse,soup_scene1,1,old
1163,20.284029722213745,1.2798895130275667,obse,soup_scene1,1,old
1164,20.287973403930664,1.2798895130275667,obse,soup_scene1,1,old
1165,20.291884899139404,1.2798895130275667,obse,soup_scene1,1,old
1166,20.29579186439514,1.2798895130275667,obse,soup_scene1,1,old
1167,20.299663543701172,1.2798895130275667,obse,soup_scene1,1,old
1168,20.303566932678223,1.2798895130275667,obse,soup_scene1,1,old
1169,20.30753445625305,1.2798895130275667,obse,soup_scene1,1,old
1170,20.311368942260742,1.2798895130275667,obse,soup_scene1,1,old
1171,20.315205097198486,1.2798895130275667,obse,soup_scene1,1,old
1172,20.319116592407227,1.2798895130275667,obse,soup_scene1,1,old
1173,20.322960138320923,1.2798895130275667,obse,soup_scene1,1,old
1174,20.327058792114258,1.2798895130275667,obse,soup_scene1,1,old
1175,20.330934047698975,1.2798895130275667,obse,soup_scene1,1,old
1176,20.334810495376587,1.2798895130275667,obse,soup_scene1,1,old
1177,20.33867597579956,1.2798895130275667,obse,soup_scene1,1,old
1178,20.34260392189026,1.2798895130275667,obse,soup_scene1,1,old
1179,20.34649658203125,1.2798895130275667,obse,soup_scene1,1,old
1180,20.350327014923096,1.2798895130275667,obse,soup_scene1,1,old
1181,20.354177713394165,1.2798895130275667,obse,soup_scene1,1,old
1182,20.35801672935486,1.2798895130275667,obse,soup_scene1,1,old
1183,20.362056970596313,1.2798895130275667,obse,soup_scene1,1,old
1184,20.365878343582153,1.2798895130275667,obse,soup_scene1,1,old
1185,20.369929552078247,1.2798895130275667,obse,soup_scene1,1,old
1186,20.373825311660767,1.2798895130275667,obse,soup_scene1,1,old
1187,20.37770414352417,1.2798895130275667,obse,soup_scene1,1,old
1188,20.381583213806152,1.2798895130275667,obse,soup_scene1,1,old
1189,20.385460376739502,1.2798895130275667,obse,soup_scene1,1,old
1190,20.389411211013794,1.2798895130275667,obse,soup_scene1,1,old
1191,20.39335036277771,1.2798895130275667,obse,soup_scene1,1,old
1192,20.3972065448761,1.2798895130275667,obse,soup_scene1,1,old
1193,20.40111780166626,1.2798895130275667,obse,soup_scene1,1,old
1194,20.405091762542725,1.2798895130275667,obse,soup_scene1,1,old
1195,20.408958196640015,1.2798895130275667,obse,soup_scene1,1,old
1196,20.412822008132935,1.2798895130275667,obse,soup_scene1,1,old
1197,20.416789770126343,1.2798895130275667,obse,soup_scene1,1,old
1198,20.420650243759155,1.2798895130275667,obse,soup_scene1,1,old
1199,20.42452073097229,1.2798895130275667,obse,soup_scene1,1,old
1200,20.428451538085938,1.2798895130275667,obse,soup_scene1,1,old
1201,20.432304620742798,1.2798895130275667,obse,soup_scene1,1,old
1202,20.43625807762146,1.2798895130275667,obse,soup_scene1,1,old
1203,20.440104484558105,1.2798895130275667,obse,soup_scene1,1,old
1204,20.444100856781006,1.2798895130275667,obse,soup_scene1,1,old
1205,20.44797706604004,1.2798895130275667,obse,soup_scene1,1,old
1206,20.451820373535156,1.2798895130275667,obse,soup_scene1,1,old
1207,20.455676317214966,1.2798895130275667,obse,soup_scene1,1,old
1208,20.45958375930786,1.2798895130275667,obse,soup_scene1,1,old
1209,20.46341347694397,1.2798895130275667,obse,soup_scene1,1,old
1210,20.46727705001831,1.2798895130275667,obse,soup_scene1,1,old
1211,20.47115731239319,1.2798895130275667,obse,soup_scene1,1,old
1212,20.474990367889404,1.2798895130275667,obse,soup_scene1,1,old
1213,20.47907590866089,1.2798895130275667,obse,soup_scene1,1,old
1214,20.482940435409546,1.2798895130275667,obse,soup_scene1,1,old
1215,20.48678755760193,1.2798895130275667,obse,soup_scene1,1,old
1216,20.49065065383911,1.2798895130275667,obse,soup_scene1,1,old
1217,20.49456477165222,1.2798895130275667,obse,soup_scene1,1,old
1218,20.49851894378662,1.2798895130275667,obse,soup_scene1,1,old
1219,20.502384901046753,1.2798895130275667,obse,soup_scene1,1,old
1220,20.50624656677246,1.2798895130275667,obse,soup_scene1,1,old
1221,20.51009774208069,1.2798895130275667,obse,soup_scene1,1,old
1222,20.514116525650024,1.2798895130275667,obse,soup_scene1,1,old
1223,20.51801347732544,1.2798895130275667,obse,soup_scene1,1,old
1224,20.521934509277344,1.2798895130275667,obse,soup_scene1,1,old
1225,20.52587080001831,1.2798895130275667,obse,soup_scene1,1,old
1226,20.529750108718872,1.2798895130275667,obse,soup_scene1,1,old
1227,20.5335910320282,1.2798895130275667,obse,soup_scene1,1,old
1228,20.537487268447876,1.2798895130275667,obse,soup_scene1,1,old
1229,20.541422605514526,1.2798895130275667,obse,soup_scene1,1,old
1230,20.545377492904663,1.2798895130275667,obse,soup_scene1,1,old
1231,20.54928708076477,1.2798895130275667,obse,soup_scene1,1,old
1232,20.55307388305664,1.2798895130275667,obse,soup_scene1,1,old
1233,20.556918382644653,1.2798895130275667,obse,soup_scene1,1,old
1234,20.561022520065308,1.2798895130275667,obse,soup_scene1,1,old
1235,20.56488013267517,1.2798895130275667,obse,soup_scene1,1,old
1236,20.568742990493774,1.2798895130275667,obse,soup_scene1,1,old
1237,20.572585344314575,1.2798895130275667,obse,soup_scene1,1,old
1238,20.57642436027527,1.2798895130275667,obse,soup_scene1,1,old
1239,20.580500602722168,1.2798895130275667,obse,soup_scene1,1,old
1240,20.584373235702515,1.2798895130275667,obse,soup_scene1,1,old
1241,20.588250160217285,1.2798895130275667,obse,soup_scene1,1,old
1242,20.592106580734253,1.2798895130275667,obse,soup_scene1,1,old
1243,20.596001625061035,1.2798895130275667,obse,soup_scene1,1,old
1244,20.600016593933105,1.2798895130275667,obse,soup_scene1,1,old
1245,20.603878498077393,1.2798895130275667,obse,soup_scene1,1,old
1246,20.607712507247925,1.2798895130275667,obse,soup_scene1,1,old
1247,20.61158800125122,1.2798895130275667,obse,soup_scene1,1,old
1248,20.615526914596558,1.2798895130275667,obse,soup_scene1,1,old
1249,20.61943221092224,1.2798895130275667,obse,soup_scene1,1,old
1250,20.62331485748291,1.2798895130275667,obse,soup_scene1,1,old
1251,20.62718677520752,1.2798895130275667,obse,soup_scene1,1,old
1252,20.631052494049072,1.2798895130275667,obse,soup_scene1,1,old
1253,20.635048866271973,1.2798895130275667,obse,soup_scene1,1,old
1254,20.63893437385559,1.2798895130275667,obse,soup_scene1,1,old
1255,20.6428542137146,1.2798895130275667,obse,soup_scene1,1,old
1256,20.64669179916382,1.2798895130275667,obse,soup_scene1,1,old
1257,20.650672912597656,1.2798895130275667,obse,soup_scene1,1,old
1258,20.654550552368164,1.2798895130275667,obse,soup_scene1,1,old
1259,20.658352375030518,1.2798895130275667,obse,soup_scene1,1,old
1260,20.662320852279663,1.2798895130275667,obse,soup_scene1,1,old
1261,20.666157960891724,1.2798895130275667,obse,soup_scene1,1,old
1262,20.67017364501953,1.2798895130275667,obse,soup_scene1,1,old
1263,20.674025774002075,1.2798895130275667,obse,soup_scene1,1,old
1264,20.677854537963867,1.2798895130275667,obse,soup_scene1,1,old
1265,20.68185806274414,1.2798895130275667,obse,soup_scene1,1,old
1266,20.685798168182373,1.2798895130275667,obse,soup_scene1,1,old
1267,20.689716577529907,1.2798895130275667,obse,soup_scene1,1,old
1268,20.693608045578003,1.2798895130275667,obse,soup_scene1,1,old
1269,20.697439193725586,1.2798895130275667,obse,soup_scene1,1,old
1270,20.70140814781189,1.2798895130275667,obse,soup_scene1,1,old
1271,20.705326080322266,1.2798895130275667,obse,soup_scene1,1,old
1272,20.709221601486206,1.2798895130275667,obse,soup_scene1,1,old
1273,20.713073253631592,1.2798895130275667,obse,soup_scene1,1,old
1274,20.71692132949829,1.2798895130275667,obse,soup_scene1,1,old
1275,20.720927000045776,1.2798895130275667,obse,soup_scene1,1,old
1276,20.724807024002075,1.2798895130275667,obse,soup_scene1,1,old
1277,20.728704929351807,1.2798895130275667,obse,soup_scene1,1,old
1278,20.73268699645996,1.2798895130275667,obse,soup_scene1,1,old
1279,20.736555337905884,1.2798895130275667,obse,soup_scene1,1,old
1280,20.74060606956482,1.2798895130275667,obse,soup_scene1,1,old
1281,20.74447250366211,1.2798895130275667,obse,soup_scene1,1,old
1282,20.74834370613098,1.2798895130275667,obse,soup_scene1,1,old
1283,20.752237796783447,1.2798895130275667,obse,soup_scene1,1,old
1284,20.75606942176819,1.2798895130275667,obse,soup_scene1,1,old
1285,20.760010480880737,1.2798895130275667,obse,soup_scene1,1,old
1286,20.763920545578003,1.2798895130275667,obse,soup_scene1,1,old
1287,20.7677583694458,1.2798895130275667,obse,soup_scene1,1,old
1288,20.771584033966064,1.2798895130275667,obse,soup_scene1,1,old
1289,20.775575637817383,1.2798895130275667,obse,soup_scene1,1,old
1290,20.779469966888428,1.2798895130275667,obse,soup_scene1,1,old
1291,20.783417224884033,1.2798895130275667,obse,soup_scene1,1,old
1292,20.78730607032776,1.2798895130275667,obse,soup_scene1,1,old
1293,20.791141510009766,1.2798895130275667,obse,soup_scene1,1,old
1294,20.79516100883484,1.2798895130275667,obse,soup_scene1,1,old
1295,20.79900288581848,1.2798895130275667,obse,soup_scene1,1,old
1296,20.802910566329956,1.2798895130275667,obse,soup_scene1,1,old
1297,20.806781768798828,1.2798895130275667,obse,soup_scene1,1,old
1298,20.81068730354309,1.2798895130275667,obse,soup_scene1,1,old
1299,20.814570665359497,1.2798895130275667,obse,soup_scene1,1,old
1300,20.818418979644775,1.2798895130275667,obse,soup_scene1,1,old
1301,20.82226252555847,1.2798895130275667,obse,soup_scene1,1,old
1302,20.82616424560547,1.2798895130275667,obse,soup_scene1,1,old
1303,20.83015489578247,1.2798895130275667,obse,soup_scene1,1,old
1304,20.83405113220215,1.2798895130275667,obse,soup_scene1,1,old
1305,20.837918519973755,1.2798895130275667,obse,soup_scene1,1,old
1306,20.84174394607544,1.2798895130275667,obse,soup_scene1,1,old
1307,20.845689058303833,1.2798895130275667,obse,soup_scene1,1,old
