0,0.0003426074981689453,0.29928370437507645,PBPF,soup_scene1,1,old
1,0.012179374694824219,0.29928370437507645,PBPF,soup_scene1,1,old
2,0.043099403381347656,0.3003491444831633,PBPF,soup_scene1,1,old
3,0.0904548168182373,0.47353068804231846,PBPF,soup_scene1,1,old
4,0.15093255043029785,0.47353068804231846,PBPF,soup_scene1,1,old
5,0.18826961517333984,0.49209611552584587,PBPF,soup_scene1,1,old
6,0.20088601112365723,0.49173492576785005,PBPF,soup_scene1,1,old
7,0.2185535430908203,0.49115719884498427,PBPF,soup_scene1,1,old
8,0.2428889274597168,0.49120334216938105,PBPF,soup_scene1,1,old
9,0.2752866744995117,0.49070456581011207,PBPF,soup_scene1,1,old
10,0.2992677688598633,0.4916366173320208,PBPF,soup_scene1,1,old
11,0.3284912109375,0.4917326197315566,PBPF,soup_scene1,1,old
12,0.3576624393463135,0.49154682167759817,PBPF,soup_scene1,1,old
13,0.3811368942260742,0.49152405638429963,PBPF,soup_scene1,1,old
14,0.4574918746948242,0.491374423878386,PBPF,soup_scene1,1,old
15,0.5267715454101562,0.4922478469355891,PBPF,soup_scene1,1,old
16,0.5629007816314697,0.49224813151705593,PBPF,soup_scene1,1,old
17,0.6098992824554443,0.49190466833698815,PBPF,soup_scene1,1,old
18,0.6773004531860352,0.4882107913739492,PBPF,soup_scene1,1,old
19,0.707543134689331,0.4882107913739492,PBPF,soup_scene1,1,old
20,0.7395081520080566,0.4882107913739492,PBPF,soup_scene1,1,old
21,0.7646472454071045,0.5394395527880089,PBPF,soup_scene1,1,old
22,0.819164514541626,0.5668241966026684,PBPF,soup_scene1,1,old
23,0.843151330947876,0.5668241966026684,PBPF,soup_scene1,1,old
24,0.8901450634002686,0.5048925634102401,PBPF,soup_scene1,1,old
25,0.8970892429351807,0.5048925634102401,PBPF,soup_scene1,1,old
26,0.9118430614471436,0.5048925634102401,PBPF,soup_scene1,1,old
27,0.9324724674224854,0.5238800616274037,PBPF,soup_scene1,1,old
28,0.9472362995147705,0.5238800616274037,PBPF,soup_scene1,1,old
29,0.9629969596862793,0.5238800616274037,PBPF,soup_scene1,1,old
30,0.9832048416137695,0.5238800616274037,PBPF,soup_scene1,1,old
31,1.067356824874878,0.5925641726809747,PBPF,soup_scene1,1,old
32,1.085357427597046,0.6036815673368272,PBPF,soup_scene1,1,old
33,1.1138486862182617,0.6169136568012794,PBPF,soup_scene1,1,old
34,1.203153133392334,0.6678458392359365,PBPF,soup_scene1,1,old
35,1.227433681488037,0.6865151513394423,PBPF,soup_scene1,1,old
36,1.24965500831604,0.6921490312528906,PBPF,soup_scene1,1,old
37,1.2706727981567383,0.7155982237380796,PBPF,soup_scene1,1,old
38,1.2923734188079834,0.7245267274237364,PBPF,soup_scene1,1,old
39,1.3463962078094482,0.7288993670356421,PBPF,soup_scene1,1,old
40,1.4032046794891357,0.7734925953660499,PBPF,soup_scene1,1,old
41,1.571408748626709,0.8593038466306506,PBPF,soup_scene1,1,old
42,1.611255407333374,0.8927796909475215,PBPF,soup_scene1,1,old
43,1.6511187553405762,0.9046265731440555,PBPF,soup_scene1,1,old
44,1.7271292209625244,0.9794958559216207,PBPF,soup_scene1,1,old
45,1.7349121570587158,0.9814327890404325,PBPF,soup_scene1,1,old
46,1.7788639068603516,0.9899125082760143,PBPF,soup_scene1,1,old
47,1.8668649196624756,1.0213574763232822,PBPF,soup_scene1,1,old
48,1.8965990543365479,1.0416834392437364,PBPF,soup_scene1,1,old
49,1.924680471420288,1.0596658275545154,PBPF,soup_scene1,1,old
50,1.9483544826507568,1.069636860377571,PBPF,soup_scene1,1,old
51,2.0150094032287598,1.0709817201325755,PBPF,soup_scene1,1,old
52,2.067058801651001,1.0931376584407637,PBPF,soup_scene1,1,old
53,2.108570098876953,1.1104070860698556,PBPF,soup_scene1,1,old
54,2.179150104522705,1.1021215749313242,PBPF,soup_scene1,1,old
55,2.2124433517456055,1.1093645402431125,PBPF,soup_scene1,1,old
56,2.2395079135894775,1.1093645402431125,PBPF,soup_scene1,1,old
57,2.2949318885803223,1.1063939532289782,PBPF,soup_scene1,1,old
58,2.30222487449646,1.1063939532289782,PBPF,soup_scene1,1,old
59,2.3846848011016846,1.1140116095379353,PBPF,soup_scene1,1,old
60,2.4394776821136475,1.142139666141499,PBPF,soup_scene1,1,old
61,2.51513671875,1.1492730622058627,PBPF,soup_scene1,1,old
62,2.555893898010254,1.1535899741249196,PBPF,soup_scene1,1,old
63,2.5766546726226807,1.1535935636269208,PBPF,soup_scene1,1,old
64,2.627138137817383,1.1496256051798337,PBPF,soup_scene1,1,old
65,2.6941726207733154,1.167459988860882,PBPF,soup_scene1,1,old
66,2.7013041973114014,1.167459988860882,PBPF,soup_scene1,1,old
67,2.799351215362549,1.16740041833574,PBPF,soup_scene1,1,old
68,2.8645644187927246,1.1675881495304443,PBPF,soup_scene1,1,old
69,2.9238274097442627,1.1788422840623178,PBPF,soup_scene1,1,old
70,2.975135564804077,1.2015343920407933,PBPF,soup_scene1,1,old
71,3.003920793533325,1.2642459240308337,PBPF,soup_scene1,1,old
72,3.016533851623535,1.2645973164300512,PBPF,soup_scene1,1,old
73,3.108062982559204,1.265486014287875,PBPF,soup_scene1,1,old
74,3.1791417598724365,1.2573938558295596,PBPF,soup_scene1,1,old
75,3.1995115280151367,1.260635198505816,PBPF,soup_scene1,1,old
76,3.239055871963501,1.261502491964225,PBPF,soup_scene1,1,old
77,3.323416233062744,1.25001645974943,PBPF,soup_scene1,1,old
78,3.3589870929718018,1.2788197636878484,PBPF,soup_scene1,1,old
79,3.392108917236328,1.2525362783582308,PBPF,soup_scene1,1,old
80,3.4400525093078613,1.2820462264701415,PBPF,soup_scene1,1,old
81,3.5114681720733643,1.2690403485283293,PBPF,soup_scene1,1,old
82,3.5284183025360107,1.2742295281111424,PBPF,soup_scene1,1,old
83,3.5376269817352295,1.2742295281111424,PBPF,soup_scene1,1,old
84,3.5613794326782227,1.2730434337303178,PBPF,soup_scene1,1,old
85,3.6103341579437256,1.270613034220955,PBPF,soup_scene1,1,old
86,3.624127149581909,1.2697914485790003,PBPF,soup_scene1,1,old
87,3.631115436553955,1.2697914485790003,PBPF,soup_scene1,1,old
88,3.6553397178649902,1.2707308127233912,PBPF,soup_scene1,1,old
89,3.707139730453491,1.2691438708410896,PBPF,soup_scene1,1,old
90,3.7230465412139893,1.2697169540888655,PBPF,soup_scene1,1,old
91,3.7395052909851074,1.220470558083754,PBPF,soup_scene1,1,old
92,3.770940065383911,1.220470558083754,PBPF,soup_scene1,1,old
93,3.7773232460021973,1.219737360118537,PBPF,soup_scene1,1,old
94,3.830524444580078,1.219737360118537,PBPF,soup_scene1,1,old
95,3.840564012527466,1.2191523597029539,PBPF,soup_scene1,1,old
96,3.8719916343688965,1.2325375843270252,PBPF,soup_scene1,1,old
97,3.8884072303771973,1.2325242701475374,PBPF,soup_scene1,1,old
98,3.8989877700805664,1.2325242701475374,PBPF,soup_scene1,1,old
99,3.9070253372192383,1.2320099873258668,PBPF,soup_scene1,1,old
100,3.934969902038574,1.23271281133246,PBPF,soup_scene1,1,old
101,3.9876437187194824,1.2328752806075485,PBPF,soup_scene1,1,old
102,4.019535303115845,1.2310776789525095,PBPF,soup_scene1,1,old
103,4.0405871868133545,1.3162205803615894,PBPF,soup_scene1,1,old
104,4.059652805328369,1.316159997039768,PBPF,soup_scene1,1,old
105,4.094445466995239,1.3177734720476515,PBPF,soup_scene1,1,old
106,4.131347179412842,1.319037018915684,PBPF,soup_scene1,1,old
107,4.155019521713257,1.3186734474087505,PBPF,soup_scene1,1,old
108,4.170186996459961,1.3183715085523557,PBPF,soup_scene1,1,old
109,4.178040027618408,1.3183715085523557,PBPF,soup_scene1,1,old
110,4.220698118209839,1.286500486959734,PBPF,soup_scene1,1,old
111,4.231082201004028,1.286500486959734,PBPF,soup_scene1,1,old
112,4.266577482223511,1.2863739084932049,PBPF,soup_scene1,1,old
113,4.333154916763306,1.287776443712721,PBPF,soup_scene1,1,old
114,4.387428045272827,1.2865248114938082,PBPF,soup_scene1,1,old
115,4.487155437469482,1.2885283116209338,PBPF,soup_scene1,1,old
116,4.514686822891235,1.2872786993154683,PBPF,soup_scene1,1,old
117,4.603277921676636,1.2886270353702098,PBPF,soup_scene1,1,old
118,4.615067481994629,1.2886270353702098,PBPF,soup_scene1,1,old
119,4.627117872238159,1.2886270353702098,PBPF,soup_scene1,1,old
120,4.639276027679443,1.2886270353702098,PBPF,soup_scene1,1,old
121,4.664394378662109,1.2886270353702098,PBPF,soup_scene1,1,old
122,4.699902534484863,1.287928497504777,PBPF,soup_scene1,1,old
123,4.8150553703308105,1.2877771874103594,PBPF,soup_scene1,1,old
124,4.867462873458862,1.287698962936921,PBPF,soup_scene1,1,old
125,4.890801906585693,1.2887813046950205,PBPF,soup_scene1,1,old
126,4.931262254714966,1.2893527185348024,PBPF,soup_scene1,1,old
127,4.968504428863525,1.2877045622253354,PBPF,soup_scene1,1,old
128,5.000362157821655,1.2935694787140113,PBPF,soup_scene1,1,old
129,5.018276214599609,1.2935694787140113,PBPF,soup_scene1,1,old
130,5.038193941116333,1.2934945921768302,PBPF,soup_scene1,1,old
131,5.058105230331421,1.2934826987769874,PBPF,soup_scene1,1,old
132,5.06888747215271,1.2934826987769874,PBPF,soup_scene1,1,old
133,5.082657814025879,1.2974538366626183,PBPF,soup_scene1,1,old
134,5.118472576141357,1.295522648062648,PBPF,soup_scene1,1,old
135,5.142566680908203,1.2970528247561424,PBPF,soup_scene1,1,old
136,5.191726446151733,1.3033793549943706,PBPF,soup_scene1,1,old
137,5.204519510269165,1.3033793549943706,PBPF,soup_scene1,1,old
138,5.240560293197632,1.303707065985589,PBPF,soup_scene1,1,old
139,5.268935203552246,1.303707065985589,PBPF,soup_scene1,1,old
140,5.281623601913452,1.303707065985589,PBPF,soup_scene1,1,old
141,5.293689489364624,1.303707065985589,PBPF,soup_scene1,1,old
142,5.326595306396484,1.306471428190442,PBPF,soup_scene1,1,old
143,5.347460985183716,1.306471428190442,PBPF,soup_scene1,1,old
144,5.36093282699585,1.306471428190442,PBPF,soup_scene1,1,old
145,5.415894985198975,1.3132463264638436,PBPF,soup_scene1,1,old
146,5.480222702026367,1.3000732524723162,PBPF,soup_scene1,1,old
147,5.48774266242981,1.3000732524723162,PBPF,soup_scene1,1,old
148,5.500504970550537,1.3000732524723162,PBPF,soup_scene1,1,old
149,5.523977041244507,1.3020861699548574,PBPF,soup_scene1,1,old
150,5.560519456863403,1.3021540055969103,PBPF,soup_scene1,1,old
151,5.573069334030151,1.3021540055969103,PBPF,soup_scene1,1,old
152,5.580404758453369,1.3021540055969103,PBPF,soup_scene1,1,old
153,5.605374097824097,1.3020674881045107,PBPF,soup_scene1,1,old
154,5.63528847694397,1.3020674881045107,PBPF,soup_scene1,1,old
155,5.649192571640015,1.304107049785121,PBPF,soup_scene1,1,old
156,5.710966348648071,1.2811631200151972,PBPF,soup_scene1,1,old
157,5.73456335067749,1.282057976955285,PBPF,soup_scene1,1,old
158,5.751217365264893,1.282083276294332,PBPF,soup_scene1,1,old
159,5.758530139923096,1.282077842757702,PBPF,soup_scene1,1,old
160,5.771041631698608,1.2820954989465467,PBPF,soup_scene1,1,old
161,5.8389036655426025,1.274066484580854,PBPF,soup_scene1,1,old
162,5.87545919418335,1.274066484580854,PBPF,soup_scene1,1,old
163,5.922281742095947,1.273716627454072,PBPF,soup_scene1,1,old
164,5.929601430892944,1.273716627454072,PBPF,soup_scene1,1,old
165,5.990377902984619,1.2740358153364877,PBPF,soup_scene1,1,old
166,6.0053722858428955,1.2740358153364877,PBPF,soup_scene1,1,old
167,6.018369913101196,1.2740358153364877,PBPF,soup_scene1,1,old
168,6.025491714477539,1.2740358153364877,PBPF,soup_scene1,1,old
169,6.068588972091675,1.2246794575284783,PBPF,soup_scene1,1,old
170,6.080115556716919,1.2246794575284783,PBPF,soup_scene1,1,old
171,6.092417001724243,1.2246794575284783,PBPF,soup_scene1,1,old
172,6.0996503829956055,1.2246794575284783,PBPF,soup_scene1,1,old
173,6.1065146923065186,1.2246794575284783,PBPF,soup_scene1,1,old
174,6.151411056518555,1.2337187528345215,PBPF,soup_scene1,1,old
175,6.234977722167969,1.2344843346124659,PBPF,soup_scene1,1,old
176,6.250253677368164,1.2346408444316985,PBPF,soup_scene1,1,old
177,6.283590793609619,1.2345128176695885,PBPF,soup_scene1,1,old
178,6.3132243156433105,1.237838875327803,PBPF,soup_scene1,1,old
179,6.35499382019043,1.2401023983541406,PBPF,soup_scene1,1,old
180,6.368261098861694,1.240143079960484,PBPF,soup_scene1,1,old
181,6.391319274902344,1.237380894442217,PBPF,soup_scene1,1,old
182,6.407365322113037,1.2359252776748415,PBPF,soup_scene1,1,old
183,6.442289113998413,1.2364034373033963,PBPF,soup_scene1,1,old
184,6.477855205535889,1.2364360954347884,PBPF,soup_scene1,1,old
185,6.522578001022339,1.2659098426229207,PBPF,soup_scene1,1,old
186,6.544527769088745,1.2658574041782709,PBPF,soup_scene1,1,old
187,6.558008670806885,1.2646792612305426,PBPF,soup_scene1,1,old
188,6.601349592208862,1.335440818056587,PBPF,soup_scene1,1,old
189,6.608134031295776,1.3354909090904936,PBPF,soup_scene1,1,old
190,6.6232078075408936,1.3349503947114716,PBPF,soup_scene1,1,old
191,6.630856990814209,1.3350479210108537,PBPF,soup_scene1,1,old
192,6.637430191040039,1.3345045580174242,PBPF,soup_scene1,1,old
193,6.650483131408691,1.3341006730296083,PBPF,soup_scene1,1,old
194,6.6885902881622314,1.3334495462401472,PBPF,soup_scene1,1,old
195,6.718566179275513,1.3318711550355582,PBPF,soup_scene1,1,old
196,6.740417003631592,1.3318711550355582,PBPF,soup_scene1,1,old
197,6.786931037902832,1.4106247902084568,PBPF,soup_scene1,1,old
198,6.801328659057617,1.4106247902084568,PBPF,soup_scene1,1,old
199,6.834408521652222,1.4106247902084568,PBPF,soup_scene1,1,old
200,6.850910425186157,1.4106247902084568,PBPF,soup_scene1,1,old
201,6.8669703006744385,1.4106247902084568,PBPF,soup_scene1,1,old
202,6.873964309692383,1.4106247902084568,PBPF,soup_scene1,1,old
203,6.906260013580322,1.4502778730230537,PBPF,soup_scene1,1,old
204,6.915297269821167,1.4492913873618267,PBPF,soup_scene1,1,old
205,6.927245616912842,1.448177214525181,PBPF,soup_scene1,1,old
206,6.933822154998779,1.4489854857557178,PBPF,soup_scene1,1,old
207,6.9405577182769775,1.4491679124069883,PBPF,soup_scene1,1,old
208,6.94667649269104,1.4489862887093112,PBPF,soup_scene1,1,old
209,6.953104734420776,1.4474798132084876,PBPF,soup_scene1,1,old
210,6.959143877029419,1.4474798132084876,PBPF,soup_scene1,1,old
211,6.965515613555908,1.4480942300313675,PBPF,soup_scene1,1,old
212,6.972048997879028,1.4478314806699313,PBPF,soup_scene1,1,old
213,6.978201866149902,1.4481450252542736,PBPF,soup_scene1,1,old
214,6.984686613082886,1.4481450252542736,PBPF,soup_scene1,1,old
215,6.991583347320557,1.4481957152490086,PBPF,soup_scene1,1,old
216,6.9983837604522705,1.447572302997152,PBPF,soup_scene1,1,old
217,7.00505518913269,1.4484521093538003,PBPF,soup_scene1,1,old
218,7.011529922485352,1.4470534545474365,PBPF,soup_scene1,1,old
219,7.017533540725708,1.4470534545474365,PBPF,soup_scene1,1,old
220,7.024454116821289,1.4469556685904523,PBPF,soup_scene1,1,old
221,7.030924081802368,1.4459651751423426,PBPF,soup_scene1,1,old
222,7.037343978881836,1.4462598459322207,PBPF,soup_scene1,1,old
223,7.043884754180908,1.4459639619076237,PBPF,soup_scene1,1,old
224,7.051600456237793,1.4456095685462875,PBPF,soup_scene1,1,old
225,7.058875799179077,1.446107554625181,PBPF,soup_scene1,1,old
226,7.067814588546753,1.434835505079441,PBPF,soup_scene1,1,old
227,7.077149868011475,1.4337737308989125,PBPF,soup_scene1,1,old
228,7.085880994796753,1.4332352842841942,PBPF,soup_scene1,1,old
229,7.094647407531738,1.432667356677575,PBPF,soup_scene1,1,old
230,7.102412939071655,1.4322495406825677,PBPF,soup_scene1,1,old
231,7.110652923583984,1.4322951331086076,PBPF,soup_scene1,1,old
232,7.1175689697265625,1.432300475462048,PBPF,soup_scene1,1,old
233,7.1250786781311035,1.433503433159479,PBPF,soup_scene1,1,old
234,7.1325788497924805,1.4328464712387037,PBPF,soup_scene1,1,old
235,7.139507055282593,1.4324938828262104,PBPF,soup_scene1,1,old
236,7.14714241027832,1.4313938580996934,PBPF,soup_scene1,1,old
237,7.154207706451416,1.4303146944724716,PBPF,soup_scene1,1,old
238,7.161251783370972,1.4301616814083165,PBPF,soup_scene1,1,old
239,7.1682469844818115,1.4301616814083165,PBPF,soup_scene1,1,old
240,7.175210952758789,1.4300280764908626,PBPF,soup_scene1,1,old
241,7.18258810043335,1.4322405144652013,PBPF,soup_scene1,1,old
242,7.189955949783325,1.4318778190412838,PBPF,soup_scene1,1,old
243,7.197259902954102,1.4318909411212868,PBPF,soup_scene1,1,old
244,7.204803228378296,1.4321621332435557,PBPF,soup_scene1,1,old
245,7.211990833282471,1.4320218743989246,PBPF,soup_scene1,1,old
246,7.2190423011779785,1.4699613074449607,PBPF,soup_scene1,1,old
247,7.226084470748901,1.4699613074449607,PBPF,soup_scene1,1,old
248,7.233517169952393,1.4696365199304067,PBPF,soup_scene1,1,old
249,7.24237060546875,1.467720204026068,PBPF,soup_scene1,1,old
250,7.249656438827515,1.4687735367916686,PBPF,soup_scene1,1,old
251,7.257630109786987,1.4683304107822597,PBPF,soup_scene1,1,old
252,7.266225099563599,1.4689266171086492,PBPF,soup_scene1,1,old
253,7.273888111114502,1.4686221273060776,PBPF,soup_scene1,1,old
254,7.281457901000977,1.4676611428234692,PBPF,soup_scene1,1,old
255,7.288824558258057,1.467991560613422,PBPF,soup_scene1,1,old
256,7.295988082885742,1.4681235615401391,PBPF,soup_scene1,1,old
257,7.303486108779907,1.46723034989751,PBPF,soup_scene1,1,old
258,7.311093807220459,1.467368254106061,PBPF,soup_scene1,1,old
259,7.318411827087402,1.467034576604095,PBPF,soup_scene1,1,old
260,7.325820684432983,1.4668532462651642,PBPF,soup_scene1,1,old
261,7.33223032951355,1.467879789893348,PBPF,soup_scene1,1,old
262,7.339667797088623,1.4681300596625295,PBPF,soup_scene1,1,old
263,7.346359014511108,1.4675158801749744,PBPF,soup_scene1,1,old
264,7.353808164596558,1.466105842904712,PBPF,soup_scene1,1,old
265,7.36045503616333,1.466459584561684,PBPF,soup_scene1,1,old
266,7.367842435836792,1.4666607314653648,PBPF,soup_scene1,1,old
267,7.3743720054626465,1.4666324874043637,PBPF,soup_scene1,1,old
268,7.38197660446167,1.471785318624921,PBPF,soup_scene1,1,old
269,7.389100551605225,1.4714953814630558,PBPF,soup_scene1,1,old
270,7.396134614944458,1.4703188655893573,PBPF,soup_scene1,1,old
271,7.405112028121948,1.4705975092641486,PBPF,soup_scene1,1,old
272,7.412210702896118,1.4705975092641486,PBPF,soup_scene1,1,old
273,7.418677091598511,1.471110089161777,PBPF,soup_scene1,1,old
274,7.424755096435547,1.471110089161777,PBPF,soup_scene1,1,old
275,7.431198835372925,1.4722988519482991,PBPF,soup_scene1,1,old
276,7.437671899795532,1.4722988519482991,PBPF,soup_scene1,1,old
277,7.450950622558594,1.4717576614525314,PBPF,soup_scene1,1,old
278,7.461334943771362,1.4707591729413263,PBPF,soup_scene1,1,old
279,7.468874931335449,1.4707591729413263,PBPF,soup_scene1,1,old
280,7.473450660705566,1.4707591729413263,PBPF,soup_scene1,1,old
281,7.478992462158203,1.4703506911969124,PBPF,soup_scene1,1,old
282,7.483570098876953,1.4699469186534446,PBPF,soup_scene1,1,old
283,7.487905263900757,1.4699469186534446,PBPF,soup_scene1,1,old
284,7.492305040359497,1.4700625860834322,PBPF,soup_scene1,1,old
285,7.497042417526245,1.4700280168685433,PBPF,soup_scene1,1,old
286,7.501464366912842,1.4700280168685433,PBPF,soup_scene1,1,old
287,7.506097793579102,1.4693580942897422,PBPF,soup_scene1,1,old
288,7.510749578475952,1.46926882062926,PBPF,soup_scene1,1,old
289,7.515514612197876,1.468644713492042,PBPF,soup_scene1,1,old
290,7.520038843154907,1.4681980577488536,PBPF,soup_scene1,1,old
291,7.524329900741577,1.4681980577488536,PBPF,soup_scene1,1,old
292,7.528837203979492,1.4681980577488536,PBPF,soup_scene1,1,old
293,7.533393621444702,1.4681538787820398,PBPF,soup_scene1,1,old
294,7.538316965103149,1.4684385664787272,PBPF,soup_scene1,1,old
295,7.542785882949829,1.4684385664787272,PBPF,soup_scene1,1,old
296,7.547877788543701,1.4684385664787272,PBPF,soup_scene1,1,old
297,7.5525147914886475,1.4657695363485495,PBPF,soup_scene1,1,old
298,7.55742335319519,1.4659514229876969,PBPF,soup_scene1,1,old
299,7.562086582183838,1.4659514229876969,PBPF,soup_scene1,1,old
300,7.5664896965026855,1.4657584620755113,PBPF,soup_scene1,1,old
301,7.5713982582092285,1.4664020045024309,PBPF,soup_scene1,1,old
302,7.580643177032471,1.4659498796405277,PBPF,soup_scene1,1,old
303,7.5851616859436035,1.465660479991171,PBPF,soup_scene1,1,old
304,7.59085750579834,1.4665311974887016,PBPF,soup_scene1,1,old
305,7.5977771282196045,1.4665311974887016,PBPF,soup_scene1,1,old
306,7.605625629425049,1.4663639590857507,PBPF,soup_scene1,1,old
307,7.613054513931274,1.4658274526913297,PBPF,soup_scene1,1,old
308,7.620904445648193,1.4657864857415834,PBPF,soup_scene1,1,old
309,7.627959728240967,1.4657864857415834,PBPF,soup_scene1,1,old
310,7.635026454925537,1.4657864857415834,PBPF,soup_scene1,1,old
311,7.642387390136719,1.4660164925825088,PBPF,soup_scene1,1,old
312,7.64921498298645,1.4654816015067906,PBPF,soup_scene1,1,old
313,7.655797243118286,1.465215870799108,PBPF,soup_scene1,1,old
314,7.662348985671997,1.464622980280316,PBPF,soup_scene1,1,old
315,7.66933274269104,1.4648454073801922,PBPF,soup_scene1,1,old
316,7.6771240234375,1.465683880942617,PBPF,soup_scene1,1,old
317,7.685891151428223,1.466652481729482,PBPF,soup_scene1,1,old
318,7.693665266036987,1.466448598007056,PBPF,soup_scene1,1,old
319,7.699777126312256,1.4666162055155976,PBPF,soup_scene1,1,old
320,7.705255508422852,1.4667938768153048,PBPF,soup_scene1,1,old
321,7.710088014602661,1.4667938768153048,PBPF,soup_scene1,1,old
322,7.715295076370239,1.466042955049934,PBPF,soup_scene1,1,old
323,7.720207214355469,1.4663596715538763,PBPF,soup_scene1,1,old
324,7.724767446517944,1.4663596715538763,PBPF,soup_scene1,1,old
325,7.729736804962158,1.4660728504969267,PBPF,soup_scene1,1,old
326,7.734039545059204,1.4660728504969267,PBPF,soup_scene1,1,old
327,7.738744258880615,1.4655778459914233,PBPF,soup_scene1,1,old
328,7.74341607093811,1.4655970143035617,PBPF,soup_scene1,1,old
329,7.748221397399902,1.4666100371950428,PBPF,soup_scene1,1,old
330,7.752924203872681,1.4663289356938085,PBPF,soup_scene1,1,old
331,7.757765054702759,1.467619536222915,PBPF,soup_scene1,1,old
332,7.7619428634643555,1.467619536222915,PBPF,soup_scene1,1,old
333,7.766191244125366,1.467619536222915,PBPF,soup_scene1,1,old
334,7.770598411560059,1.4672374743792256,PBPF,soup_scene1,1,old
335,7.775196075439453,1.4670666001811705,PBPF,soup_scene1,1,old
336,7.779700756072998,1.4670666001811705,PBPF,soup_scene1,1,old
337,7.783949613571167,1.4665332181710005,PBPF,soup_scene1,1,old
338,7.788897752761841,1.4666351772276265,PBPF,soup_scene1,1,old
339,7.793237686157227,1.4664068096626668,PBPF,soup_scene1,1,old
340,7.798042058944702,1.466511122743186,PBPF,soup_scene1,1,old
341,7.802432298660278,1.466511122743186,PBPF,soup_scene1,1,old
342,7.807222366333008,1.4667443524488233,PBPF,soup_scene1,1,old
343,7.811644792556763,1.4667797706865082,PBPF,soup_scene1,1,old
344,7.816002130508423,1.4653131448996604,PBPF,soup_scene1,1,old
345,7.820610761642456,1.4653131448996604,PBPF,soup_scene1,1,old
346,7.82532525062561,1.4644487328482851,PBPF,soup_scene1,1,old
347,7.829896450042725,1.4646938692597598,PBPF,soup_scene1,1,old
348,7.834455490112305,1.464378901114653,PBPF,soup_scene1,1,old
349,7.839108943939209,1.4646483186775665,PBPF,soup_scene1,1,old
350,7.843480110168457,1.4646483186775665,PBPF,soup_scene1,1,old
351,7.847954988479614,1.4654876186207106,PBPF,soup_scene1,1,old
352,7.85207986831665,1.4654876186207106,PBPF,soup_scene1,1,old
353,7.8561625480651855,1.4654876186207106,PBPF,soup_scene1,1,old
354,7.860551595687866,1.5041964146428066,PBPF,soup_scene1,1,old
355,7.864652872085571,1.5041964146428066,PBPF,soup_scene1,1,old
356,7.868865966796875,1.5041964146428066,PBPF,soup_scene1,1,old
357,7.873112916946411,1.5045154798315767,PBPF,soup_scene1,1,old
358,7.877452373504639,1.505208989048418,PBPF,soup_scene1,1,old
359,7.881677150726318,1.5059336036148485,PBPF,soup_scene1,1,old
360,7.885991811752319,1.5050017586008861,PBPF,soup_scene1,1,old
361,7.890235424041748,1.5050017586008861,PBPF,soup_scene1,1,old
362,7.894469976425171,1.5050017586008861,PBPF,soup_scene1,1,old
363,7.898679733276367,1.5050741783523023,PBPF,soup_scene1,1,old
364,7.902753114700317,1.5048715891993654,PBPF,soup_scene1,1,old
365,7.907081365585327,1.505083145813388,PBPF,soup_scene1,1,old
366,7.911305665969849,1.505083145813388,PBPF,soup_scene1,1,old
367,7.915767669677734,1.5047446454912823,PBPF,soup_scene1,1,old
368,7.919984817504883,1.5047446454912823,PBPF,soup_scene1,1,old
369,7.9242308139801025,1.5047248382116125,PBPF,soup_scene1,1,old
370,7.928529500961304,1.5042329537056398,PBPF,soup_scene1,1,old
371,7.9325737953186035,1.5042329537056398,PBPF,soup_scene1,1,old
372,7.9367289543151855,1.5046510632868708,PBPF,soup_scene1,1,old
373,7.940933704376221,1.504638541314847,PBPF,soup_scene1,1,old
374,7.945173501968384,1.504638541314847,PBPF,soup_scene1,1,old
375,7.949436902999878,1.504638541314847,PBPF,soup_scene1,1,old
376,7.953553676605225,1.504665416588379,PBPF,soup_scene1,1,old
377,7.958098888397217,1.505809372850817,PBPF,soup_scene1,1,old
378,7.962393760681152,1.5060774477848593,PBPF,soup_scene1,1,old
379,7.966719627380371,1.5056223156311068,PBPF,soup_scene1,1,old
380,7.971092700958252,1.5054070898386067,PBPF,soup_scene1,1,old
381,7.975986003875732,1.506495716110785,PBPF,soup_scene1,1,old
382,7.980444431304932,1.506614449558751,PBPF,soup_scene1,1,old
383,7.984882593154907,1.5048598326326799,PBPF,soup_scene1,1,old
384,7.989448547363281,1.5050569914398375,PBPF,soup_scene1,1,old
385,7.993807554244995,1.5053053222210746,PBPF,soup_scene1,1,old
386,7.998573541641235,1.5067831687706716,PBPF,soup_scene1,1,old
387,8.002799034118652,1.5067831687706716,PBPF,soup_scene1,1,old
388,8.007290124893188,1.5074619739203925,PBPF,soup_scene1,1,old
389,8.01166033744812,1.5072707819219966,PBPF,soup_scene1,1,old
390,8.016163110733032,1.5060888245394244,PBPF,soup_scene1,1,old
391,8.02039647102356,1.5060888245394244,PBPF,soup_scene1,1,old
392,8.024930953979492,1.498329760531418,PBPF,soup_scene1,1,old
393,8.029202699661255,1.4981793435224093,PBPF,soup_scene1,1,old
394,8.03346061706543,1.4981793435224093,PBPF,soup_scene1,1,old
395,8.037803411483765,1.49820850078968,PBPF,soup_scene1,1,old
396,8.042124032974243,1.4982221250720973,PBPF,soup_scene1,1,old
397,8.046631097793579,1.497868800666593,PBPF,soup_scene1,1,old
398,8.050916910171509,1.497868800666593,PBPF,soup_scene1,1,old
399,8.055129766464233,1.497937127045046,PBPF,soup_scene1,1,old
400,8.059264659881592,1.497937127045046,PBPF,soup_scene1,1,old
401,8.063947439193726,1.5001606491597308,PBPF,soup_scene1,1,old
402,8.067949771881104,1.5001606491597308,PBPF,soup_scene1,1,old
403,8.07222032546997,1.4995478801011184,PBPF,soup_scene1,1,old
404,8.076496839523315,1.4995478801011184,PBPF,soup_scene1,1,old
405,8.081356763839722,1.4986524040233928,PBPF,soup_scene1,1,old
406,8.085644006729126,1.498466895483101,PBPF,soup_scene1,1,old
407,8.090110301971436,1.4992671276155636,PBPF,soup_scene1,1,old
408,8.094207763671875,1.4992422211415064,PBPF,soup_scene1,1,old
409,8.098716974258423,1.4990649068830721,PBPF,soup_scene1,1,old
410,8.10289716720581,1.4990649068830721,PBPF,soup_scene1,1,old
411,8.10767674446106,1.4981091344090312,PBPF,soup_scene1,1,old
412,8.111885070800781,1.4978104391878613,PBPF,soup_scene1,1,old
413,8.11640191078186,1.4972293982193148,PBPF,soup_scene1,1,old
414,8.120870113372803,1.4972293982193148,PBPF,soup_scene1,1,old
415,8.125171661376953,1.4972293982193148,PBPF,soup_scene1,1,old
416,8.13014030456543,1.4997943589848313,PBPF,soup_scene1,1,old
417,8.134360551834106,1.4997943589848313,PBPF,soup_scene1,1,old
418,8.139183282852173,1.5002102661982397,PBPF,soup_scene1,1,old
419,8.143830060958862,1.500162612887928,PBPF,soup_scene1,1,old
420,8.148319482803345,1.4991085359988499,PBPF,soup_scene1,1,old
421,8.152990818023682,1.4988477944704663,PBPF,soup_scene1,1,old
422,8.157803535461426,1.4988477944704663,PBPF,soup_scene1,1,old
423,8.162285804748535,1.4988477944704663,PBPF,soup_scene1,1,old
424,8.166823625564575,1.4988477944704663,PBPF,soup_scene1,1,old
425,8.171348571777344,1.4977090554627521,PBPF,soup_scene1,1,old
426,8.1790292263031,1.5102562238286887,PBPF,soup_scene1,1,old
427,8.18514609336853,1.5103152583793804,PBPF,soup_scene1,1,old
428,8.191711664199829,1.5104596074779706,PBPF,soup_scene1,1,old
429,8.197946071624756,1.511047791431645,PBPF,soup_scene1,1,old
430,8.204275846481323,1.5117375786232357,PBPF,soup_scene1,1,old
431,8.211043357849121,1.5130697064929735,PBPF,soup_scene1,1,old
432,8.217269659042358,1.5130697064929735,PBPF,soup_scene1,1,old
433,8.2235107421875,1.5108067059290518,PBPF,soup_scene1,1,old
434,8.229529857635498,1.5100939693155186,PBPF,soup_scene1,1,old
435,8.235503196716309,1.5100939693155186,PBPF,soup_scene1,1,old
436,8.241981029510498,1.5105935317046681,PBPF,soup_scene1,1,old
437,8.248013973236084,1.5106966946960474,PBPF,soup_scene1,1,old
438,8.254018068313599,1.5120849020158864,PBPF,soup_scene1,1,old
439,8.26054072380066,1.5126734483844726,PBPF,soup_scene1,1,old
440,8.26745343208313,1.511342430719993,PBPF,soup_scene1,1,old
441,8.274489879608154,1.5116418794373345,PBPF,soup_scene1,1,old
442,8.280976295471191,1.5110249504494364,PBPF,soup_scene1,1,old
443,8.287476301193237,1.5115694479514497,PBPF,soup_scene1,1,old
444,8.293486833572388,1.5118806855468496,PBPF,soup_scene1,1,old
445,8.299647569656372,1.512490572105573,PBPF,soup_scene1,1,old
446,8.30583381652832,1.5117890805592002,PBPF,soup_scene1,1,old
447,8.312122583389282,1.5122183852528583,PBPF,soup_scene1,1,old
448,8.318181037902832,1.5121736659891873,PBPF,soup_scene1,1,old
449,8.324152708053589,1.5119757644592633,PBPF,soup_scene1,1,old
450,8.330054521560669,1.5128750026417825,PBPF,soup_scene1,1,old
451,8.336250066757202,1.6034355227695258,PBPF,soup_scene1,1,old
452,8.342793464660645,1.6034355227695258,PBPF,soup_scene1,1,old
453,8.349022626876831,1.601627408320417,PBPF,soup_scene1,1,old
454,8.355254650115967,1.5999496443776149,PBPF,soup_scene1,1,old
455,8.36127495765686,1.5999278228705196,PBPF,soup_scene1,1,old
456,8.367178201675415,1.6002178327252234,PBPF,soup_scene1,1,old
457,8.373563528060913,1.6019882690495666,PBPF,soup_scene1,1,old
458,8.379591464996338,1.6038260003517213,PBPF,soup_scene1,1,old
459,8.38583517074585,1.6038220908210516,PBPF,soup_scene1,1,old
460,8.391912937164307,1.6030352231653402,PBPF,soup_scene1,1,old
461,8.398336410522461,1.60123667895918,PBPF,soup_scene1,1,old
462,8.404323101043701,1.6017664740131898,PBPF,soup_scene1,1,old
463,8.410677909851074,1.6014703777411274,PBPF,soup_scene1,1,old
464,8.41688084602356,1.6011549821077402,PBPF,soup_scene1,1,old
465,8.423069477081299,1.6025488465954303,PBPF,soup_scene1,1,old
466,8.429227590560913,1.6021053068707023,PBPF,soup_scene1,1,old
467,8.435417413711548,1.6013771988018903,PBPF,soup_scene1,1,old
468,8.441474914550781,1.6013771988018903,PBPF,soup_scene1,1,old
469,8.447918891906738,1.6023012464044508,PBPF,soup_scene1,1,old
470,8.454042196273804,1.6025977862260077,PBPF,soup_scene1,1,old
471,8.460577726364136,1.6026120383762272,PBPF,soup_scene1,1,old
472,8.466562747955322,1.6026120383762272,PBPF,soup_scene1,1,old
473,8.47272276878357,1.6035599793252826,PBPF,soup_scene1,1,old
474,8.479108333587646,1.6041990196385352,PBPF,soup_scene1,1,old
475,8.484964370727539,1.6041990196385352,PBPF,soup_scene1,1,old
476,8.490785837173462,1.6044007682717327,PBPF,soup_scene1,1,old
477,8.497495889663696,1.6016207943934084,PBPF,soup_scene1,1,old
478,8.50903844833374,1.6011165664153602,PBPF,soup_scene1,1,old
479,8.516101837158203,1.6011794104640051,PBPF,soup_scene1,1,old
480,8.528855323791504,1.6025834790498577,PBPF,soup_scene1,1,old
481,8.543594598770142,1.6039208758009549,PBPF,soup_scene1,1,old
482,8.550391912460327,1.6040917202952443,PBPF,soup_scene1,1,old
483,8.565614223480225,1.6014304692249963,PBPF,soup_scene1,1,old
484,8.572293758392334,1.6013177767296218,PBPF,soup_scene1,1,old
485,8.587347745895386,1.6017326650610881,PBPF,soup_scene1,1,old
486,8.598444700241089,1.6023627688123545,PBPF,soup_scene1,1,old
487,8.611443996429443,1.6033943234412034,PBPF,soup_scene1,1,old
488,8.621030330657959,1.6033943234412034,PBPF,soup_scene1,1,old
489,8.635842084884644,1.6038215341927629,PBPF,soup_scene1,1,old
490,8.64655590057373,1.6039082296824425,PBPF,soup_scene1,1,old
491,8.65759539604187,1.6032546133612717,PBPF,soup_scene1,1,old
492,8.66742467880249,1.6065035786204893,PBPF,soup_scene1,1,old
493,8.677405595779419,1.6054969237472205,PBPF,soup_scene1,1,old
494,8.68592119216919,1.6053842237602582,PBPF,soup_scene1,1,old
495,8.694255828857422,1.6056516215147587,PBPF,soup_scene1,1,old
496,8.702511548995972,1.6046549691728478,PBPF,soup_scene1,1,old
497,8.713839769363403,1.6044204516849883,PBPF,soup_scene1,1,old
498,8.723670959472656,1.6044150566728552,PBPF,soup_scene1,1,old
499,8.732635498046875,1.6049628350078624,PBPF,soup_scene1,1,old
500,8.742118120193481,1.60519819358497,PBPF,soup_scene1,1,old
501,8.752423286437988,1.6049778092529756,PBPF,soup_scene1,1,old
502,8.764891624450684,1.6051339253409243,PBPF,soup_scene1,1,old
503,8.776900291442871,1.6048225948042738,PBPF,soup_scene1,1,old
504,8.789410591125488,1.6050667197813926,PBPF,soup_scene1,1,old
505,8.79983139038086,1.604743596833293,PBPF,soup_scene1,1,old
506,8.811294078826904,1.605601255203517,PBPF,soup_scene1,1,old
507,8.821337938308716,1.6048198988855322,PBPF,soup_scene1,1,old
508,8.82981014251709,1.604671282363972,PBPF,soup_scene1,1,old
509,8.839733362197876,1.6053116748967646,PBPF,soup_scene1,1,old
510,8.848410606384277,1.6051105062099191,PBPF,soup_scene1,1,old
511,8.857519626617432,1.6048609071814601,PBPF,soup_scene1,1,old
512,8.866482973098755,1.6047761628363855,PBPF,soup_scene1,1,old
513,8.875953912734985,1.604919745666746,PBPF,soup_scene1,1,old
514,8.883948564529419,1.6049435425832597,PBPF,soup_scene1,1,old
515,8.892001628875732,1.605114212036903,PBPF,soup_scene1,1,old
516,8.900542736053467,1.6050687385635989,PBPF,soup_scene1,1,old
517,8.910605192184448,1.6050856462665992,PBPF,soup_scene1,1,old
518,8.920063495635986,1.605142213977481,PBPF,soup_scene1,1,old
519,8.929119110107422,1.6049142204512643,PBPF,soup_scene1,1,old
520,8.938373804092407,1.6047594009721058,PBPF,soup_scene1,1,old
521,8.947926759719849,1.6057308281189488,PBPF,soup_scene1,1,old
522,8.956578969955444,1.6046841791215378,PBPF,soup_scene1,1,old
523,8.964984655380249,1.605186553369542,PBPF,soup_scene1,1,old
524,8.973697662353516,1.6049595504682195,PBPF,soup_scene1,1,old
525,8.982403993606567,1.604728941487128,PBPF,soup_scene1,1,old
526,8.991706132888794,1.6050476272674343,PBPF,soup_scene1,1,old
527,9.000149965286255,1.605036705265655,PBPF,soup_scene1,1,old
528,9.009175539016724,1.605075330377379,PBPF,soup_scene1,1,old
529,9.017417669296265,1.605019966584913,PBPF,soup_scene1,1,old
530,9.030208349227905,1.6047811403697256,PBPF,soup_scene1,1,old
531,9.057766437530518,1.6049519424266068,PBPF,soup_scene1,1,old
532,9.073089361190796,1.604639310210862,PBPF,soup_scene1,1,old
533,9.083332777023315,1.6050610181871692,PBPF,soup_scene1,1,old
534,9.091357707977295,1.6050610181871692,PBPF,soup_scene1,1,old
535,9.099868535995483,1.6051807899945674,PBPF,soup_scene1,1,old
536,9.10871696472168,1.6047770791658795,PBPF,soup_scene1,1,old
537,9.117197275161743,1.605207160050317,PBPF,soup_scene1,1,old
538,9.125848531723022,1.6049065505632036,PBPF,soup_scene1,1,old
539,9.134124279022217,1.6049065505632036,PBPF,soup_scene1,1,old
540,9.142516613006592,1.604902208916549,PBPF,soup_scene1,1,old
541,9.151845455169678,1.6048560216398453,PBPF,soup_scene1,1,old
542,9.162075281143188,1.6056354621026658,PBPF,soup_scene1,1,old
543,9.171582460403442,1.605778662774214,PBPF,soup_scene1,1,old
544,9.181835889816284,1.6071421079145622,PBPF,soup_scene1,1,old
545,9.192448616027832,1.6065903651852143,PBPF,soup_scene1,1,old
546,9.202925682067871,1.606499154916281,PBPF,soup_scene1,1,old
547,9.213133573532104,1.6061952556015209,PBPF,soup_scene1,1,old
548,9.221868515014648,1.6063167368365319,PBPF,soup_scene1,1,old
549,9.230623245239258,1.6049827298406107,PBPF,soup_scene1,1,old
550,9.239586591720581,1.605430543353557,PBPF,soup_scene1,1,old
551,9.25163459777832,1.6048556403219125,PBPF,soup_scene1,1,old
552,9.26330852508545,1.606781624962272,PBPF,soup_scene1,1,old
553,9.27214527130127,1.607825515467261,PBPF,soup_scene1,1,old
554,9.280803680419922,1.609210807170843,PBPF,soup_scene1,1,old
555,9.288664102554321,1.6087801630377214,PBPF,soup_scene1,1,old
556,9.296263217926025,1.6085692252672148,PBPF,soup_scene1,1,old
557,9.308500051498413,1.6182761778233186,PBPF,soup_scene1,1,old
558,9.317394256591797,1.6187347876625164,PBPF,soup_scene1,1,old
559,9.325746774673462,1.6189399091279721,PBPF,soup_scene1,1,old
560,9.33418583869934,1.621112879711426,PBPF,soup_scene1,1,old
561,9.344189167022705,1.6210290157788922,PBPF,soup_scene1,1,old
562,9.353028774261475,1.6207429863161267,PBPF,soup_scene1,1,old
563,9.36222243309021,1.622173658707277,PBPF,soup_scene1,1,old
564,9.370770454406738,1.624320443743989,PBPF,soup_scene1,1,old
565,9.380037546157837,1.6210834666225045,PBPF,soup_scene1,1,old
566,9.388860940933228,1.6210355005896837,PBPF,soup_scene1,1,old
567,9.397345542907715,1.6225126839960011,PBPF,soup_scene1,1,old
568,9.406250953674316,1.6226949146972414,PBPF,soup_scene1,1,old
569,9.415430545806885,1.6246484073048821,PBPF,soup_scene1,1,old
570,9.423959493637085,1.6249341092091094,PBPF,soup_scene1,1,old
571,9.432695150375366,1.620861788122236,PBPF,soup_scene1,1,old
572,9.441637516021729,1.6200259294597823,PBPF,soup_scene1,1,old
573,9.450312376022339,1.6250270295995173,PBPF,soup_scene1,1,old
574,9.459380626678467,1.6264284964081934,PBPF,soup_scene1,1,old
575,9.468791723251343,1.6256158191944188,PBPF,soup_scene1,1,old
576,9.47832441329956,1.6226142718187226,PBPF,soup_scene1,1,old
577,9.486798286437988,1.6260710244270955,PBPF,soup_scene1,1,old
578,9.495466232299805,1.6260899964220954,PBPF,soup_scene1,1,old
579,9.504467487335205,1.6255149318341733,PBPF,soup_scene1,1,old
580,9.513848543167114,1.6265600047775912,PBPF,soup_scene1,1,old
581,9.52184247970581,1.6246906257260454,PBPF,soup_scene1,1,old
582,9.529907941818237,1.6251612225288063,PBPF,soup_scene1,1,old
583,9.537298917770386,1.6276077024794438,PBPF,soup_scene1,1,old
584,9.54727292060852,1.6281362503170875,PBPF,soup_scene1,1,old
585,9.556266069412231,1.629518661148718,PBPF,soup_scene1,1,old
586,9.565057516098022,1.6273884592655303,PBPF,soup_scene1,1,old
587,9.574236869812012,1.6255579536312235,PBPF,soup_scene1,1,old
588,9.592215299606323,1.6291523394240883,PBPF,soup_scene1,1,old
589,9.609182596206665,1.6272122045757778,PBPF,soup_scene1,1,old
590,9.634903907775879,1.6255460604285847,PBPF,soup_scene1,1,old
591,9.659119844436646,1.6258161249523697,PBPF,soup_scene1,1,old
592,9.68746542930603,1.6253612493091953,PBPF,soup_scene1,1,old
593,9.698266744613647,1.6244486560758649,PBPF,soup_scene1,1,old
594,9.719119548797607,1.627078937763618,PBPF,soup_scene1,1,old
595,9.731618165969849,1.6263073532455552,PBPF,soup_scene1,1,old
596,9.746633052825928,1.6259086043933797,PBPF,soup_scene1,1,old
597,9.76313328742981,1.626574575179717,PBPF,soup_scene1,1,old
598,9.793096780776978,1.6242767905640694,PBPF,soup_scene1,1,old
599,9.823915243148804,1.6285110170945298,PBPF,soup_scene1,1,old
600,9.848702669143677,1.62832610190004,PBPF,soup_scene1,1,old
601,9.880144357681274,1.6274488646304741,PBPF,soup_scene1,1,old
602,9.895752668380737,1.6274454381398131,PBPF,soup_scene1,1,old
603,9.913723468780518,1.6271840255073942,PBPF,soup_scene1,1,old
604,9.955371618270874,1.5636402923409136,PBPF,soup_scene1,1,old
605,9.963923692703247,1.5636402923409136,PBPF,soup_scene1,1,old
606,9.984833002090454,1.569890696836163,PBPF,soup_scene1,1,old
607,10.019425392150879,1.5699189152290192,PBPF,soup_scene1,1,old
608,10.03616189956665,1.5699189152290192,PBPF,soup_scene1,1,old
609,10.047619342803955,1.5699189152290192,PBPF,soup_scene1,1,old
610,10.05927324295044,1.5699189152290192,PBPF,soup_scene1,1,old
611,10.076691150665283,1.5699189152290192,PBPF,soup_scene1,1,old
612,10.088656663894653,1.5699189152290192,PBPF,soup_scene1,1,old
613,10.107186794281006,1.5699189152290192,PBPF,soup_scene1,1,old
614,10.119063138961792,1.5703920113219636,PBPF,soup_scene1,1,old
615,10.138986825942993,1.5703920113219636,PBPF,soup_scene1,1,old
616,10.155466318130493,1.5703920113219636,PBPF,soup_scene1,1,old
617,10.166594505310059,1.5703920113219636,PBPF,soup_scene1,1,old
618,10.18022894859314,1.5703920113219636,PBPF,soup_scene1,1,old
619,10.205193996429443,1.5703920113219636,PBPF,soup_scene1,1,old
620,10.24907374382019,1.5703920113219636,PBPF,soup_scene1,1,old
621,10.277031660079956,1.5703920113219636,PBPF,soup_scene1,1,old
622,10.30290675163269,1.5703920113219636,PBPF,soup_scene1,1,old
623,10.353169202804565,1.498852254901685,PBPF,soup_scene1,1,old
624,10.373128890991211,1.49867443528996,PBPF,soup_scene1,1,old
625,10.38164758682251,1.49867443528996,PBPF,soup_scene1,1,old
626,10.40380048751831,1.499661180293483,PBPF,soup_scene1,1,old
627,10.444784164428711,1.5211690574789785,PBPF,soup_scene1,1,old
628,10.472647190093994,1.5184973027986208,PBPF,soup_scene1,1,old
629,10.5229811668396,1.5184973027986208,PBPF,soup_scene1,1,old
630,10.543164253234863,1.5171456774572256,PBPF,soup_scene1,1,old
631,10.557077407836914,1.5171456774572256,PBPF,soup_scene1,1,old
632,10.563949584960938,1.5171456774572256,PBPF,soup_scene1,1,old
633,10.592480897903442,1.5169646439726678,PBPF,soup_scene1,1,old
634,10.627186298370361,1.4546288039165516,PBPF,soup_scene1,1,old
635,10.63419771194458,1.4546288039165516,PBPF,soup_scene1,1,old
636,10.64673376083374,1.4546288039165516,PBPF,soup_scene1,1,old
637,10.675138235092163,1.4546288039165516,PBPF,soup_scene1,1,old
638,10.699307918548584,1.4559139557767677,PBPF,soup_scene1,1,old
639,10.732758283615112,1.4594684164113003,PBPF,soup_scene1,1,old
640,10.73991346359253,1.4594684164113003,PBPF,soup_scene1,1,old
641,10.811623334884644,1.464034414517124,PBPF,soup_scene1,1,old
642,10.875167846679688,1.4613709017798588,PBPF,soup_scene1,1,old
643,10.915178537368774,1.3569679025866002,PBPF,soup_scene1,1,old
644,11.007034063339233,1.3571748100669874,PBPF,soup_scene1,1,old
645,11.046285390853882,1.3563066589929385,PBPF,soup_scene1,1,old
646,11.053124904632568,1.3563066589929385,PBPF,soup_scene1,1,old
647,11.118095636367798,1.388111355698552,PBPF,soup_scene1,1,old
648,11.132659673690796,1.3879388704925915,PBPF,soup_scene1,1,old
649,11.139548063278198,1.3879388704925915,PBPF,soup_scene1,1,old
650,11.151162385940552,1.3879388704925915,PBPF,soup_scene1,1,old
651,11.164833068847656,1.3879388704925915,PBPF,soup_scene1,1,old
652,11.176843404769897,1.3879388704925915,PBPF,soup_scene1,1,old
653,11.188820600509644,1.3879388704925915,PBPF,soup_scene1,1,old
654,11.256044626235962,1.3460828013957933,PBPF,soup_scene1,1,old
655,11.282636880874634,1.3416591250068057,PBPF,soup_scene1,1,old
656,11.30155634880066,1.3416591250068057,PBPF,soup_scene1,1,old
657,11.314035654067993,1.3416591250068057,PBPF,soup_scene1,1,old
658,11.32129192352295,1.3416591250068057,PBPF,soup_scene1,1,old
659,11.340720891952515,1.3416591250068057,PBPF,soup_scene1,1,old
660,11.462922096252441,1.3445277463695788,PBPF,soup_scene1,1,old
661,11.530035734176636,1.3450236919814138,PBPF,soup_scene1,1,old
662,11.620567083358765,1.3729515392647675,PBPF,soup_scene1,1,old
663,11.727320909500122,1.3723040012444265,PBPF,soup_scene1,1,old
664,11.738486528396606,1.3552639372586084,PBPF,soup_scene1,1,old
665,11.765659093856812,1.3552639372586084,PBPF,soup_scene1,1,old
666,11.782678127288818,1.3552639372586084,PBPF,soup_scene1,1,old
667,11.802622079849243,1.352451407809995,PBPF,soup_scene1,1,old
668,11.814448833465576,1.352451407809995,PBPF,soup_scene1,1,old
669,11.823710680007935,1.352451407809995,PBPF,soup_scene1,1,old
670,11.848621845245361,1.3525937276514632,PBPF,soup_scene1,1,old
671,11.879310131072998,1.3600783301106958,PBPF,soup_scene1,1,old
672,11.951887130737305,1.3593464928047547,PBPF,soup_scene1,1,old
673,12.046834468841553,1.3369735112183854,PBPF,soup_scene1,1,old
674,12.05254077911377,1.3369735112183854,PBPF,soup_scene1,1,old
675,12.063265323638916,1.3369735112183854,PBPF,soup_scene1,1,old
676,12.134458065032959,1.335438955730747,PBPF,soup_scene1,1,old
677,12.143200874328613,1.3354820866731298,PBPF,soup_scene1,1,old
678,12.155517101287842,1.3354820866731298,PBPF,soup_scene1,1,old
679,12.180300235748291,1.3354820866731298,PBPF,soup_scene1,1,old
680,12.194222688674927,1.3343864648395485,PBPF,soup_scene1,1,old
681,12.202006578445435,1.3343864648395485,PBPF,soup_scene1,1,old
682,12.21544098854065,1.3360027358172637,PBPF,soup_scene1,1,old
683,12.22633409500122,1.3360027358172637,PBPF,soup_scene1,1,old
684,12.234321594238281,1.3360027358172637,PBPF,soup_scene1,1,old
685,12.250104188919067,1.3360027358172637,PBPF,soup_scene1,1,old
686,12.290294408798218,1.3360065421314156,PBPF,soup_scene1,1,old
687,12.297275066375732,1.3360065421314156,PBPF,soup_scene1,1,old
688,12.328180313110352,1.3360859408601158,PBPF,soup_scene1,1,old
689,12.372730731964111,1.3368534603132165,PBPF,soup_scene1,1,old
690,12.43317174911499,1.3358006501845987,PBPF,soup_scene1,1,old
691,12.47148847579956,1.3370691112160045,PBPF,soup_scene1,1,old
692,12.503297567367554,1.334464147346691,PBPF,soup_scene1,1,old
693,12.515241384506226,1.334464147346691,PBPF,soup_scene1,1,old
694,12.545175552368164,1.3352078690385516,PBPF,soup_scene1,1,old
695,12.572739362716675,1.3519265977237396,PBPF,soup_scene1,1,old
696,12.579636335372925,1.3519265977237396,PBPF,soup_scene1,1,old
697,12.587682008743286,1.3519265977237396,PBPF,soup_scene1,1,old
698,12.600757122039795,1.3519265977237396,PBPF,soup_scene1,1,old
699,12.62369990348816,1.352346020486669,PBPF,soup_scene1,1,old
700,12.647852659225464,1.352026503847613,PBPF,soup_scene1,1,old
701,12.666440725326538,1.352026503847613,PBPF,soup_scene1,1,old
702,12.682645797729492,1.351985999755855,PBPF,soup_scene1,1,old
703,12.74722957611084,1.3518546272856602,PBPF,soup_scene1,1,old
704,12.754608154296875,1.3518546272856602,PBPF,soup_scene1,1,old
705,12.775628805160522,1.351960377941694,PBPF,soup_scene1,1,old
706,12.786562204360962,1.351960377941694,PBPF,soup_scene1,1,old
707,12.84992003440857,1.3519887718234855,PBPF,soup_scene1,1,old
708,12.857341527938843,1.3519887718234855,PBPF,soup_scene1,1,old
709,12.898221969604492,1.3516395102508998,PBPF,soup_scene1,1,old
710,12.969778776168823,1.3531959442267008,PBPF,soup_scene1,1,old
711,12.980950355529785,1.3531959442267008,PBPF,soup_scene1,1,old
712,13.015734672546387,1.3544045642747315,PBPF,soup_scene1,1,old
713,13.021681308746338,1.3544045642747315,PBPF,soup_scene1,1,old
714,13.027338027954102,1.3544045642747315,PBPF,soup_scene1,1,old
715,13.03307557106018,1.3544045642747315,PBPF,soup_scene1,1,old
716,13.044367551803589,1.3544045642747315,PBPF,soup_scene1,1,old
717,13.06722640991211,1.3544045642747315,PBPF,soup_scene1,1,old
718,13.074622869491577,1.3544045642747315,PBPF,soup_scene1,1,old
719,13.082953929901123,1.3544045642747315,PBPF,soup_scene1,1,old
720,13.094462871551514,1.3544045642747315,PBPF,soup_scene1,1,old
721,13.101724863052368,1.3544045642747315,PBPF,soup_scene1,1,old
722,13.151780605316162,1.3545517903582347,PBPF,soup_scene1,1,old
723,13.158554315567017,1.3545517903582347,PBPF,soup_scene1,1,old
724,13.180887460708618,1.342261125683073,PBPF,soup_scene1,1,old
725,13.19509482383728,1.342261125683073,PBPF,soup_scene1,1,old
726,13.207218170166016,1.342261125683073,PBPF,soup_scene1,1,old
727,13.227089881896973,1.3423298867421873,PBPF,soup_scene1,1,old
728,13.247030258178711,1.3423298867421873,PBPF,soup_scene1,1,old
729,13.259219884872437,1.342613090533613,PBPF,soup_scene1,1,old
730,13.331112623214722,1.3696583556971438,PBPF,soup_scene1,1,old
731,13.393807649612427,1.3703850035534821,PBPF,soup_scene1,1,old
732,13.421895503997803,1.3712571338849298,PBPF,soup_scene1,1,old
733,13.43836522102356,1.3712571338849298,PBPF,soup_scene1,1,old
734,13.458753108978271,1.371222855423537,PBPF,soup_scene1,1,old
735,13.519474506378174,1.3222097030499764,PBPF,soup_scene1,1,old
736,13.543874979019165,1.322500576375785,PBPF,soup_scene1,1,old
737,13.575439214706421,1.3217260032763987,PBPF,soup_scene1,1,old
738,13.597168684005737,1.3212617579101877,PBPF,soup_scene1,1,old
739,13.6493980884552,1.378497429172258,PBPF,soup_scene1,1,old
740,13.67649507522583,1.3786867162951832,PBPF,soup_scene1,1,old
741,13.699995756149292,1.3802825284527094,PBPF,soup_scene1,1,old
742,13.715619087219238,1.3813860874728814,PBPF,soup_scene1,1,old
743,13.750195026397705,1.381649331553314,PBPF,soup_scene1,1,old
744,13.783581256866455,1.3836374175757786,PBPF,soup_scene1,1,old
745,13.837191104888916,1.382075482333751,PBPF,soup_scene1,1,old
746,13.849014282226562,1.380725315578471,PBPF,soup_scene1,1,old
747,13.902630805969238,1.381676996441807,PBPF,soup_scene1,1,old
748,13.932554721832275,1.3800481182309126,PBPF,soup_scene1,1,old
749,13.950274467468262,1.38014407185167,PBPF,soup_scene1,1,old
750,14.01280164718628,1.347278911933432,PBPF,soup_scene1,1,old
751,14.029863595962524,1.347278911933432,PBPF,soup_scene1,1,old
752,14.100571155548096,1.347278911933432,PBPF,soup_scene1,1,old
753,14.119206428527832,1.347716228013792,PBPF,soup_scene1,1,old
754,14.12674880027771,1.3480646284389826,PBPF,soup_scene1,1,old
755,14.191407918930054,1.3509843899689615,PBPF,soup_scene1,1,old
756,14.215471029281616,1.353234726505499,PBPF,soup_scene1,1,old
757,14.23729681968689,1.350314001385759,PBPF,soup_scene1,1,old
758,14.267346620559692,1.3447602333696276,PBPF,soup_scene1,1,old
759,14.319541454315186,1.3496489013986528,PBPF,soup_scene1,1,old
760,14.352282285690308,1.355652244618451,PBPF,soup_scene1,1,old
761,14.423325538635254,1.3552330229488554,PBPF,soup_scene1,1,old
762,14.435368776321411,1.3571313967584953,PBPF,soup_scene1,1,old
763,14.491658449172974,1.354871804048856,PBPF,soup_scene1,1,old
764,14.536430358886719,1.3576757645352355,PBPF,soup_scene1,1,old
765,14.561238050460815,1.3531259178115507,PBPF,soup_scene1,1,old
766,14.58092713356018,1.3577767278503527,PBPF,soup_scene1,1,old
767,14.622430324554443,1.4219917412703795,PBPF,soup_scene1,1,old
768,14.638923645019531,1.4211678877408904,PBPF,soup_scene1,1,old
769,14.68436312675476,1.4179053990773596,PBPF,soup_scene1,1,old
770,14.707080841064453,1.4187154262517145,PBPF,soup_scene1,1,old
771,14.715483665466309,1.419789665533864,PBPF,soup_scene1,1,old
772,14.7391836643219,1.4150912846900687,PBPF,soup_scene1,1,old
773,14.774173974990845,1.41739325643016,PBPF,soup_scene1,1,old
774,14.785884857177734,1.41739325643016,PBPF,soup_scene1,1,old
775,14.846946477890015,1.415346403280123,PBPF,soup_scene1,1,old
776,14.870157718658447,1.4022312935568753,PBPF,soup_scene1,1,old
777,14.89789080619812,1.402809335101174,PBPF,soup_scene1,1,old
778,14.929770946502686,1.4034044449767809,PBPF,soup_scene1,1,old
779,14.953899145126343,1.404801902707737,PBPF,soup_scene1,1,old
780,15.010009050369263,1.4004201492481076,PBPF,soup_scene1,1,old
781,15.026441097259521,1.4008727688777576,PBPF,soup_scene1,1,old
782,15.047083616256714,1.4008727688777576,PBPF,soup_scene1,1,old
783,15.054185390472412,1.3993432680426867,PBPF,soup_scene1,1,old
784,15.077991962432861,1.4010385651734243,PBPF,soup_scene1,1,old
785,15.129119873046875,1.392434794752235,PBPF,soup_scene1,1,old
786,15.153415441513062,1.3924745645806746,PBPF,soup_scene1,1,old
787,15.167677879333496,1.3924745645806746,PBPF,soup_scene1,1,old
788,15.174888134002686,1.3924816283181158,PBPF,soup_scene1,1,old
789,15.188485145568848,1.3924139611287403,PBPF,soup_scene1,1,old
790,15.201207399368286,1.3924139611287403,PBPF,soup_scene1,1,old
791,15.232808589935303,1.394371371107044,PBPF,soup_scene1,1,old
792,15.260875940322876,1.391771229112533,PBPF,soup_scene1,1,old
793,15.343697309494019,1.4043426216046004,PBPF,soup_scene1,1,old
794,15.359768152236938,1.4044400385105646,PBPF,soup_scene1,1,old
795,15.383186340332031,1.4051649603578111,PBPF,soup_scene1,1,old
796,15.399017095565796,1.4061953713471604,PBPF,soup_scene1,1,old
797,15.482043504714966,1.417674545031363,PBPF,soup_scene1,1,old
798,15.493920803070068,1.4179139357634472,PBPF,soup_scene1,1,old
799,15.532201290130615,1.4179783887434956,PBPF,soup_scene1,1,old
800,15.555278301239014,1.4157186416578025,PBPF,soup_scene1,1,old
801,15.575223207473755,1.4156715017232782,PBPF,soup_scene1,1,old
802,15.60058307647705,1.4362293206266756,PBPF,soup_scene1,1,old
803,15.626917600631714,1.4362293206266756,PBPF,soup_scene1,1,old
804,15.643255949020386,1.4354298727874986,PBPF,soup_scene1,1,old
805,15.654083967208862,1.4345412327942861,PBPF,soup_scene1,1,old
806,15.668659687042236,1.4345412327942861,PBPF,soup_scene1,1,old
807,15.730124235153198,1.4366287693292576,PBPF,soup_scene1,1,old
808,15.760661840438843,1.4353691062029588,PBPF,soup_scene1,1,old
809,15.792220830917358,1.3876292435966464,PBPF,soup_scene1,1,old
810,15.806315898895264,1.3886230337044108,PBPF,soup_scene1,1,old
811,15.833232879638672,1.3870691236704413,PBPF,soup_scene1,1,old
812,15.840926170349121,1.3869342060086627,PBPF,soup_scene1,1,old
813,15.87346887588501,1.3735586692997668,PBPF,soup_scene1,1,old
814,15.887010097503662,1.374182356980672,PBPF,soup_scene1,1,old
815,15.900164365768433,1.3757066440184023,PBPF,soup_scene1,1,old
816,15.908840656280518,1.3737656604051143,PBPF,soup_scene1,1,old
817,15.916040658950806,1.3737656604051143,PBPF,soup_scene1,1,old
818,15.928663492202759,1.3733196202705882,PBPF,soup_scene1,1,old
819,15.952404499053955,1.3716997021448645,PBPF,soup_scene1,1,old
820,15.983666896820068,1.3734976934034338,PBPF,soup_scene1,1,old
821,16.017406940460205,1.3773922343715554,PBPF,soup_scene1,1,old
822,16.058027744293213,1.4110183425352218,PBPF,soup_scene1,1,old
823,16.093567848205566,1.4101803607911094,PBPF,soup_scene1,1,old
824,16.11881995201111,1.4102775993766858,PBPF,soup_scene1,1,old
825,16.142294883728027,1.4104943552512221,PBPF,soup_scene1,1,old
826,16.149803638458252,1.4104943552512221,PBPF,soup_scene1,1,old
827,16.169259786605835,1.4131052955152095,PBPF,soup_scene1,1,old
828,16.1845486164093,1.4131086379014866,PBPF,soup_scene1,1,old
829,16.21379280090332,1.4144154257974773,PBPF,soup_scene1,1,old
830,16.226069688796997,1.414541654326066,PBPF,soup_scene1,1,old
831,16.24413251876831,1.414842745165674,PBPF,soup_scene1,1,old
832,16.26741600036621,1.414881833689852,PBPF,soup_scene1,1,old
833,16.29601240158081,1.4120640371837108,PBPF,soup_scene1,1,old
834,16.334935903549194,1.413321510529701,PBPF,soup_scene1,1,old
835,16.41896390914917,1.412369584141711,PBPF,soup_scene1,1,old
836,16.438265800476074,1.4123721474487096,PBPF,soup_scene1,1,old
837,16.453744411468506,1.4132481666955394,PBPF,soup_scene1,1,old
838,16.48853850364685,1.418020142256589,PBPF,soup_scene1,1,old
839,16.503178119659424,1.4180073447813486,PBPF,soup_scene1,1,old
840,16.51648497581482,1.418364268601227,PBPF,soup_scene1,1,old
841,16.523804903030396,1.418095565842699,PBPF,soup_scene1,1,old
842,16.545881748199463,1.4182251397172596,PBPF,soup_scene1,1,old
843,16.619019508361816,1.417652168427339,PBPF,soup_scene1,1,old
844,16.642507791519165,1.4136566995846556,PBPF,soup_scene1,1,old
845,16.657655239105225,1.413322132254578,PBPF,soup_scene1,1,old
846,16.679905652999878,1.413322132254578,PBPF,soup_scene1,1,old
847,16.69736409187317,1.4178975071912525,PBPF,soup_scene1,1,old
848,16.722097635269165,1.4178952808666505,PBPF,soup_scene1,1,old
849,16.77167582511902,1.4176790062639366,PBPF,soup_scene1,1,old
850,16.78473472595215,1.4177063298482695,PBPF,soup_scene1,1,old
851,16.79674744606018,1.4177063298482695,PBPF,soup_scene1,1,old
852,16.815263509750366,1.4177911432727903,PBPF,soup_scene1,1,old
853,16.82817554473877,1.4176951403130174,PBPF,soup_scene1,1,old
854,16.872013568878174,1.4179820866501762,PBPF,soup_scene1,1,old
855,16.907304048538208,1.4177298042552797,PBPF,soup_scene1,1,old
856,16.921518325805664,1.4181521874891017,PBPF,soup_scene1,1,old
857,16.95569682121277,1.4177764642749064,PBPF,soup_scene1,1,old
858,16.984300136566162,1.418184179050992,PBPF,soup_scene1,1,old
859,17.012815475463867,1.41814497124484,PBPF,soup_scene1,1,old
860,17.020934104919434,1.418534481624806,PBPF,soup_scene1,1,old
861,17.039138555526733,1.418534481624806,PBPF,soup_scene1,1,old
862,17.075971603393555,1.4182363307542172,PBPF,soup_scene1,1,old
863,17.11229658126831,1.4141131332826262,PBPF,soup_scene1,1,old
864,17.16196918487549,1.4180211245207461,PBPF,soup_scene1,1,old
865,17.219036102294922,1.4183151838218482,PBPF,soup_scene1,1,old
866,17.28040909767151,1.4182078588715914,PBPF,soup_scene1,1,old
867,17.30517601966858,1.4182350761394007,PBPF,soup_scene1,1,old
868,17.3657443523407,1.417916609874065,PBPF,soup_scene1,1,old
869,17.444262742996216,1.417941042902946,PBPF,soup_scene1,1,old
870,17.452045679092407,1.4179259208085693,PBPF,soup_scene1,1,old
871,17.464260816574097,1.4179259208085693,PBPF,soup_scene1,1,old
872,17.47408437728882,1.4133395942658975,PBPF,soup_scene1,1,old
873,17.576656818389893,1.4136222408557364,PBPF,soup_scene1,1,old
874,17.593682527542114,1.4136222408557364,PBPF,soup_scene1,1,old
875,17.691088914871216,1.4137496504618445,PBPF,soup_scene1,1,old
876,17.705117225646973,1.41327604549197,PBPF,soup_scene1,1,old
877,17.747570037841797,1.417772018675226,PBPF,soup_scene1,1,old
878,17.765854358673096,1.417546878914493,PBPF,soup_scene1,1,old
879,17.786964893341064,1.4133044791566078,PBPF,soup_scene1,1,old
880,17.884061574935913,1.4136214299359162,PBPF,soup_scene1,1,old
881,17.935096979141235,1.4136214299359162,PBPF,soup_scene1,1,old
882,17.958224773406982,1.418221540928518,PBPF,soup_scene1,1,old
883,17.983593225479126,1.418221540928518,PBPF,soup_scene1,1,old
884,18.002152919769287,1.418221540928518,PBPF,soup_scene1,1,old
885,18.03766655921936,1.4179865070894753,PBPF,soup_scene1,1,old
886,18.060588836669922,1.4178492654916104,PBPF,soup_scene1,1,old
887,18.175213098526,1.4180591640625435,PBPF,soup_scene1,1,old
888,18.185943126678467,1.4181051723182199,PBPF,soup_scene1,1,old
889,18.192267417907715,1.418074111919485,PBPF,soup_scene1,1,old
890,18.198114156723022,1.418074111919485,PBPF,soup_scene1,1,old
891,18.20921015739441,1.4138339206502586,PBPF,soup_scene1,1,old
892,18.216262102127075,1.4181055710513002,PBPF,soup_scene1,1,old
893,18.222089052200317,1.4181055710513002,PBPF,soup_scene1,1,old
894,18.228564500808716,1.4178664840863462,PBPF,soup_scene1,1,old
895,18.234534740447998,1.4178664840863462,PBPF,soup_scene1,1,old
896,18.240567922592163,1.4180204461519468,PBPF,soup_scene1,1,old
897,18.24750280380249,1.4179659956206834,PBPF,soup_scene1,1,old
898,18.253612995147705,1.4179720013914547,PBPF,soup_scene1,1,old
899,18.26009202003479,1.4179057096574477,PBPF,soup_scene1,1,old
900,18.26661515235901,1.4181023848334222,PBPF,soup_scene1,1,old
901,18.272902011871338,1.4181023848334222,PBPF,soup_scene1,1,old
902,18.287583827972412,1.417865954773208,PBPF,soup_scene1,1,old
903,18.295780658721924,1.41839878623413,PBPF,soup_scene1,1,old
904,18.302361726760864,1.41839878623413,PBPF,soup_scene1,1,old
905,18.31184220314026,1.4180862421079903,PBPF,soup_scene1,1,old
906,18.31955075263977,1.4178191227795205,PBPF,soup_scene1,1,old
907,18.327674627304077,1.4177370514194765,PBPF,soup_scene1,1,old
908,18.335472106933594,1.4177370514194765,PBPF,soup_scene1,1,old
909,18.3427677154541,1.4180025869986812,PBPF,soup_scene1,1,old
910,18.350643634796143,1.4177354502606159,PBPF,soup_scene1,1,old
911,18.358657360076904,1.4179814719239232,PBPF,soup_scene1,1,old
912,18.36673092842102,1.4179437292925785,PBPF,soup_scene1,1,old
913,18.37367606163025,1.4179437292925785,PBPF,soup_scene1,1,old
914,18.380601167678833,1.4179437292925785,PBPF,soup_scene1,1,old
915,18.387535333633423,1.4179437292925785,PBPF,soup_scene1,1,old
916,18.39452838897705,1.4179437292925785,PBPF,soup_scene1,1,old
917,18.401641130447388,1.4179437292925785,PBPF,soup_scene1,1,old
918,18.40900444984436,1.4179437292925785,PBPF,soup_scene1,1,old
919,18.417211055755615,1.4179437292925785,PBPF,soup_scene1,1,old
920,18.425201892852783,1.4179437292925785,PBPF,soup_scene1,1,old
921,18.432806253433228,1.4179437292925785,PBPF,soup_scene1,1,old
922,18.440040826797485,1.4179437292925785,PBPF,soup_scene1,1,old
923,18.44684147834778,1.4179437292925785,PBPF,soup_scene1,1,old
924,18.453547716140747,1.4179437292925785,PBPF,soup_scene1,1,old
925,18.460209131240845,1.4179437292925785,PBPF,soup_scene1,1,old
926,18.4669291973114,1.4179437292925785,PBPF,soup_scene1,1,old
927,18.473706007003784,1.4179437292925785,PBPF,soup_scene1,1,old
928,18.48071837425232,1.4179437292925785,PBPF,soup_scene1,1,old
929,18.48794174194336,1.4179437292925785,PBPF,soup_scene1,1,old
930,18.49579381942749,1.4179437292925785,PBPF,soup_scene1,1,old
931,18.50348162651062,1.4179437292925785,PBPF,soup_scene1,1,old
932,18.51133418083191,1.4179437292925785,PBPF,soup_scene1,1,old
933,18.519121170043945,1.4179437292925785,PBPF,soup_scene1,1,old
934,18.52686381340027,1.4179437292925785,PBPF,soup_scene1,1,old
935,18.53458523750305,1.4179437292925785,PBPF,soup_scene1,1,old
936,18.543423652648926,1.4179437292925785,PBPF,soup_scene1,1,old
937,18.554352045059204,1.4179437292925785,PBPF,soup_scene1,1,old
938,18.561224222183228,1.4179437292925785,PBPF,soup_scene1,1,old
939,18.567988634109497,1.4179437292925785,PBPF,soup_scene1,1,old
940,18.5748450756073,1.4179437292925785,PBPF,soup_scene1,1,old
941,18.581958293914795,1.4179437292925785,PBPF,soup_scene1,1,old
942,18.589303493499756,1.4179437292925785,PBPF,soup_scene1,1,old
943,18.59657621383667,1.4179437292925785,PBPF,soup_scene1,1,old
944,18.60418963432312,1.4179437292925785,PBPF,soup_scene1,1,old
945,18.611761331558228,1.4179437292925785,PBPF,soup_scene1,1,old
946,18.619452953338623,1.4179437292925785,PBPF,soup_scene1,1,old
947,18.626524925231934,1.4179437292925785,PBPF,soup_scene1,1,old
948,18.633261919021606,1.4179437292925785,PBPF,soup_scene1,1,old
949,18.64005208015442,1.4179437292925785,PBPF,soup_scene1,1,old
950,18.647077322006226,1.4179437292925785,PBPF,soup_scene1,1,old
951,18.654504537582397,1.4179437292925785,PBPF,soup_scene1,1,old
952,18.66193437576294,1.4179437292925785,PBPF,soup_scene1,1,old
953,18.669277667999268,1.4179437292925785,PBPF,soup_scene1,1,old
954,18.6766357421875,1.4179437292925785,PBPF,soup_scene1,1,old
955,18.68453025817871,1.4179437292925785,PBPF,soup_scene1,1,old
956,18.69222593307495,1.4179437292925785,PBPF,soup_scene1,1,old
957,18.70019555091858,1.4179437292925785,PBPF,soup_scene1,1,old
958,18.70831322669983,1.4179437292925785,PBPF,soup_scene1,1,old
959,18.716172218322754,1.4179437292925785,PBPF,soup_scene1,1,old
960,18.723388195037842,1.4179437292925785,PBPF,soup_scene1,1,old
961,18.730592012405396,1.4179437292925785,PBPF,soup_scene1,1,old
962,18.737855911254883,1.4179437292925785,PBPF,soup_scene1,1,old
963,18.74522352218628,1.4179437292925785,PBPF,soup_scene1,1,old
964,18.752628326416016,1.4179437292925785,PBPF,soup_scene1,1,old
965,18.760024785995483,1.4179437292925785,PBPF,soup_scene1,1,old
966,18.767273902893066,1.4179437292925785,PBPF,soup_scene1,1,old
967,18.773921489715576,1.4179437292925785,PBPF,soup_scene1,1,old
968,18.780467748641968,1.4179437292925785,PBPF,soup_scene1,1,old
969,18.787075996398926,1.4179437292925785,PBPF,soup_scene1,1,old
970,18.79472303390503,1.4179437292925785,PBPF,soup_scene1,1,old
971,18.80300521850586,1.4179437292925785,PBPF,soup_scene1,1,old
972,18.811289072036743,1.4179437292925785,PBPF,soup_scene1,1,old
973,18.81922698020935,1.4179437292925785,PBPF,soup_scene1,1,old
974,18.82665181159973,1.4179437292925785,PBPF,soup_scene1,1,old
975,18.834106922149658,1.4179437292925785,PBPF,soup_scene1,1,old
976,18.841121435165405,1.4179437292925785,PBPF,soup_scene1,1,old
977,18.848122596740723,1.4179437292925785,PBPF,soup_scene1,1,old
978,18.85526704788208,1.4179437292925785,PBPF,soup_scene1,1,old
979,18.862884521484375,1.4179437292925785,PBPF,soup_scene1,1,old
980,18.87096643447876,1.4179437292925785,PBPF,soup_scene1,1,old
981,18.879321336746216,1.4179437292925785,PBPF,soup_scene1,1,old
982,18.886286973953247,1.4179437292925785,PBPF,soup_scene1,1,old
983,18.8926682472229,1.4179437292925785,PBPF,soup_scene1,1,old
984,18.898425817489624,1.4179437292925785,PBPF,soup_scene1,1,old
985,18.90408682823181,1.4179437292925785,PBPF,soup_scene1,1,old
986,18.909741401672363,1.4179437292925785,PBPF,soup_scene1,1,old
987,18.915409803390503,1.4179437292925785,PBPF,soup_scene1,1,old
988,18.920825958251953,1.4179437292925785,PBPF,soup_scene1,1,old
989,18.925953149795532,1.4179437292925785,PBPF,soup_scene1,1,old
990,18.930413484573364,1.4179437292925785,PBPF,soup_scene1,1,old
991,18.93468999862671,1.4179437292925785,PBPF,soup_scene1,1,old
992,18.93887448310852,1.4179437292925785,PBPF,soup_scene1,1,old
993,18.943077087402344,1.4179437292925785,PBPF,soup_scene1,1,old
994,18.94732093811035,1.4179437292925785,PBPF,soup_scene1,1,old
995,18.951640367507935,1.4179437292925785,PBPF,soup_scene1,1,old
996,18.95590901374817,1.4179437292925785,PBPF,soup_scene1,1,old
997,18.960160732269287,1.4179437292925785,PBPF,soup_scene1,1,old
998,18.964520931243896,1.4179437292925785,PBPF,soup_scene1,1,old
999,18.9689462184906,1.4179437292925785,PBPF,soup_scene1,1,old
1000,18.97318387031555,1.4179437292925785,PBPF,soup_scene1,1,old
1001,18.977394819259644,1.4179437292925785,PBPF,soup_scene1,1,old
1002,18.981586456298828,1.4179437292925785,PBPF,soup_scene1,1,old
1003,18.985787868499756,1.4179437292925785,PBPF,soup_scene1,1,old
1004,18.989957809448242,1.4179437292925785,PBPF,soup_scene1,1,old
1005,18.994115352630615,1.4179437292925785,PBPF,soup_scene1,1,old
1006,18.99829411506653,1.4179437292925785,PBPF,soup_scene1,1,old
1007,19.002527952194214,1.4179437292925785,PBPF,soup_scene1,1,old
1008,19.00684118270874,1.4179437292925785,PBPF,soup_scene1,1,old
1009,19.011070728302002,1.4179437292925785,PBPF,soup_scene1,1,old
1010,19.01540517807007,1.4179437292925785,PBPF,soup_scene1,1,old
1011,19.019604444503784,1.4179437292925785,PBPF,soup_scene1,1,old
1012,19.024020195007324,1.4179437292925785,PBPF,soup_scene1,1,old
1013,19.02817702293396,1.4179437292925785,PBPF,soup_scene1,1,old
1014,19.032192707061768,1.4179437292925785,PBPF,soup_scene1,1,old
1015,19.036189079284668,1.4179437292925785,PBPF,soup_scene1,1,old
1016,19.04035782814026,1.4179437292925785,PBPF,soup_scene1,1,old
1017,19.044330835342407,1.4179437292925785,PBPF,soup_scene1,1,old
1018,19.048364400863647,1.4179437292925785,PBPF,soup_scene1,1,old
1019,19.052411794662476,1.4179437292925785,PBPF,soup_scene1,1,old
1020,19.05646061897278,1.4179437292925785,PBPF,soup_scene1,1,old
1021,19.060553550720215,1.4179437292925785,PBPF,soup_scene1,1,old
1022,19.064591884613037,1.4179437292925785,PBPF,soup_scene1,1,old
1023,19.06856393814087,1.4179437292925785,PBPF,soup_scene1,1,old
1024,19.07251787185669,1.4179437292925785,PBPF,soup_scene1,1,old
1025,19.0765597820282,1.4179437292925785,PBPF,soup_scene1,1,old
1026,19.080506801605225,1.4179437292925785,PBPF,soup_scene1,1,old
1027,19.08443021774292,1.4179437292925785,PBPF,soup_scene1,1,old
1028,19.088324308395386,1.4179437292925785,PBPF,soup_scene1,1,old
1029,19.09220838546753,1.4179437292925785,PBPF,soup_scene1,1,old
1030,19.09627604484558,1.4179437292925785,PBPF,soup_scene1,1,old
1031,19.100191831588745,1.4179437292925785,PBPF,soup_scene1,1,old
1032,19.10408663749695,1.4179437292925785,PBPF,soup_scene1,1,old
1033,19.10799765586853,1.4179437292925785,PBPF,soup_scene1,1,old
1034,19.111990690231323,1.4179437292925785,PBPF,soup_scene1,1,old
1035,19.115907192230225,1.4179437292925785,PBPF,soup_scene1,1,old
1036,19.119797229766846,1.4179437292925785,PBPF,soup_scene1,1,old
1037,19.123694896697998,1.4179437292925785,PBPF,soup_scene1,1,old
1038,19.127638816833496,1.4179437292925785,PBPF,soup_scene1,1,old
1039,19.13171124458313,1.4179437292925785,PBPF,soup_scene1,1,old
1040,19.13571524620056,1.4179437292925785,PBPF,soup_scene1,1,old
1041,19.13972806930542,1.4179437292925785,PBPF,soup_scene1,1,old
1042,19.143763542175293,1.4179437292925785,PBPF,soup_scene1,1,old
1043,19.147823572158813,1.4179437292925785,PBPF,soup_scene1,1,old
1044,19.151851654052734,1.4179437292925785,PBPF,soup_scene1,1,old
1045,19.15588116645813,1.4179437292925785,PBPF,soup_scene1,1,old
1046,19.15985655784607,1.4179437292925785,PBPF,soup_scene1,1,old
1047,19.163856983184814,1.4179437292925785,PBPF,soup_scene1,1,old
1048,19.167948722839355,1.4179437292925785,PBPF,soup_scene1,1,old
1049,19.172017335891724,1.4179437292925785,PBPF,soup_scene1,1,old
1050,19.17610239982605,1.4179437292925785,PBPF,soup_scene1,1,old
1051,19.180188417434692,1.4179437292925785,PBPF,soup_scene1,1,old
1052,19.184319496154785,1.4179437292925785,PBPF,soup_scene1,1,old
1053,19.18837547302246,1.4179437292925785,PBPF,soup_scene1,1,old
1054,19.192450284957886,1.4179437292925785,PBPF,soup_scene1,1,old
1055,19.19645667076111,1.4179437292925785,PBPF,soup_scene1,1,old
1056,19.200587034225464,1.4179437292925785,PBPF,soup_scene1,1,old
1057,19.20468258857727,1.4179437292925785,PBPF,soup_scene1,1,old
1058,19.208839893341064,1.4179437292925785,PBPF,soup_scene1,1,old
1059,19.212952613830566,1.4179437292925785,PBPF,soup_scene1,1,old
1060,19.217086791992188,1.4179437292925785,PBPF,soup_scene1,1,old
1061,19.22127676010132,1.4179437292925785,PBPF,soup_scene1,1,old
1062,19.22544550895691,1.4179437292925785,PBPF,soup_scene1,1,old
1063,19.229548454284668,1.4179437292925785,PBPF,soup_scene1,1,old
1064,19.233647108078003,1.4179437292925785,PBPF,soup_scene1,1,old
1065,19.23775625228882,1.4179437292925785,PBPF,soup_scene1,1,old
1066,19.241804361343384,1.4179437292925785,PBPF,soup_scene1,1,old
1067,19.245800971984863,1.4179437292925785,PBPF,soup_scene1,1,old
1068,19.2498722076416,1.4179437292925785,PBPF,soup_scene1,1,old
1069,19.253910064697266,1.4179437292925785,PBPF,soup_scene1,1,old
1070,19.25796627998352,1.4179437292925785,PBPF,soup_scene1,1,old
1071,19.261981964111328,1.4179437292925785,PBPF,soup_scene1,1,old
1072,19.26607036590576,1.4179437292925785,PBPF,soup_scene1,1,old
1073,19.270082473754883,1.4179437292925785,PBPF,soup_scene1,1,old
1074,19.27413272857666,1.4179437292925785,PBPF,soup_scene1,1,old
1075,19.27815055847168,1.4179437292925785,PBPF,soup_scene1,1,old
1076,19.282163381576538,1.4179437292925785,PBPF,soup_scene1,1,old
1077,19.286185264587402,1.4179437292925785,PBPF,soup_scene1,1,old
1078,19.29027485847473,1.4179437292925785,PBPF,soup_scene1,1,old
1079,19.294328927993774,1.4179437292925785,PBPF,soup_scene1,1,old
1080,19.298375844955444,1.4179437292925785,PBPF,soup_scene1,1,old
1081,19.302376985549927,1.4179437292925785,PBPF,soup_scene1,1,old
1082,19.3064386844635,1.4179437292925785,PBPF,soup_scene1,1,old
1083,19.31050992012024,1.4179437292925785,PBPF,soup_scene1,1,old
1084,19.314545154571533,1.4179437292925785,PBPF,soup_scene1,1,old
1085,19.31855082511902,1.4179437292925785,PBPF,soup_scene1,1,old
1086,19.322577714920044,1.4179437292925785,PBPF,soup_scene1,1,old
1087,19.326609134674072,1.4179437292925785,PBPF,soup_scene1,1,old
1088,19.330622911453247,1.4179437292925785,PBPF,soup_scene1,1,old
1089,19.334617614746094,1.4179437292925785,PBPF,soup_scene1,1,old
1090,19.33865737915039,1.4179437292925785,PBPF,soup_scene1,1,old
1091,19.342724084854126,1.4179437292925785,PBPF,soup_scene1,1,old
1092,19.346753358840942,1.4179437292925785,PBPF,soup_scene1,1,old
1093,19.350832223892212,1.4179437292925785,PBPF,soup_scene1,1,old
1094,19.354867219924927,1.4179437292925785,PBPF,soup_scene1,1,old
1095,19.3589346408844,1.4179437292925785,PBPF,soup_scene1,1,old
1096,19.363122701644897,1.4179437292925785,PBPF,soup_scene1,1,old
1097,19.367183208465576,1.4179437292925785,PBPF,soup_scene1,1,old
1098,19.371195554733276,1.4179437292925785,PBPF,soup_scene1,1,old
1099,19.375221014022827,1.4179437292925785,PBPF,soup_scene1,1,old
1100,19.379271984100342,1.4179437292925785,PBPF,soup_scene1,1,old
1101,19.383322954177856,1.4179437292925785,PBPF,soup_scene1,1,old
1102,19.387346982955933,1.4179437292925785,PBPF,soup_scene1,1,old
1103,19.39136552810669,1.4179437292925785,PBPF,soup_scene1,1,old
1104,19.395410776138306,1.4179437292925785,PBPF,soup_scene1,1,old
1105,19.39962863922119,1.4179437292925785,PBPF,soup_scene1,1,old
1106,19.403753757476807,1.4179437292925785,PBPF,soup_scene1,1,old
1107,19.40783715248108,1.4179437292925785,PBPF,soup_scene1,1,old
1108,19.411924362182617,1.4179437292925785,PBPF,soup_scene1,1,old
1109,19.416074752807617,1.4179437292925785,PBPF,soup_scene1,1,old
1110,19.420168161392212,1.4179437292925785,PBPF,soup_scene1,1,old
1111,19.424247980117798,1.4179437292925785,PBPF,soup_scene1,1,old
1112,19.428303480148315,1.4179437292925785,PBPF,soup_scene1,1,old
1113,19.4323890209198,1.4179437292925785,PBPF,soup_scene1,1,old
1114,19.43648409843445,1.4179437292925785,PBPF,soup_scene1,1,old
1115,19.440552949905396,1.4179437292925785,PBPF,soup_scene1,1,old
1116,19.444612741470337,1.4179437292925785,PBPF,soup_scene1,1,old
1117,19.448700428009033,1.4179437292925785,PBPF,soup_scene1,1,old
1118,19.45277452468872,1.4179437292925785,PBPF,soup_scene1,1,old
1119,19.456803560256958,1.4179437292925785,PBPF,soup_scene1,1,old
1120,19.460876941680908,1.4179437292925785,PBPF,soup_scene1,1,old
1121,19.466907501220703,1.4179437292925785,PBPF,soup_scene1,1,old
1122,19.47312593460083,1.4179437292925785,PBPF,soup_scene1,1,old
1123,19.47965955734253,1.4179437292925785,PBPF,soup_scene1,1,old
1124,19.486125230789185,1.4179437292925785,PBPF,soup_scene1,1,old
1125,19.492512464523315,1.4179437292925785,PBPF,soup_scene1,1,old
1126,19.498982429504395,1.4179437292925785,PBPF,soup_scene1,1,old
1127,19.505423545837402,1.4179437292925785,PBPF,soup_scene1,1,old
1128,19.51185154914856,1.4179437292925785,PBPF,soup_scene1,1,old
1129,19.518552780151367,1.4179437292925785,PBPF,soup_scene1,1,old
1130,19.52520203590393,1.4179437292925785,PBPF,soup_scene1,1,old
1131,19.531755685806274,1.4179437292925785,PBPF,soup_scene1,1,old
1132,19.53833508491516,1.4179437292925785,PBPF,soup_scene1,1,old
1133,19.544931173324585,1.4179437292925785,PBPF,soup_scene1,1,old
1134,19.551457405090332,1.4179437292925785,PBPF,soup_scene1,1,old
1135,19.557965517044067,1.4179437292925785,PBPF,soup_scene1,1,old
1136,19.56446933746338,1.4179437292925785,PBPF,soup_scene1,1,old
1137,19.570995807647705,1.4179437292925785,PBPF,soup_scene1,1,old
1138,19.577494859695435,1.4179437292925785,PBPF,soup_scene1,1,old
1139,19.584171772003174,1.4179437292925785,PBPF,soup_scene1,1,old
1140,19.590805530548096,1.4179437292925785,PBPF,soup_scene1,1,old
1141,19.59765338897705,1.4179437292925785,PBPF,soup_scene1,1,old
1142,19.604358911514282,1.4179437292925785,PBPF,soup_scene1,1,old
