0,0.00028514862060546875,0.06679847070698737,PBPF,cracker_scene1,30,old
1,0.0036857128143310547,0.06680043889461322,PBPF,cracker_scene1,30,old
2,0.016099929809570312,0.06679457560037712,PBPF,cracker_scene1,30,old
3,0.02315354347229004,0.06677061687408418,PBPF,cracker_scene1,30,old
4,0.03111124038696289,0.06679102364738107,PBPF,cracker_scene1,30,old
5,0.03887438774108887,0.06679102364738107,PBPF,cracker_scene1,30,old
6,0.05817079544067383,0.06677060586663865,PBPF,cracker_scene1,30,old
7,0.06557512283325195,0.06677060586663865,PBPF,cracker_scene1,30,old
8,0.07288551330566406,0.06683813380994483,PBPF,cracker_scene1,30,old
9,0.08701515197753906,0.06679805626099004,PBPF,cracker_scene1,30,old
10,0.09765410423278809,0.06674254852101576,PBPF,cracker_scene1,30,old
11,0.12425017356872559,0.06632581862354821,PBPF,cracker_scene1,30,old
12,0.14557194709777832,0.06632581862354821,PBPF,cracker_scene1,30,old
13,0.2057960033416748,0.06581531541653662,PBPF,cracker_scene1,30,old
14,0.21347379684448242,0.06564660910182091,PBPF,cracker_scene1,30,old
15,0.22432398796081543,0.06551453561247406,PBPF,cracker_scene1,30,old
16,0.24381327629089355,0.06525061262693035,PBPF,cracker_scene1,30,old
17,0.2607746124267578,0.06512729552834204,PBPF,cracker_scene1,30,old
18,0.28197503089904785,0.06498583679869525,PBPF,cracker_scene1,30,old
19,0.3016784191131592,0.06471330605964642,PBPF,cracker_scene1,30,old
20,0.32967543601989746,0.0646004229469611,PBPF,cracker_scene1,30,old
21,0.35397958755493164,0.06449360507204309,PBPF,cracker_scene1,30,old
22,0.4061243534088135,0.06414340715427179,PBPF,cracker_scene1,30,old
23,0.4536571502685547,0.06382872956496509,PBPF,cracker_scene1,30,old
24,0.4852120876312256,0.0636771269264803,PBPF,cracker_scene1,30,old
25,0.5030031204223633,0.06371460214359623,PBPF,cracker_scene1,30,old
26,0.6179749965667725,0.06344858983984797,PBPF,cracker_scene1,30,old
27,0.6340806484222412,0.06346891866782832,PBPF,cracker_scene1,30,old
28,0.6636626720428467,0.06344103445404148,PBPF,cracker_scene1,30,old
29,0.6835880279541016,0.06344103445404148,PBPF,cracker_scene1,30,old
30,0.7300162315368652,0.06343856058291523,PBPF,cracker_scene1,30,old
31,0.8220431804656982,0.06250280919243731,PBPF,cracker_scene1,30,old
32,0.8491008281707764,0.06237926233192157,PBPF,cracker_scene1,30,old
33,0.8766343593597412,0.062307584431174866,PBPF,cracker_scene1,30,old
34,0.944666862487793,0.067144295584512,PBPF,cracker_scene1,30,old
35,1.0084657669067383,0.06710501628135049,PBPF,cracker_scene1,30,old
36,1.0954382419586182,0.06713468231784733,PBPF,cracker_scene1,30,old
37,1.1162629127502441,0.06736807075176844,PBPF,cracker_scene1,30,old
38,1.1814701557159424,0.06750686374367239,PBPF,cracker_scene1,30,old
39,1.224693775177002,0.06759771958351571,PBPF,cracker_scene1,30,old
40,1.2553908824920654,0.06789115474074124,PBPF,cracker_scene1,30,old
41,1.3172519207000732,0.06829701055639106,PBPF,cracker_scene1,30,old
42,1.3615946769714355,0.06850853119356926,PBPF,cracker_scene1,30,old
43,1.4256582260131836,0.06883736974695162,PBPF,cracker_scene1,30,old
44,1.4658632278442383,0.0691937690574545,PBPF,cracker_scene1,30,old
45,1.5311872959136963,0.06385736396784168,PBPF,cracker_scene1,30,old
46,1.6266865730285645,0.06384218790134755,PBPF,cracker_scene1,30,old
47,1.6498403549194336,0.06396393451923763,PBPF,cracker_scene1,30,old
48,1.7904174327850342,0.06413793485383759,PBPF,cracker_scene1,30,old
49,1.8376789093017578,0.06445839397877877,PBPF,cracker_scene1,30,old
50,1.8625710010528564,0.06463334718666622,PBPF,cracker_scene1,30,old
51,1.8896338939666748,0.06459899309565643,PBPF,cracker_scene1,30,old
52,1.9396405220031738,0.06498352367030093,PBPF,cracker_scene1,30,old
53,1.9778203964233398,0.0652125012370741,PBPF,cracker_scene1,30,old
54,2.0135560035705566,0.06522181676963974,PBPF,cracker_scene1,30,old
55,2.059027671813965,0.06841307410927774,PBPF,cracker_scene1,30,old
56,2.0937294960021973,0.06841307410927774,PBPF,cracker_scene1,30,old
57,2.113722085952759,0.0687933997412988,PBPF,cracker_scene1,30,old
58,2.127570629119873,0.06896145691735148,PBPF,cracker_scene1,30,old
59,2.1666321754455566,0.06917696102778578,PBPF,cracker_scene1,30,old
60,2.217632293701172,0.06928579444282092,PBPF,cracker_scene1,30,old
61,2.2330029010772705,0.06908372918611654,PBPF,cracker_scene1,30,old
62,2.3378400802612305,0.0696441435348621,PBPF,cracker_scene1,30,old
63,2.3779027462005615,0.07039170739810097,PBPF,cracker_scene1,30,old
64,2.418109655380249,0.0705945183390371,PBPF,cracker_scene1,30,old
65,2.4895401000976562,0.07098557106793746,PBPF,cracker_scene1,30,old
66,2.597647190093994,0.07372929540396171,PBPF,cracker_scene1,30,old
67,2.717803716659546,0.07491543362067969,PBPF,cracker_scene1,30,old
68,2.749423027038574,0.07537742159411058,PBPF,cracker_scene1,30,old
69,2.8056297302246094,0.07602447459473824,PBPF,cracker_scene1,30,old
70,2.8367981910705566,0.0762619994285469,PBPF,cracker_scene1,30,old
71,2.8774313926696777,0.0762619994285469,PBPF,cracker_scene1,30,old
72,2.957484245300293,0.076546073759772,PBPF,cracker_scene1,30,old
73,3.062270164489746,0.07656189999396358,PBPF,cracker_scene1,30,old
74,3.0896005630493164,0.07651434154272947,PBPF,cracker_scene1,30,old
75,3.1335482597351074,0.07347003190620734,PBPF,cracker_scene1,30,old
76,3.145550489425659,0.07346618747988948,PBPF,cracker_scene1,30,old
77,3.2071402072906494,0.07347401169306439,PBPF,cracker_scene1,30,old
78,3.3052117824554443,0.0734709497255875,PBPF,cracker_scene1,30,old
79,3.328901767730713,0.07347683731516738,PBPF,cracker_scene1,30,old
80,3.361060619354248,0.07346538294945205,PBPF,cracker_scene1,30,old
81,3.43839693069458,0.07338890858329591,PBPF,cracker_scene1,30,old
82,3.509443998336792,0.07357194649269697,PBPF,cracker_scene1,30,old
83,3.550828218460083,0.07368657753991517,PBPF,cracker_scene1,30,old
84,3.5867323875427246,0.07366102712335387,PBPF,cracker_scene1,30,old
85,3.6295928955078125,0.0736469233054216,PBPF,cracker_scene1,30,old
86,3.6680026054382324,0.07386907424706939,PBPF,cracker_scene1,30,old
87,3.707155227661133,0.07386907424706939,PBPF,cracker_scene1,30,old
88,3.7292823791503906,0.07386420697964606,PBPF,cracker_scene1,30,old
89,3.7850522994995117,0.07405769613375374,PBPF,cracker_scene1,30,old
90,3.792050361633301,0.07434758594563047,PBPF,cracker_scene1,30,old
91,3.8081979751586914,0.07436872921561287,PBPF,cracker_scene1,30,old
92,3.8618760108947754,0.07017932474577225,PBPF,cracker_scene1,30,old
93,3.877126693725586,0.07027428013383394,PBPF,cracker_scene1,30,old
94,3.9248573780059814,0.07017674866659838,PBPF,cracker_scene1,30,old
95,4.0381176471710205,0.07090274982358288,PBPF,cracker_scene1,30,old
96,4.102456092834473,0.07128463111292987,PBPF,cracker_scene1,30,old
97,4.206824541091919,0.0714984924948309,PBPF,cracker_scene1,30,old
98,4.22922158241272,0.07226411610234314,PBPF,cracker_scene1,30,old
99,4.245836019515991,0.07215456286804292,PBPF,cracker_scene1,30,old
100,4.265643119812012,0.07226221124722244,PBPF,cracker_scene1,30,old
101,4.29354453086853,0.07226174456022985,PBPF,cracker_scene1,30,old
102,4.301345586776733,0.07226174456022985,PBPF,cracker_scene1,30,old
103,4.339324712753296,0.07225955602962986,PBPF,cracker_scene1,30,old
104,4.385708808898926,0.07225394630026688,PBPF,cracker_scene1,30,old
105,4.399573802947998,0.07335744986756834,PBPF,cracker_scene1,30,old
106,4.455427408218384,0.0737894013199859,PBPF,cracker_scene1,30,old
107,4.4904913902282715,0.0740785009477122,PBPF,cracker_scene1,30,old
108,4.530712604522705,0.07442157932726712,PBPF,cracker_scene1,30,old
109,4.552951097488403,0.07449164113096331,PBPF,cracker_scene1,30,old
110,4.59937047958374,0.07466673759159129,PBPF,cracker_scene1,30,old
111,4.619619131088257,0.07490319447845348,PBPF,cracker_scene1,30,old
112,4.669500827789307,0.07503628232784905,PBPF,cracker_scene1,30,old
113,4.68562126159668,0.07523292132237708,PBPF,cracker_scene1,30,old
114,4.7057764530181885,0.07543751638364718,PBPF,cracker_scene1,30,old
115,4.728714942932129,0.0755564167208644,PBPF,cracker_scene1,30,old
116,4.771208763122559,0.07573561264989753,PBPF,cracker_scene1,30,old
117,4.799986362457275,0.07609601735328715,PBPF,cracker_scene1,30,old
118,4.871347904205322,0.07639433183973289,PBPF,cracker_scene1,30,old
119,4.881270408630371,0.07626832314224577,PBPF,cracker_scene1,30,old
120,4.919956922531128,0.07638672294142515,PBPF,cracker_scene1,30,old
121,4.958300352096558,0.07677304809716068,PBPF,cracker_scene1,30,old
122,4.991258382797241,0.07740918838722823,PBPF,cracker_scene1,30,old
123,5.005741596221924,0.07740918838722823,PBPF,cracker_scene1,30,old
124,5.073832035064697,0.07741382008442922,PBPF,cracker_scene1,30,old
125,5.090151786804199,0.0779538714441756,PBPF,cracker_scene1,30,old
126,5.103083610534668,0.0779538714441756,PBPF,cracker_scene1,30,old
127,5.115046739578247,0.0779538714441756,PBPF,cracker_scene1,30,old
128,5.156943321228027,0.07943614635457609,PBPF,cracker_scene1,30,old
129,5.164980173110962,0.07943614635457609,PBPF,cracker_scene1,30,old
130,5.183437347412109,0.07943614635457609,PBPF,cracker_scene1,30,old
131,5.2031238079071045,0.07943614635457609,PBPF,cracker_scene1,30,old
132,5.214519500732422,0.07943614635457609,PBPF,cracker_scene1,30,old
133,5.230787038803101,0.07943614635457609,PBPF,cracker_scene1,30,old
134,5.246615886688232,0.07943614635457609,PBPF,cracker_scene1,30,old
135,5.2655251026153564,0.07943614635457609,PBPF,cracker_scene1,30,old
136,5.285776853561401,0.07943614635457609,PBPF,cracker_scene1,30,old
137,5.329555511474609,0.07943614635457609,PBPF,cracker_scene1,30,old
138,5.350059270858765,0.0805034101901133,PBPF,cracker_scene1,30,old
139,5.465739965438843,0.08136124255010359,PBPF,cracker_scene1,30,old
140,5.498524188995361,0.08147309149802352,PBPF,cracker_scene1,30,old
141,5.569640874862671,0.08179943336884504,PBPF,cracker_scene1,30,old
142,5.58980655670166,0.08193951780836467,PBPF,cracker_scene1,30,old
143,5.613627195358276,0.0825601357685288,PBPF,cracker_scene1,30,old
144,5.624841213226318,0.08268061127628167,PBPF,cracker_scene1,30,old
145,5.674844741821289,0.08288319274125343,PBPF,cracker_scene1,30,old
146,5.685973405838013,0.08296666571804606,PBPF,cracker_scene1,30,old
147,5.692687273025513,0.08310347939225375,PBPF,cracker_scene1,30,old
148,5.704336881637573,0.08308036839515776,PBPF,cracker_scene1,30,old
149,5.721772909164429,0.08314586207170926,PBPF,cracker_scene1,30,old
150,5.759059190750122,0.08368387332815183,PBPF,cracker_scene1,30,old
151,5.766554117202759,0.08368387332815183,PBPF,cracker_scene1,30,old
152,5.775532484054565,0.08384116272354201,PBPF,cracker_scene1,30,old
153,5.785566568374634,0.08375735448626902,PBPF,cracker_scene1,30,old
154,5.793204069137573,0.08372517550173603,PBPF,cracker_scene1,30,old
155,5.801044464111328,0.08372517550173603,PBPF,cracker_scene1,30,old
156,5.810560941696167,0.08385791343731537,PBPF,cracker_scene1,30,old
157,5.819977760314941,0.08390690454083032,PBPF,cracker_scene1,30,old
158,5.8285133838653564,0.08391062102867688,PBPF,cracker_scene1,30,old
159,5.836785316467285,0.08394789908727773,PBPF,cracker_scene1,30,old
160,5.845844745635986,0.08388253337891981,PBPF,cracker_scene1,30,old
161,5.852786540985107,0.0839628646434717,PBPF,cracker_scene1,30,old
162,5.85906195640564,0.0839628646434717,PBPF,cracker_scene1,30,old
163,5.866185188293457,0.08422944062466244,PBPF,cracker_scene1,30,old
164,5.872915267944336,0.08422944062466244,PBPF,cracker_scene1,30,old
165,5.879629373550415,0.08422944062466244,PBPF,cracker_scene1,30,old
166,5.891514778137207,0.08419040793693715,PBPF,cracker_scene1,30,old
167,5.89825439453125,0.08427795271271048,PBPF,cracker_scene1,30,old
168,5.905663013458252,0.08540875246073523,PBPF,cracker_scene1,30,old
169,5.912074327468872,0.08540118594744253,PBPF,cracker_scene1,30,old
170,5.920520544052124,0.08542314567205508,PBPF,cracker_scene1,30,old
171,5.928495407104492,0.08539796972605872,PBPF,cracker_scene1,30,old
172,5.936372756958008,0.08540111503694361,PBPF,cracker_scene1,30,old
173,5.944514989852905,0.08540301891035582,PBPF,cracker_scene1,30,old
174,5.953167676925659,0.0853858705250724,PBPF,cracker_scene1,30,old
175,5.961711645126343,0.08532740718283398,PBPF,cracker_scene1,30,old
176,5.970155715942383,0.08537828840083983,PBPF,cracker_scene1,30,old
177,5.979434251785278,0.08540255957752718,PBPF,cracker_scene1,30,old
178,5.986999750137329,0.0854055980431712,PBPF,cracker_scene1,30,old
179,5.996595144271851,0.08540969723761957,PBPF,cracker_scene1,30,old
180,6.005531549453735,0.0854359806205187,PBPF,cracker_scene1,30,old
181,6.014770030975342,0.08750779020030944,PBPF,cracker_scene1,30,old
182,6.02308988571167,0.08749325212636586,PBPF,cracker_scene1,30,old
183,6.031084775924683,0.08753962198230118,PBPF,cracker_scene1,30,old
184,6.038751840591431,0.08754509389285002,PBPF,cracker_scene1,30,old
185,6.046379089355469,0.08754295630111632,PBPF,cracker_scene1,30,old
186,6.054382562637329,0.0875385205791113,PBPF,cracker_scene1,30,old
187,6.062617063522339,0.08755727651127344,PBPF,cracker_scene1,30,old
188,6.070413589477539,0.08754170412570975,PBPF,cracker_scene1,30,old
189,6.078140497207642,0.08753318298294048,PBPF,cracker_scene1,30,old
190,6.08580756187439,0.08754263022044216,PBPF,cracker_scene1,30,old
191,6.09380841255188,0.08753181724754437,PBPF,cracker_scene1,30,old
192,6.102135896682739,0.08755018638918123,PBPF,cracker_scene1,30,old
193,6.109492063522339,0.08753106225022021,PBPF,cracker_scene1,30,old
194,6.11705756187439,0.08753106225022021,PBPF,cracker_scene1,30,old
195,6.125263690948486,0.08753230954804561,PBPF,cracker_scene1,30,old
196,6.134207487106323,0.0874931054321231,PBPF,cracker_scene1,30,old
197,6.141664981842041,0.08750512871944689,PBPF,cracker_scene1,30,old
198,6.148638486862183,0.08745729945123634,PBPF,cracker_scene1,30,old
199,6.155738592147827,0.08752784225824636,PBPF,cracker_scene1,30,old
200,6.163160800933838,0.08748900709008428,PBPF,cracker_scene1,30,old
201,6.169945955276489,0.08844505972416833,PBPF,cracker_scene1,30,old
202,6.1761794090271,0.08840478642382867,PBPF,cracker_scene1,30,old
203,6.181951522827148,0.08840478642382867,PBPF,cracker_scene1,30,old
204,6.187467098236084,0.08838778010526022,PBPF,cracker_scene1,30,old
205,6.19226336479187,0.0883894335127623,PBPF,cracker_scene1,30,old
206,6.196785926818848,0.0883894335127623,PBPF,cracker_scene1,30,old
207,6.201931953430176,0.08838899379132883,PBPF,cracker_scene1,30,old
208,6.207236051559448,0.08838899379132883,PBPF,cracker_scene1,30,old
209,6.2126145362854,0.08840227894903128,PBPF,cracker_scene1,30,old
210,6.218084812164307,0.08840227894903128,PBPF,cracker_scene1,30,old
211,6.224090099334717,0.08836859094639563,PBPF,cracker_scene1,30,old
212,6.2298264503479,0.08832933507655075,PBPF,cracker_scene1,30,old
213,6.234460115432739,0.08832933507655075,PBPF,cracker_scene1,30,old
214,6.239455461502075,0.08831777946323677,PBPF,cracker_scene1,30,old
215,6.244378089904785,0.08831777946323677,PBPF,cracker_scene1,30,old
216,6.249597787857056,0.08825968933008387,PBPF,cracker_scene1,30,old
217,6.255856037139893,0.08821545692442671,PBPF,cracker_scene1,30,old
218,6.261199951171875,0.08821545692442671,PBPF,cracker_scene1,30,old
219,6.265936374664307,0.08819707777958537,PBPF,cracker_scene1,30,old
220,6.270516872406006,0.08819707777958537,PBPF,cracker_scene1,30,old
221,6.275066137313843,0.08821628506289723,PBPF,cracker_scene1,30,old
222,6.279723167419434,0.08821628506289723,PBPF,cracker_scene1,30,old
223,6.284221410751343,0.0881849293084557,PBPF,cracker_scene1,30,old
224,6.289819717407227,0.08821853210954296,PBPF,cracker_scene1,30,old
225,6.294795036315918,0.08822520138180033,PBPF,cracker_scene1,30,old
226,6.2992331981658936,0.08822520138180033,PBPF,cracker_scene1,30,old
227,6.303970098495483,0.08822452530928328,PBPF,cracker_scene1,30,old
228,6.308665752410889,0.08819909832310292,PBPF,cracker_scene1,30,old
229,6.3133745193481445,0.08823413807968622,PBPF,cracker_scene1,30,old
230,6.317777156829834,0.08823413807968622,PBPF,cracker_scene1,30,old
231,6.322112083435059,0.08823413807968622,PBPF,cracker_scene1,30,old
232,6.326824903488159,0.08823413807968622,PBPF,cracker_scene1,30,old
233,6.33168888092041,0.08829925087125394,PBPF,cracker_scene1,30,old
234,6.33617901802063,0.08829298373987911,PBPF,cracker_scene1,30,old
235,6.3407652378082275,0.08829298373987911,PBPF,cracker_scene1,30,old
236,6.345806360244751,0.08826128452455771,PBPF,cracker_scene1,30,old
237,6.350871562957764,0.08823123687386855,PBPF,cracker_scene1,30,old
238,6.3555238246917725,0.08823123687386855,PBPF,cracker_scene1,30,old
239,6.3604865074157715,0.08823225956841792,PBPF,cracker_scene1,30,old
240,6.366394519805908,0.08823665283525745,PBPF,cracker_scene1,30,old
241,6.370749235153198,0.08822414378181476,PBPF,cracker_scene1,30,old
242,6.375215291976929,0.08822414378181476,PBPF,cracker_scene1,30,old
243,6.379829168319702,0.0882183987775847,PBPF,cracker_scene1,30,old
244,6.384576797485352,0.08821907312719583,PBPF,cracker_scene1,30,old
245,6.389225244522095,0.08821907312719583,PBPF,cracker_scene1,30,old
246,6.393687009811401,0.08821907312719583,PBPF,cracker_scene1,30,old
247,6.398945331573486,0.08821588885100623,PBPF,cracker_scene1,30,old
248,6.403723955154419,0.08821067353715789,PBPF,cracker_scene1,30,old
249,6.40859317779541,0.08821067353715789,PBPF,cracker_scene1,30,old
250,6.413081884384155,0.0881697233776232,PBPF,cracker_scene1,30,old
251,6.418083667755127,0.08816136217808923,PBPF,cracker_scene1,30,old
252,6.422445774078369,0.08816136217808923,PBPF,cracker_scene1,30,old
253,6.427112102508545,0.08816136217808923,PBPF,cracker_scene1,30,old
254,6.431889772415161,0.08815423076593677,PBPF,cracker_scene1,30,old
255,6.43617057800293,0.08815423076593677,PBPF,cracker_scene1,30,old
256,6.440817356109619,0.08818489433800847,PBPF,cracker_scene1,30,old
257,6.4453654289245605,0.08816175066601328,PBPF,cracker_scene1,30,old
258,6.449923515319824,0.08816175066601328,PBPF,cracker_scene1,30,old
259,6.454516410827637,0.08808127329013066,PBPF,cracker_scene1,30,old
260,6.458688020706177,0.0880385766521846,PBPF,cracker_scene1,30,old
261,6.4628355503082275,0.0880385766521846,PBPF,cracker_scene1,30,old
262,6.467036724090576,0.0880385766521846,PBPF,cracker_scene1,30,old
263,6.471485614776611,0.08798978811828996,PBPF,cracker_scene1,30,old
264,6.47600245475769,0.08798862305549043,PBPF,cracker_scene1,30,old
265,6.48039984703064,0.08798862305549043,PBPF,cracker_scene1,30,old
266,6.485224008560181,0.08855719180899663,PBPF,cracker_scene1,30,old
267,6.489542722702026,0.08855719180899663,PBPF,cracker_scene1,30,old
268,6.494278430938721,0.0885169439167882,PBPF,cracker_scene1,30,old
269,6.49862813949585,0.0885169439167882,PBPF,cracker_scene1,30,old
270,6.502878904342651,0.0885169439167882,PBPF,cracker_scene1,30,old
271,6.507321119308472,0.08852280068456073,PBPF,cracker_scene1,30,old
272,6.511950254440308,0.08850061805555456,PBPF,cracker_scene1,30,old
273,6.516416072845459,0.08850061805555456,PBPF,cracker_scene1,30,old
274,6.520953893661499,0.08847121145079909,PBPF,cracker_scene1,30,old
275,6.5252556800842285,0.08847121145079909,PBPF,cracker_scene1,30,old
276,6.5298521518707275,0.08844121886091376,PBPF,cracker_scene1,30,old
277,6.534364938735962,0.08840458060895487,PBPF,cracker_scene1,30,old
278,6.538590669631958,0.08840458060895487,PBPF,cracker_scene1,30,old
279,6.54296612739563,0.08836938464636908,PBPF,cracker_scene1,30,old
280,6.547097682952881,0.08836938464636908,PBPF,cracker_scene1,30,old
281,6.551629543304443,0.08840088955565398,PBPF,cracker_scene1,30,old
282,6.556101560592651,0.08844062048389939,PBPF,cracker_scene1,30,old
283,6.560604095458984,0.08835633227085493,PBPF,cracker_scene1,30,old
284,6.564806699752808,0.08835633227085493,PBPF,cracker_scene1,30,old
285,6.5691750049591064,0.08837299978646056,PBPF,cracker_scene1,30,old
286,6.573793888092041,0.08837299978646056,PBPF,cracker_scene1,30,old
287,6.578242778778076,0.08831651893005192,PBPF,cracker_scene1,30,old
288,6.582818031311035,0.08832229570586382,PBPF,cracker_scene1,30,old
289,6.587173938751221,0.08832229570586382,PBPF,cracker_scene1,30,old
290,6.592218637466431,0.088279227454918,PBPF,cracker_scene1,30,old
291,6.596769094467163,0.08823297752248241,PBPF,cracker_scene1,30,old
292,6.601528167724609,0.08831968452180218,PBPF,cracker_scene1,30,old
293,6.60603928565979,0.08831968452180218,PBPF,cracker_scene1,30,old
294,6.610832214355469,0.08830524205678116,PBPF,cracker_scene1,30,old
295,6.615867376327515,0.08830204760301286,PBPF,cracker_scene1,30,old
296,6.62101149559021,0.08828963542676206,PBPF,cracker_scene1,30,old
297,6.625748157501221,0.08828963542676206,PBPF,cracker_scene1,30,old
298,6.630582094192505,0.08827076775977763,PBPF,cracker_scene1,30,old
299,6.63514518737793,0.08827076775977763,PBPF,cracker_scene1,30,old
300,6.640096664428711,0.08819250876074,PBPF,cracker_scene1,30,old
301,6.645237445831299,0.08989099267424733,PBPF,cracker_scene1,30,old
302,6.649923324584961,0.08989099267424733,PBPF,cracker_scene1,30,old
303,6.654847621917725,0.08990999949340481,PBPF,cracker_scene1,30,old
304,6.6593194007873535,0.08990999949340481,PBPF,cracker_scene1,30,old
305,6.6644933223724365,0.08985746947404474,PBPF,cracker_scene1,30,old
306,6.66923189163208,0.08981122037355874,PBPF,cracker_scene1,30,old
307,6.673872709274292,0.08981122037355874,PBPF,cracker_scene1,30,old
308,6.6783812046051025,0.08985852575967546,PBPF,cracker_scene1,30,old
309,6.682604551315308,0.08985852575967546,PBPF,cracker_scene1,30,old
310,6.6879050731658936,0.08985852575967546,PBPF,cracker_scene1,30,old
311,6.6926257610321045,0.08985735094913738,PBPF,cracker_scene1,30,old
312,6.6971213817596436,0.08984360528086931,PBPF,cracker_scene1,30,old
313,6.701758861541748,0.08980746677508325,PBPF,cracker_scene1,30,old
314,6.706093788146973,0.08980746677508325,PBPF,cracker_scene1,30,old
315,6.71035099029541,0.0897682398524408,PBPF,cracker_scene1,30,old
316,6.714841842651367,0.0897682398524408,PBPF,cracker_scene1,30,old
317,6.7196595668792725,0.0897387224899042,PBPF,cracker_scene1,30,old
318,6.723937034606934,0.0897387224899042,PBPF,cracker_scene1,30,old
319,6.728609085083008,0.08966963295781137,PBPF,cracker_scene1,30,old
320,6.73364520072937,0.08966963295781137,PBPF,cracker_scene1,30,old
321,6.740465402603149,0.08971262999595919,PBPF,cracker_scene1,30,old
322,6.747616767883301,0.0897180697384142,PBPF,cracker_scene1,30,old
323,6.754984617233276,0.08968539600440097,PBPF,cracker_scene1,30,old
324,6.761816024780273,0.08968539600440097,PBPF,cracker_scene1,30,old
325,6.768495321273804,0.08968539600440097,PBPF,cracker_scene1,30,old
326,6.775411128997803,0.08968628162180207,PBPF,cracker_scene1,30,old
327,6.7824647426605225,0.08970785914656605,PBPF,cracker_scene1,30,old
328,6.789339065551758,0.08970785914656605,PBPF,cracker_scene1,30,old
329,6.796142578125,0.08970785914656605,PBPF,cracker_scene1,30,old
330,6.803648233413696,0.08959179266126152,PBPF,cracker_scene1,30,old
331,6.811727046966553,0.08961234408841527,PBPF,cracker_scene1,30,old
332,6.817576885223389,0.08961102270730344,PBPF,cracker_scene1,30,old
333,6.823813438415527,0.08960399776809667,PBPF,cracker_scene1,30,old
334,6.830291986465454,0.08964994473926073,PBPF,cracker_scene1,30,old
335,6.836941242218018,0.08955745347710256,PBPF,cracker_scene1,30,old
336,6.843290567398071,0.08962172835976188,PBPF,cracker_scene1,30,old
337,6.85003137588501,0.08960306383482208,PBPF,cracker_scene1,30,old
338,6.856240272521973,0.0901546092489567,PBPF,cracker_scene1,30,old
339,6.862356424331665,0.09009505365302953,PBPF,cracker_scene1,30,old
340,6.8682849407196045,0.09009751019753164,PBPF,cracker_scene1,30,old
341,6.873857498168945,0.09009751019753164,PBPF,cracker_scene1,30,old
342,6.8799355030059814,0.09012953284009208,PBPF,cracker_scene1,30,old
343,6.886747598648071,0.09013050692887296,PBPF,cracker_scene1,30,old
344,6.892809152603149,0.09007774150350319,PBPF,cracker_scene1,30,old
345,6.902588129043579,0.09005990858408802,PBPF,cracker_scene1,30,old
346,6.909718751907349,0.09007485139467672,PBPF,cracker_scene1,30,old
347,6.91604208946228,0.09007485139467672,PBPF,cracker_scene1,30,old
348,6.922216892242432,0.09004311478731487,PBPF,cracker_scene1,30,old
349,6.928933382034302,0.09000824163224426,PBPF,cracker_scene1,30,old
350,6.935152530670166,0.09000824163224426,PBPF,cracker_scene1,30,old
351,6.941371917724609,0.09000824163224426,PBPF,cracker_scene1,30,old
352,6.947759628295898,0.09005867860346689,PBPF,cracker_scene1,30,old
353,6.962301015853882,0.09001145592491122,PBPF,cracker_scene1,30,old
354,6.969050407409668,0.08996071214081865,PBPF,cracker_scene1,30,old
355,6.975135326385498,0.08996071214081865,PBPF,cracker_scene1,30,old
356,6.981567144393921,0.0900230051100474,PBPF,cracker_scene1,30,old
357,6.987862825393677,0.0899552892647959,PBPF,cracker_scene1,30,old
358,6.994733572006226,0.08996194108331831,PBPF,cracker_scene1,30,old
359,7.001341104507446,0.09004935156832736,PBPF,cracker_scene1,30,old
360,7.008091449737549,0.09004927864032679,PBPF,cracker_scene1,30,old
361,7.014840841293335,0.09004927864032679,PBPF,cracker_scene1,30,old
362,7.029436826705933,0.0900641815718868,PBPF,cracker_scene1,30,old
363,7.0370423793792725,0.09049062449081606,PBPF,cracker_scene1,30,old
364,7.043461322784424,0.09051239765092986,PBPF,cracker_scene1,30,old
365,7.0502519607543945,0.0905017667925521,PBPF,cracker_scene1,30,old
366,7.057205677032471,0.09048291250803843,PBPF,cracker_scene1,30,old
367,7.064077377319336,0.09048291250803843,PBPF,cracker_scene1,30,old
368,7.099184274673462,0.09046868020333547,PBPF,cracker_scene1,30,old
369,7.1316187381744385,0.0904266157659823,PBPF,cracker_scene1,30,old
370,7.160640478134155,0.09032778910165151,PBPF,cracker_scene1,30,old
371,7.174334764480591,0.0903891492929677,PBPF,cracker_scene1,30,old
372,7.197815895080566,0.0904704251359762,PBPF,cracker_scene1,30,old
373,7.21355676651001,0.09046946422611148,PBPF,cracker_scene1,30,old
374,7.258361339569092,0.0903771226566276,PBPF,cracker_scene1,30,old
375,7.303341627120972,0.09043014314308707,PBPF,cracker_scene1,30,old
376,7.353749990463257,0.09085078928316659,PBPF,cracker_scene1,30,old
377,7.413471937179565,0.09091190766793662,PBPF,cracker_scene1,30,old
378,7.473870277404785,0.09085257319708899,PBPF,cracker_scene1,30,old
379,7.5455052852630615,0.09085257319708899,PBPF,cracker_scene1,30,old
380,7.569777727127075,0.09094875287624099,PBPF,cracker_scene1,30,old
381,7.583988428115845,0.09094875287624099,PBPF,cracker_scene1,30,old
382,7.599331617355347,0.09094875287624099,PBPF,cracker_scene1,30,old
383,7.612554311752319,0.09094875287624099,PBPF,cracker_scene1,30,old
384,7.633713960647583,0.09094875287624099,PBPF,cracker_scene1,30,old
385,7.64034628868103,0.09094875287624099,PBPF,cracker_scene1,30,old
386,7.687823057174683,0.09093823399321253,PBPF,cracker_scene1,30,old
387,7.719997406005859,0.09086885942659612,PBPF,cracker_scene1,30,old
388,7.768381595611572,0.09087309237978737,PBPF,cracker_scene1,30,old
389,7.801602125167847,0.09087309237978737,PBPF,cracker_scene1,30,old
390,7.834430694580078,0.09093785397954489,PBPF,cracker_scene1,30,old
391,7.861690521240234,0.09080808620349086,PBPF,cracker_scene1,30,old
392,7.889580249786377,0.09085707833253658,PBPF,cracker_scene1,30,old
393,7.937749147415161,0.09090387808126148,PBPF,cracker_scene1,30,old
394,7.964543342590332,0.09074813869781308,PBPF,cracker_scene1,30,old
395,8.007201671600342,0.09113660881699517,PBPF,cracker_scene1,30,old
396,8.052917003631592,0.0910597488838611,PBPF,cracker_scene1,30,old
397,8.0896155834198,0.09113783605802506,PBPF,cracker_scene1,30,old
398,8.104679107666016,0.09113783605802506,PBPF,cracker_scene1,30,old
399,8.151757717132568,0.09113431826870363,PBPF,cracker_scene1,30,old
400,8.20175051689148,0.09110429718186117,PBPF,cracker_scene1,30,old
401,8.229790210723877,0.0910059833568335,PBPF,cracker_scene1,30,old
402,8.25761604309082,0.09090514583959353,PBPF,cracker_scene1,30,old
403,8.301784038543701,0.09102530574952124,PBPF,cracker_scene1,30,old
404,8.310153245925903,0.09102530574952124,PBPF,cracker_scene1,30,old
405,8.326796531677246,0.09102530574952124,PBPF,cracker_scene1,30,old
406,8.363967895507812,0.09115669598673541,PBPF,cracker_scene1,30,old
407,8.37526798248291,0.09115669598673541,PBPF,cracker_scene1,30,old
408,8.399789810180664,0.09132377397954473,PBPF,cracker_scene1,30,old
409,8.416178703308105,0.09132377397954473,PBPF,cracker_scene1,30,old
410,8.51352334022522,0.0913983730483419,PBPF,cracker_scene1,30,old
411,8.58801817893982,0.09160755926554452,PBPF,cracker_scene1,30,old
412,8.596672058105469,0.09160755926554452,PBPF,cracker_scene1,30,old
413,8.689849376678467,0.09340209498215307,PBPF,cracker_scene1,30,old
414,8.721888542175293,0.09347071478372404,PBPF,cracker_scene1,30,old
415,8.746370792388916,0.09360925110017983,PBPF,cracker_scene1,30,old
416,8.75793743133545,0.09369465296538124,PBPF,cracker_scene1,30,old
417,8.774649858474731,0.09377359215281406,PBPF,cracker_scene1,30,old
418,8.785877466201782,0.09383821137743442,PBPF,cracker_scene1,30,old
419,8.805917501449585,0.09376062887397818,PBPF,cracker_scene1,30,old
420,8.816003799438477,0.09395509799209356,PBPF,cracker_scene1,30,old
421,8.827099800109863,0.09385437373358782,PBPF,cracker_scene1,30,old
422,8.83628511428833,0.09404479123895945,PBPF,cracker_scene1,30,old
423,8.8462073802948,0.0941303030236228,PBPF,cracker_scene1,30,old
424,8.856006145477295,0.09416876844633482,PBPF,cracker_scene1,30,old
425,8.866450309753418,0.09403751828948963,PBPF,cracker_scene1,30,old
426,8.876152753829956,0.09422101168395251,PBPF,cracker_scene1,30,old
427,8.88621187210083,0.09425473388632463,PBPF,cracker_scene1,30,old
428,8.895212650299072,0.0943050285293893,PBPF,cracker_scene1,30,old
429,8.904229164123535,0.09418671341622838,PBPF,cracker_scene1,30,old
430,8.914539098739624,0.09443242466648145,PBPF,cracker_scene1,30,old
431,8.924893140792847,0.09435438388136416,PBPF,cracker_scene1,30,old
432,8.934207439422607,0.09461635662397605,PBPF,cracker_scene1,30,old
433,8.947418451309204,0.09440433653482827,PBPF,cracker_scene1,30,old
434,8.957842826843262,0.09439299578934149,PBPF,cracker_scene1,30,old
435,8.971784591674805,0.09459477026293578,PBPF,cracker_scene1,30,old
436,8.991710662841797,0.09455422311959763,PBPF,cracker_scene1,30,old
437,9.001256465911865,0.09484637531765001,PBPF,cracker_scene1,30,old
438,9.011203050613403,0.09490718676882563,PBPF,cracker_scene1,30,old
439,9.054589748382568,0.0950284386094423,PBPF,cracker_scene1,30,old
440,9.07759165763855,0.09511475856998707,PBPF,cracker_scene1,30,old
441,9.086148023605347,0.09514321130554015,PBPF,cracker_scene1,30,old
442,9.105464458465576,0.09518314815062154,PBPF,cracker_scene1,30,old
443,9.116703271865845,0.09510476301016244,PBPF,cracker_scene1,30,old
444,9.156466484069824,0.0955324823557029,PBPF,cracker_scene1,30,old
445,9.168935775756836,0.095635666027121,PBPF,cracker_scene1,30,old
446,9.208560466766357,0.09581400624619393,PBPF,cracker_scene1,30,old
447,9.232275247573853,0.09599708099692653,PBPF,cracker_scene1,30,old
448,9.238662481307983,0.09599708099692653,PBPF,cracker_scene1,30,old
449,9.311147451400757,0.09604827286380073,PBPF,cracker_scene1,30,old
450,9.401793003082275,0.0964863295275001,PBPF,cracker_scene1,30,old
451,9.430197954177856,0.09691615273336494,PBPF,cracker_scene1,30,old
452,9.437593936920166,0.0970725607692868,PBPF,cracker_scene1,30,old
453,9.471162796020508,0.09727948483885024,PBPF,cracker_scene1,30,old
454,9.47840142250061,0.09736598262304692,PBPF,cracker_scene1,30,old
455,9.501699686050415,0.09694003054324393,PBPF,cracker_scene1,30,old
456,9.512464046478271,0.0970085844619184,PBPF,cracker_scene1,30,old
457,9.524115562438965,0.0970085844619184,PBPF,cracker_scene1,30,old
458,9.546765089035034,0.09716625051633289,PBPF,cracker_scene1,30,old
459,9.557868480682373,0.09732608448233204,PBPF,cracker_scene1,30,old
460,9.57765817642212,0.09718009332365257,PBPF,cracker_scene1,30,old
461,9.588628053665161,0.09733541605181442,PBPF,cracker_scene1,30,old
462,9.609804391860962,0.09738749540261293,PBPF,cracker_scene1,30,old
463,9.621958255767822,0.09749147432044251,PBPF,cracker_scene1,30,old
464,9.62941598892212,0.09735281718095211,PBPF,cracker_scene1,30,old
465,9.6503005027771,0.09772913723123113,PBPF,cracker_scene1,30,old
466,9.661642789840698,0.09772913723123113,PBPF,cracker_scene1,30,old
467,9.709381103515625,0.09783941691952892,PBPF,cracker_scene1,30,old
468,9.785649299621582,0.09804673147419218,PBPF,cracker_scene1,30,old
469,9.798627853393555,0.0982182011538759,PBPF,cracker_scene1,30,old
470,9.806567907333374,0.09821376167349638,PBPF,cracker_scene1,30,old
471,9.818650960922241,0.09821376167349638,PBPF,cracker_scene1,30,old
472,9.859422445297241,0.09839459772851049,PBPF,cracker_scene1,30,old
473,9.882427215576172,0.09856606431340888,PBPF,cracker_scene1,30,old
474,9.906891584396362,0.09856606431340888,PBPF,cracker_scene1,30,old
475,9.941678524017334,0.09876525127959124,PBPF,cracker_scene1,30,old
476,9.970036506652832,0.09931342212397787,PBPF,cracker_scene1,30,old
477,10.005770444869995,0.09932476618865409,PBPF,cracker_scene1,30,old
478,10.02990198135376,0.09932476618865409,PBPF,cracker_scene1,30,old
479,10.043788194656372,0.09955427617705292,PBPF,cracker_scene1,30,old
480,10.072126388549805,0.10037540286670216,PBPF,cracker_scene1,30,old
481,10.125974416732788,0.10053895771916771,PBPF,cracker_scene1,30,old
482,10.1385498046875,0.10046582194401285,PBPF,cracker_scene1,30,old
483,10.178932189941406,0.10212381338498862,PBPF,cracker_scene1,30,old
484,10.229974746704102,0.10212147206562111,PBPF,cracker_scene1,30,old
485,10.240737438201904,0.1020866779499208,PBPF,cracker_scene1,30,old
486,10.26602053642273,0.1020866779499208,PBPF,cracker_scene1,30,old
487,10.293850660324097,0.10231208113289107,PBPF,cracker_scene1,30,old
488,10.301994323730469,0.10218252813770448,PBPF,cracker_scene1,30,old
489,10.312563180923462,0.10224890312259441,PBPF,cracker_scene1,30,old
490,10.327722311019897,0.10247108225869356,PBPF,cracker_scene1,30,old
491,10.3495032787323,0.1025071969320116,PBPF,cracker_scene1,30,old
492,10.38906741142273,0.10247450808624628,PBPF,cracker_scene1,30,old
493,10.451879978179932,0.10297267962861226,PBPF,cracker_scene1,30,old
494,10.466139793395996,0.10297157331818392,PBPF,cracker_scene1,30,old
495,10.481249570846558,0.10294701872087161,PBPF,cracker_scene1,30,old
496,10.501267433166504,0.10283413186564182,PBPF,cracker_scene1,30,old
497,10.51167106628418,0.10297407013468035,PBPF,cracker_scene1,30,old
498,10.56977128982544,0.10311076800757983,PBPF,cracker_scene1,30,old
499,10.606349229812622,0.10345228482333597,PBPF,cracker_scene1,30,old
500,10.655279159545898,0.10378907186828096,PBPF,cracker_scene1,30,old
501,10.673702001571655,0.10385890314764505,PBPF,cracker_scene1,30,old
502,10.697421312332153,0.10376749355312004,PBPF,cracker_scene1,30,old
503,10.706871032714844,0.10392083002037575,PBPF,cracker_scene1,30,old
504,10.741548776626587,0.10427669085793109,PBPF,cracker_scene1,30,old
505,10.761678695678711,0.1042339544977608,PBPF,cracker_scene1,30,old
506,10.783857583999634,0.10462925327918472,PBPF,cracker_scene1,30,old
507,10.853556632995605,0.1056547063768745,PBPF,cracker_scene1,30,old
508,10.865401268005371,0.10576330181595484,PBPF,cracker_scene1,30,old
509,10.92198920249939,0.10595348722684293,PBPF,cracker_scene1,30,old
510,10.950183391571045,0.10605819447755423,PBPF,cracker_scene1,30,old
511,10.965544700622559,0.10605819447755423,PBPF,cracker_scene1,30,old
512,10.988685607910156,0.10625670705204758,PBPF,cracker_scene1,30,old
513,10.999426364898682,0.10625670705204758,PBPF,cracker_scene1,30,old
514,11.005466222763062,0.10625670705204758,PBPF,cracker_scene1,30,old
515,11.016251564025879,0.10625670705204758,PBPF,cracker_scene1,30,old
516,11.037705898284912,0.10625670705204758,PBPF,cracker_scene1,30,old
517,11.059863567352295,0.1063537876670946,PBPF,cracker_scene1,30,old
518,11.099127292633057,0.1065080833258885,PBPF,cracker_scene1,30,old
519,11.105979919433594,0.1065080833258885,PBPF,cracker_scene1,30,old
520,11.120588541030884,0.1065080833258885,PBPF,cracker_scene1,30,old
521,11.138061285018921,0.10704729024488156,PBPF,cracker_scene1,30,old
522,11.196466445922852,0.10737798416748008,PBPF,cracker_scene1,30,old
523,11.247491359710693,0.10779949116302459,PBPF,cracker_scene1,30,old
524,11.301788330078125,0.10801299345084357,PBPF,cracker_scene1,30,old
525,11.358658075332642,0.10848527893494819,PBPF,cracker_scene1,30,old
526,11.406591653823853,0.10850943354370986,PBPF,cracker_scene1,30,old
527,11.430083751678467,0.10868337833433223,PBPF,cracker_scene1,30,old
528,11.440549373626709,0.10885094686477186,PBPF,cracker_scene1,30,old
529,11.506471872329712,0.10903345582174565,PBPF,cracker_scene1,30,old
530,11.558619022369385,0.10913082320175611,PBPF,cracker_scene1,30,old
531,11.589237213134766,0.10895303113956918,PBPF,cracker_scene1,30,old
532,11.625896453857422,0.10915220819981618,PBPF,cracker_scene1,30,old
533,11.674766063690186,0.10898038321348265,PBPF,cracker_scene1,30,old
534,11.732603549957275,0.10917478227883876,PBPF,cracker_scene1,30,old
535,11.767444849014282,0.10915653062851977,PBPF,cracker_scene1,30,old
536,11.794249057769775,0.10915653062851977,PBPF,cracker_scene1,30,old
537,11.810861349105835,0.10896542351776825,PBPF,cracker_scene1,30,old
538,11.835302591323853,0.10896542351776825,PBPF,cracker_scene1,30,old
539,11.858089685440063,0.10896542351776825,PBPF,cracker_scene1,30,old
540,11.864908933639526,0.10896542351776825,PBPF,cracker_scene1,30,old
541,11.875420093536377,0.10896542351776825,PBPF,cracker_scene1,30,old
542,11.892462253570557,0.10896542351776825,PBPF,cracker_scene1,30,old
543,11.906052827835083,0.10896542351776825,PBPF,cracker_scene1,30,old
544,11.989578247070312,0.11084819766653772,PBPF,cracker_scene1,30,old
545,11.997309684753418,0.11084819766653772,PBPF,cracker_scene1,30,old
546,12.01725959777832,0.11083304096447372,PBPF,cracker_scene1,30,old
547,12.050097465515137,0.11068153388660706,PBPF,cracker_scene1,30,old
548,12.07009220123291,0.11068153388660706,PBPF,cracker_scene1,30,old
549,12.102689981460571,0.11095765866155768,PBPF,cracker_scene1,30,old
550,12.115734577178955,0.11095765866155768,PBPF,cracker_scene1,30,old
551,12.136407613754272,0.11082718395381305,PBPF,cracker_scene1,30,old
552,12.14883303642273,0.11082718395381305,PBPF,cracker_scene1,30,old
553,12.175445079803467,0.11077777736348904,PBPF,cracker_scene1,30,old
554,12.201675415039062,0.11077479472526494,PBPF,cracker_scene1,30,old
555,12.253787279129028,0.11077479472526494,PBPF,cracker_scene1,30,old
556,12.27256989479065,0.1108860872307116,PBPF,cracker_scene1,30,old
557,12.337870597839355,0.1108860872307116,PBPF,cracker_scene1,30,old
558,12.351982355117798,0.11083040051003298,PBPF,cracker_scene1,30,old
559,12.425848722457886,0.1108406671918173,PBPF,cracker_scene1,30,old
560,12.445756196975708,0.11084200902501391,PBPF,cracker_scene1,30,old
561,12.473408937454224,0.11104511260187154,PBPF,cracker_scene1,30,old
562,12.553692102432251,0.11111607958097983,PBPF,cracker_scene1,30,old
563,12.57785701751709,0.11131326798865487,PBPF,cracker_scene1,30,old
564,12.619071960449219,0.1118676287194537,PBPF,cracker_scene1,30,old
565,12.626433372497559,0.1118676287194537,PBPF,cracker_scene1,30,old
566,12.65855622291565,0.11196802388819878,PBPF,cracker_scene1,30,old
567,12.696915626525879,0.11197932961967816,PBPF,cracker_scene1,30,old
568,12.717556476593018,0.11197932961967816,PBPF,cracker_scene1,30,old
569,12.733004093170166,0.11194697191229229,PBPF,cracker_scene1,30,old
570,12.820442914962769,0.11173874620157156,PBPF,cracker_scene1,30,old
571,12.833136796951294,0.11170979581266915,PBPF,cracker_scene1,30,old
572,12.858539342880249,0.11165659341342621,PBPF,cracker_scene1,30,old
573,12.871286869049072,0.11170060564451903,PBPF,cracker_scene1,30,old
574,12.88060212135315,0.11161791885584202,PBPF,cracker_scene1,30,old
575,12.896648645401001,0.11146790991299296,PBPF,cracker_scene1,30,old
576,12.905465364456177,0.11161797434469838,PBPF,cracker_scene1,30,old
577,12.921784162521362,0.11149319089086825,PBPF,cracker_scene1,30,old
578,12.92987847328186,0.1116152877994775,PBPF,cracker_scene1,30,old
579,12.941462278366089,0.11142379525845073,PBPF,cracker_scene1,30,old
580,12.953976154327393,0.1142904740856576,PBPF,cracker_scene1,30,old
581,12.96526026725769,0.11410877146261555,PBPF,cracker_scene1,30,old
582,12.976162910461426,0.11423634096089627,PBPF,cracker_scene1,30,old
583,12.990464687347412,0.11421033287526625,PBPF,cracker_scene1,30,old
584,13.002771139144897,0.11431843818726423,PBPF,cracker_scene1,30,old
585,13.013717651367188,0.11431843818726423,PBPF,cracker_scene1,30,old
586,13.024101972579956,0.1140630734556472,PBPF,cracker_scene1,30,old
587,13.03423261642456,0.11420475019233067,PBPF,cracker_scene1,30,old
588,13.045230388641357,0.11419667194377257,PBPF,cracker_scene1,30,old
589,13.05433964729309,0.11403039371788017,PBPF,cracker_scene1,30,old
590,13.063808917999268,0.11401035796537007,PBPF,cracker_scene1,30,old
591,13.069679498672485,0.11401035796537007,PBPF,cracker_scene1,30,old
592,13.07712197303772,0.11848048855977533,PBPF,cracker_scene1,30,old
593,13.086221933364868,0.1183133003360261,PBPF,cracker_scene1,30,old
594,13.095659494400024,0.1183246338938614,PBPF,cracker_scene1,30,old
595,13.101629495620728,0.1183264369927446,PBPF,cracker_scene1,30,old
596,13.108996152877808,0.11818054858670968,PBPF,cracker_scene1,30,old
597,13.115203857421875,0.11802579016512899,PBPF,cracker_scene1,30,old
598,13.121588706970215,0.11812857529598836,PBPF,cracker_scene1,30,old
599,13.127696990966797,0.11795673267538241,PBPF,cracker_scene1,30,old
600,13.132224321365356,0.11795673267538241,PBPF,cracker_scene1,30,old
601,13.1387939453125,0.11807835632528366,PBPF,cracker_scene1,30,old
602,13.145119428634644,0.12093060356467841,PBPF,cracker_scene1,30,old
603,13.150761842727661,0.1208835956838833,PBPF,cracker_scene1,30,old
604,13.154958724975586,0.1208835956838833,PBPF,cracker_scene1,30,old
605,13.15956449508667,0.1208835956838833,PBPF,cracker_scene1,30,old
606,13.164005279541016,0.12075159406832325,PBPF,cracker_scene1,30,old
607,13.168851137161255,0.12071068550010701,PBPF,cracker_scene1,30,old
608,13.173353433609009,0.12071068550010701,PBPF,cracker_scene1,30,old
609,13.177807331085205,0.12071068550010701,PBPF,cracker_scene1,30,old
610,13.183061838150024,0.12078442860768103,PBPF,cracker_scene1,30,old
611,13.18769097328186,0.12077498724735296,PBPF,cracker_scene1,30,old
612,13.192768812179565,0.12060103137013035,PBPF,cracker_scene1,30,old
613,13.197107315063477,0.12060103137013035,PBPF,cracker_scene1,30,old
614,13.203359842300415,0.12056236270722513,PBPF,cracker_scene1,30,old
615,13.209394931793213,0.12055656924561108,PBPF,cracker_scene1,30,old
616,13.215231657028198,0.12047979772998249,PBPF,cracker_scene1,30,old
617,13.221455097198486,0.12053968819438149,PBPF,cracker_scene1,30,old
618,13.227447748184204,0.12035786374769604,PBPF,cracker_scene1,30,old
619,13.23369836807251,0.12032903308832793,PBPF,cracker_scene1,30,old
620,13.24010682106018,0.12045598610715086,PBPF,cracker_scene1,30,old
621,13.246977090835571,0.12045598610715086,PBPF,cracker_scene1,30,old
622,13.252857685089111,0.12042333517991057,PBPF,cracker_scene1,30,old
623,13.25904107093811,0.1203722746973089,PBPF,cracker_scene1,30,old
624,13.264877557754517,0.1203722746973089,PBPF,cracker_scene1,30,old
625,13.272163152694702,0.12255676583043382,PBPF,cracker_scene1,30,old
626,13.279424905776978,0.12248514430378679,PBPF,cracker_scene1,30,old
627,13.287475824356079,0.12243212762232322,PBPF,cracker_scene1,30,old
628,13.294282913208008,0.12226711666328931,PBPF,cracker_scene1,30,old
629,13.299201726913452,0.12226711666328931,PBPF,cracker_scene1,30,old
630,13.304122924804688,0.12237858884607801,PBPF,cracker_scene1,30,old
631,13.30924677848816,0.12218360968714473,PBPF,cracker_scene1,30,old
632,13.314239025115967,0.12218360968714473,PBPF,cracker_scene1,30,old
633,13.318961143493652,0.12218360968714473,PBPF,cracker_scene1,30,old
634,13.323440074920654,0.12216347006932332,PBPF,cracker_scene1,30,old
635,13.327699184417725,0.12220896923620973,PBPF,cracker_scene1,30,old
636,13.33175015449524,0.12220896923620973,PBPF,cracker_scene1,30,old
637,13.335897445678711,0.12218718862658398,PBPF,cracker_scene1,30,old
638,13.339959383010864,0.12218718862658398,PBPF,cracker_scene1,30,old
639,13.344288349151611,0.12218615939263128,PBPF,cracker_scene1,30,old
640,13.348783254623413,0.12213285496635001,PBPF,cracker_scene1,30,old
641,13.352932929992676,0.12213285496635001,PBPF,cracker_scene1,30,old
642,13.356979370117188,0.12213285496635001,PBPF,cracker_scene1,30,old
643,13.361254215240479,0.12207024063111342,PBPF,cracker_scene1,30,old
644,13.365760087966919,0.12188897964961333,PBPF,cracker_scene1,30,old
645,13.370246887207031,0.12188897964961333,PBPF,cracker_scene1,30,old
646,13.374618768692017,0.12185838637148051,PBPF,cracker_scene1,30,old
647,13.379294157028198,0.12180856654415716,PBPF,cracker_scene1,30,old
648,13.383553981781006,0.12180856654415716,PBPF,cracker_scene1,30,old
649,13.387803316116333,0.12180856654415716,PBPF,cracker_scene1,30,old
650,13.392611265182495,0.12190499776472583,PBPF,cracker_scene1,30,old
651,13.396891832351685,0.12190499776472583,PBPF,cracker_scene1,30,old
652,13.401622295379639,0.12190063027070457,PBPF,cracker_scene1,30,old
653,13.40591311454773,0.12185627602034313,PBPF,cracker_scene1,30,old
654,13.410473823547363,0.12185627602034313,PBPF,cracker_scene1,30,old
655,13.41482162475586,0.12167789350413757,PBPF,cracker_scene1,30,old
656,13.419392824172974,0.12167789350413757,PBPF,cracker_scene1,30,old
657,13.424220085144043,0.09443471246775871,PBPF,cracker_scene1,30,old
658,13.428496837615967,0.09443471246775871,PBPF,cracker_scene1,30,old
659,13.432797193527222,0.09443471246775871,PBPF,cracker_scene1,30,old
660,13.437265396118164,0.09448532167858015,PBPF,cracker_scene1,30,old
661,13.441970109939575,0.09448532167858015,PBPF,cracker_scene1,30,old
662,13.446381568908691,0.09442247323952069,PBPF,cracker_scene1,30,old
663,13.451008796691895,0.09442247323952069,PBPF,cracker_scene1,30,old
664,13.455514192581177,0.09423707921266417,PBPF,cracker_scene1,30,old
665,13.460018396377563,0.09423707921266417,PBPF,cracker_scene1,30,old
666,13.464825630187988,0.09416747660523636,PBPF,cracker_scene1,30,old
667,13.46934700012207,0.09416747660523636,PBPF,cracker_scene1,30,old
668,13.474316358566284,0.09416366847981614,PBPF,cracker_scene1,30,old
669,13.479050397872925,0.09410088802279175,PBPF,cracker_scene1,30,old
670,13.484024286270142,0.09404917393743673,PBPF,cracker_scene1,30,old
671,13.488795757293701,0.09414360162093033,PBPF,cracker_scene1,30,old
672,13.493178606033325,0.09414360162093033,PBPF,cracker_scene1,30,old
673,13.497815608978271,0.09414360162093033,PBPF,cracker_scene1,30,old
674,13.50260329246521,0.09413288853927151,PBPF,cracker_scene1,30,old
675,13.508200407028198,0.09406049058886931,PBPF,cracker_scene1,30,old
676,13.513869762420654,0.09392764665647438,PBPF,cracker_scene1,30,old
677,13.518584251403809,0.09376391706992199,PBPF,cracker_scene1,30,old
678,13.522788047790527,0.09376391706992199,PBPF,cracker_scene1,30,old
679,13.527560949325562,0.09376391706992199,PBPF,cracker_scene1,30,old
680,13.532836198806763,0.09362342500519998,PBPF,cracker_scene1,30,old
681,13.53769564628601,0.09371954536657388,PBPF,cracker_scene1,30,old
682,13.542185306549072,0.0938428456860498,PBPF,cracker_scene1,30,old
683,13.547083854675293,0.09381825922267653,PBPF,cracker_scene1,30,old
684,13.551820993423462,0.09365931440649695,PBPF,cracker_scene1,30,old
685,13.55604100227356,0.09365931440649695,PBPF,cracker_scene1,30,old
686,13.562309741973877,0.09359648582787054,PBPF,cracker_scene1,30,old
687,13.568403720855713,0.093656553607589,PBPF,cracker_scene1,30,old
688,13.574701309204102,0.09333938667384599,PBPF,cracker_scene1,30,old
689,13.58153223991394,0.09333938667384599,PBPF,cracker_scene1,30,old
690,13.58712100982666,0.09340745619968362,PBPF,cracker_scene1,30,old
691,13.592051267623901,0.09363525972560771,PBPF,cracker_scene1,30,old
692,13.597538471221924,0.09359505344468103,PBPF,cracker_scene1,30,old
693,13.602092266082764,0.09351189465113931,PBPF,cracker_scene1,30,old
694,13.606997966766357,0.09351189465113931,PBPF,cracker_scene1,30,old
695,13.611785173416138,0.09355930842271828,PBPF,cracker_scene1,30,old
696,13.618813276290894,0.09351075687842471,PBPF,cracker_scene1,30,old
697,13.624699592590332,0.09351075687842471,PBPF,cracker_scene1,30,old
698,13.631258964538574,0.09403453844480845,PBPF,cracker_scene1,30,old
699,13.637428998947144,0.09400259468449233,PBPF,cracker_scene1,30,old
700,13.643708944320679,0.09390784081370465,PBPF,cracker_scene1,30,old
701,13.649595022201538,0.09390784081370465,PBPF,cracker_scene1,30,old
702,13.656086921691895,0.09395083722036827,PBPF,cracker_scene1,30,old
703,13.662604570388794,0.09389357755325449,PBPF,cracker_scene1,30,old
704,13.668715715408325,0.093854342617705,PBPF,cracker_scene1,30,old
705,13.675005912780762,0.09383956922727472,PBPF,cracker_scene1,30,old
706,13.681167840957642,0.09366318540122161,PBPF,cracker_scene1,30,old
707,13.687767744064331,0.09374810164067766,PBPF,cracker_scene1,30,old
708,13.69409441947937,0.09362866858764368,PBPF,cracker_scene1,30,old
709,13.700708627700806,0.09372061451745764,PBPF,cracker_scene1,30,old
710,13.707167387008667,0.09372061451745764,PBPF,cracker_scene1,30,old
711,13.713917016983032,0.09365143931081242,PBPF,cracker_scene1,30,old
712,13.719674825668335,0.09365143931081242,PBPF,cracker_scene1,30,old
713,13.72656536102295,0.09337793848133007,PBPF,cracker_scene1,30,old
714,13.733031272888184,0.093319473546893,PBPF,cracker_scene1,30,old
715,13.739392280578613,0.093319473546893,PBPF,cracker_scene1,30,old
716,13.746193408966064,0.09335371461131142,PBPF,cracker_scene1,30,old
717,13.75284719467163,0.09337002996764533,PBPF,cracker_scene1,30,old
718,13.759490013122559,0.09324057028872956,PBPF,cracker_scene1,30,old
719,13.766045331954956,0.09324057028872956,PBPF,cracker_scene1,30,old
720,13.772866249084473,0.09320615985128224,PBPF,cracker_scene1,30,old
721,13.779894828796387,0.09329185367901009,PBPF,cracker_scene1,30,old
722,13.786760807037354,0.09311205417607972,PBPF,cracker_scene1,30,old
723,13.793487310409546,0.09308817806682076,PBPF,cracker_scene1,30,old
724,13.800083637237549,0.09315909803997048,PBPF,cracker_scene1,30,old
725,13.811542749404907,0.06622516828509806,PBPF,cracker_scene1,30,old
726,13.818208694458008,0.06622516828509806,PBPF,cracker_scene1,30,old
727,13.824911117553711,0.06625190077372789,PBPF,cracker_scene1,30,old
728,13.831539392471313,0.06606237956944679,PBPF,cracker_scene1,30,old
729,13.838564157485962,0.06589062005116475,PBPF,cracker_scene1,30,old
730,13.845108032226562,0.065840203648597,PBPF,cracker_scene1,30,old
731,13.852347135543823,0.06588564788045514,PBPF,cracker_scene1,30,old
732,13.859123945236206,0.06595805135058866,PBPF,cracker_scene1,30,old
733,13.865846633911133,0.06584487111459555,PBPF,cracker_scene1,30,old
734,13.894188165664673,0.06561927701677672,PBPF,cracker_scene1,30,old
735,13.903475761413574,0.06542730987126341,PBPF,cracker_scene1,30,old
736,13.913268327713013,0.06552929481383667,PBPF,cracker_scene1,30,old
737,13.922654867172241,0.06551946252717099,PBPF,cracker_scene1,30,old
738,13.934058904647827,0.065500260222246,PBPF,cracker_scene1,30,old
739,13.94519829750061,0.0654437216169475,PBPF,cracker_scene1,30,old
740,13.962615013122559,0.06523087165157147,PBPF,cracker_scene1,30,old
741,13.98079228401184,0.06514084878076358,PBPF,cracker_scene1,30,old
742,13.994977474212646,0.06519865783228232,PBPF,cracker_scene1,30,old
743,14.00720739364624,0.06519673188858927,PBPF,cracker_scene1,30,old
744,14.019449710845947,0.06515998792800404,PBPF,cracker_scene1,30,old
745,14.033225059509277,0.0649987876985068,PBPF,cracker_scene1,30,old
746,14.042222261428833,0.06497355394192733,PBPF,cracker_scene1,30,old
747,14.052150249481201,0.06481638825961941,PBPF,cracker_scene1,30,old
748,14.07952070236206,0.06535641324879402,PBPF,cracker_scene1,30,old
749,14.1552414894104,0.06523745359901813,PBPF,cracker_scene1,30,old
750,14.188947677612305,0.0651737970876765,PBPF,cracker_scene1,30,old
751,14.237024307250977,0.06483434196697711,PBPF,cracker_scene1,30,old
752,14.333821296691895,0.0646471591678581,PBPF,cracker_scene1,30,old
753,14.362170696258545,0.06460900502247695,PBPF,cracker_scene1,30,old
754,14.411595344543457,0.06451192793914186,PBPF,cracker_scene1,30,old
755,14.454351902008057,0.06455053118684888,PBPF,cracker_scene1,30,old
756,14.475794792175293,0.06455053118684888,PBPF,cracker_scene1,30,old
757,14.518551111221313,0.06475497989808512,PBPF,cracker_scene1,30,old
758,14.53149127960205,0.06474190126252123,PBPF,cracker_scene1,30,old
759,14.625542640686035,0.06463185656610618,PBPF,cracker_scene1,30,old
760,14.656619787216187,0.06494889472045404,PBPF,cracker_scene1,30,old
761,14.690579414367676,0.06494889472045404,PBPF,cracker_scene1,30,old
762,14.702874898910522,0.06509062496275138,PBPF,cracker_scene1,30,old
763,14.709976434707642,0.06509062496275138,PBPF,cracker_scene1,30,old
764,14.726354360580444,0.06509062496275138,PBPF,cracker_scene1,30,old
765,14.736173629760742,0.06518699515189402,PBPF,cracker_scene1,30,old
766,14.750137090682983,0.06518699515189402,PBPF,cracker_scene1,30,old
767,14.769964933395386,0.06539071262549413,PBPF,cracker_scene1,30,old
768,14.78797435760498,0.06539284514035533,PBPF,cracker_scene1,30,old
769,14.803855180740356,0.06540509676196235,PBPF,cracker_scene1,30,old
770,14.830461263656616,0.0655829538561286,PBPF,cracker_scene1,30,old
771,14.854071855545044,0.06543902613083764,PBPF,cracker_scene1,30,old
772,14.860586643218994,0.06543902613083764,PBPF,cracker_scene1,30,old
773,14.966851234436035,0.05485672304191287,PBPF,cracker_scene1,30,old
774,15.001770257949829,0.055026776902265984,PBPF,cracker_scene1,30,old
775,15.046880960464478,0.05544109773184028,PBPF,cracker_scene1,30,old
776,15.073794841766357,0.05544109773184028,PBPF,cracker_scene1,30,old
777,15.080549955368042,0.05544109773184028,PBPF,cracker_scene1,30,old
778,15.130248546600342,0.05612802221290154,PBPF,cracker_scene1,30,old
779,15.158247470855713,0.056718682750594517,PBPF,cracker_scene1,30,old
780,15.187387466430664,0.056954307618745495,PBPF,cracker_scene1,30,old
781,15.203426361083984,0.0570853623947364,PBPF,cracker_scene1,30,old
782,15.227322340011597,0.05728287419814539,PBPF,cracker_scene1,30,old
783,15.301811456680298,0.05752515881554821,PBPF,cracker_scene1,30,old
784,15.350764513015747,0.05802580268436279,PBPF,cracker_scene1,30,old
785,15.382285594940186,0.05802070017961471,PBPF,cracker_scene1,30,old
786,15.422111988067627,0.05805850701262918,PBPF,cracker_scene1,30,old
787,15.541781425476074,0.058318943019652396,PBPF,cracker_scene1,30,old
788,15.601717472076416,0.05828345021481244,PBPF,cracker_scene1,30,old
789,15.617501020431519,0.05848289405019866,PBPF,cracker_scene1,30,old
790,15.630828142166138,0.0585391306555965,PBPF,cracker_scene1,30,old
791,15.685842275619507,0.05824775511263276,PBPF,cracker_scene1,30,old
792,15.712599992752075,0.05854180859938549,PBPF,cracker_scene1,30,old
793,15.742467164993286,0.0582644347362961,PBPF,cracker_scene1,30,old
794,15.773152589797974,0.05821743395258892,PBPF,cracker_scene1,30,old
795,15.793195247650146,0.05830181205199583,PBPF,cracker_scene1,30,old
796,15.817568063735962,0.0585378959816162,PBPF,cracker_scene1,30,old
797,15.874808549880981,0.05846995109600479,PBPF,cracker_scene1,30,old
798,15.897985935211182,0.058594329970510096,PBPF,cracker_scene1,30,old
799,15.981746435165405,0.06673614656113275,PBPF,cracker_scene1,30,old
800,16.034235954284668,0.06652145723144523,PBPF,cracker_scene1,30,old
801,16.05563259124756,0.06678095642891484,PBPF,cracker_scene1,30,old
802,16.068760871887207,0.06700513796830218,PBPF,cracker_scene1,30,old
803,16.089834690093994,0.06685401168158021,PBPF,cracker_scene1,30,old
804,16.118741273880005,0.06690315587170598,PBPF,cracker_scene1,30,old
805,16.131274700164795,0.06727973928093332,PBPF,cracker_scene1,30,old
806,16.154890298843384,0.0674564582754986,PBPF,cracker_scene1,30,old
807,16.167970895767212,0.06726815943549302,PBPF,cracker_scene1,30,old
808,16.197646379470825,0.06756130033903714,PBPF,cracker_scene1,30,old
809,16.246728658676147,0.0678316748004497,PBPF,cracker_scene1,30,old
810,16.27730703353882,0.06784808882077821,PBPF,cracker_scene1,30,old
811,16.31009531021118,0.06841113799189703,PBPF,cracker_scene1,30,old
812,16.32588815689087,0.06841113799189703,PBPF,cracker_scene1,30,old
813,16.354942798614502,0.06849430873294908,PBPF,cracker_scene1,30,old
814,16.390409469604492,0.06822790249729059,PBPF,cracker_scene1,30,old
815,16.409623622894287,0.06874735788046427,PBPF,cracker_scene1,30,old
816,16.426166772842407,0.0687790103027026,PBPF,cracker_scene1,30,old
817,16.447331428527832,0.06878308152020216,PBPF,cracker_scene1,30,old
818,16.47844123840332,0.06876475430422797,PBPF,cracker_scene1,30,old
819,16.49982523918152,0.06959476649942441,PBPF,cracker_scene1,30,old
820,16.515486240386963,0.06959732923585149,PBPF,cracker_scene1,30,old
821,16.535369873046875,0.06964844942650555,PBPF,cracker_scene1,30,old
822,16.574557542800903,0.06962042869563961,PBPF,cracker_scene1,30,old
823,16.630975008010864,0.07099547365600034,PBPF,cracker_scene1,30,old
824,16.64578127861023,0.07150060658737781,PBPF,cracker_scene1,30,old
825,16.657758712768555,0.07150506211765341,PBPF,cracker_scene1,30,old
826,16.673752784729004,0.07126295673121585,PBPF,cracker_scene1,30,old
827,16.690088510513306,0.07155895082440618,PBPF,cracker_scene1,30,old
828,16.7177631855011,0.07139490350466214,PBPF,cracker_scene1,30,old
829,16.736804962158203,0.07158282410667088,PBPF,cracker_scene1,30,old
830,16.74586319923401,0.07158926306000397,PBPF,cracker_scene1,30,old
831,16.75328230857849,0.07175060976751055,PBPF,cracker_scene1,30,old
832,16.7602801322937,0.0715287412978024,PBPF,cracker_scene1,30,old
833,16.77217721939087,0.07154250668379412,PBPF,cracker_scene1,30,old
834,16.778478145599365,0.07177752093175674,PBPF,cracker_scene1,30,old
835,16.785813808441162,0.07153893663291333,PBPF,cracker_scene1,30,old
836,16.793062210083008,0.07167321221290592,PBPF,cracker_scene1,30,old
837,16.803081274032593,0.07170848247304239,PBPF,cracker_scene1,30,old
838,16.818867206573486,0.07200311806416915,PBPF,cracker_scene1,30,old
839,16.82565212249756,0.07200119784039055,PBPF,cracker_scene1,30,old
840,16.837712287902832,0.07200847085011144,PBPF,cracker_scene1,30,old
841,16.86203932762146,0.07214431778487049,PBPF,cracker_scene1,30,old
842,16.876399517059326,0.07197220598136439,PBPF,cracker_scene1,30,old
843,16.89021396636963,0.07198669241200312,PBPF,cracker_scene1,30,old
844,16.89760398864746,0.07201541583957143,PBPF,cracker_scene1,30,old
845,16.909271001815796,0.07201541583957143,PBPF,cracker_scene1,30,old
846,16.946816444396973,0.07205796949773535,PBPF,cracker_scene1,30,old
847,16.95989990234375,0.07205796949773535,PBPF,cracker_scene1,30,old
848,16.989300966262817,0.07227341757980794,PBPF,cracker_scene1,30,old
849,17.030354738235474,0.07210131199226436,PBPF,cracker_scene1,30,old
850,17.05508589744568,0.07229071442863381,PBPF,cracker_scene1,30,old
851,17.09456968307495,0.07257360136268433,PBPF,cracker_scene1,30,old
852,17.15928316116333,0.08023940940711079,PBPF,cracker_scene1,30,old
853,17.200055599212646,0.08025078749771729,PBPF,cracker_scene1,30,old
854,17.23064637184143,0.08025078749771729,PBPF,cracker_scene1,30,old
855,17.247303009033203,0.08025078749771729,PBPF,cracker_scene1,30,old
856,17.292423486709595,0.0804229849536661,PBPF,cracker_scene1,30,old
857,17.37010908126831,0.0805676448109703,PBPF,cracker_scene1,30,old
858,17.386549472808838,0.08061251429807371,PBPF,cracker_scene1,30,old
859,17.396568775177002,0.08050650487088196,PBPF,cracker_scene1,30,old
860,17.410606384277344,0.0805113521092773,PBPF,cracker_scene1,30,old
861,17.43680715560913,0.08068996132246628,PBPF,cracker_scene1,30,old
862,17.45553421974182,0.08069302893326996,PBPF,cracker_scene1,30,old
863,17.463274240493774,0.0805112879979944,PBPF,cracker_scene1,30,old
864,17.480990409851074,0.0805801489369278,PBPF,cracker_scene1,30,old
865,17.505526781082153,0.0806093879944094,PBPF,cracker_scene1,30,old
866,17.547314167022705,0.0807904000558832,PBPF,cracker_scene1,30,old
867,17.60651969909668,0.08088025148517997,PBPF,cracker_scene1,30,old
868,17.62510871887207,0.08090216999362036,PBPF,cracker_scene1,30,old
869,17.654622793197632,0.08070404647148886,PBPF,cracker_scene1,30,old
870,17.69196844100952,0.08102426788629889,PBPF,cracker_scene1,30,old
871,17.721698999404907,0.09127671736358361,PBPF,cracker_scene1,30,old
872,17.74734854698181,0.09126706135164166,PBPF,cracker_scene1,30,old
873,17.77761459350586,0.09126289390715842,PBPF,cracker_scene1,30,old
874,17.800759315490723,0.09122601923349756,PBPF,cracker_scene1,30,old
875,17.84171175956726,0.09127270391653036,PBPF,cracker_scene1,30,old
876,17.870530366897583,0.09119518873597932,PBPF,cracker_scene1,30,old
877,17.91106081008911,0.09121031495789127,PBPF,cracker_scene1,30,old
878,17.958065509796143,0.09132111779308139,PBPF,cracker_scene1,30,old
879,17.970263957977295,0.0913009269207949,PBPF,cracker_scene1,30,old
880,17.97970724105835,0.09125428305495142,PBPF,cracker_scene1,30,old
881,18.003649473190308,0.09125428305495142,PBPF,cracker_scene1,30,old
882,18.02143406867981,0.09128718723987904,PBPF,cracker_scene1,30,old
883,18.039915561676025,0.09129150890599838,PBPF,cracker_scene1,30,old
884,18.057301998138428,0.09129565594334134,PBPF,cracker_scene1,30,old
885,18.12984037399292,0.10214239211047263,PBPF,cracker_scene1,30,old
886,18.202872276306152,0.10179307521280594,PBPF,cracker_scene1,30,old
887,18.219350337982178,0.10187115898915126,PBPF,cracker_scene1,30,old
888,18.246885776519775,0.10177672328668354,PBPF,cracker_scene1,30,old
889,18.279073238372803,0.1018588766159431,PBPF,cracker_scene1,30,old
890,18.295226097106934,0.10178740006158109,PBPF,cracker_scene1,30,old
891,18.303682327270508,0.10181217882736059,PBPF,cracker_scene1,30,old
892,18.312121152877808,0.10175473465963444,PBPF,cracker_scene1,30,old
893,18.326611280441284,0.10180208692775439,PBPF,cracker_scene1,30,old
894,18.342342376708984,0.10174947179389572,PBPF,cracker_scene1,30,old
895,18.3510160446167,0.10174801145182125,PBPF,cracker_scene1,30,old
896,18.362054347991943,0.10171655692780245,PBPF,cracker_scene1,30,old
897,18.374069690704346,0.10170118438758294,PBPF,cracker_scene1,30,old
898,18.386104106903076,0.10170361438174963,PBPF,cracker_scene1,30,old
899,18.394811630249023,0.10174132252584221,PBPF,cracker_scene1,30,old
900,18.40304183959961,0.10172805388915168,PBPF,cracker_scene1,30,old
901,18.410765409469604,0.10170757080286398,PBPF,cracker_scene1,30,old
902,18.419726848602295,0.10166236946103109,PBPF,cracker_scene1,30,old
903,18.427207708358765,0.1016820725876142,PBPF,cracker_scene1,30,old
904,18.437674522399902,0.10166995699960456,PBPF,cracker_scene1,30,old
905,18.45523166656494,0.10156048762894271,PBPF,cracker_scene1,30,old
906,18.473857164382935,0.10153007607837494,PBPF,cracker_scene1,30,old
907,18.48060703277588,0.10152368079302472,PBPF,cracker_scene1,30,old
908,18.505481243133545,0.10152585067589225,PBPF,cracker_scene1,30,old
909,18.528273344039917,0.10149262122895782,PBPF,cracker_scene1,30,old
910,18.544352054595947,0.10143955487874812,PBPF,cracker_scene1,30,old
911,18.569650173187256,0.10146149851807948,PBPF,cracker_scene1,30,old
912,18.57814931869507,0.10141927885300141,PBPF,cracker_scene1,30,old
913,18.606018543243408,0.10139066447448822,PBPF,cracker_scene1,30,old
914,18.657217979431152,0.11297552483771449,PBPF,cracker_scene1,30,old
915,18.69686007499695,0.11287868251889191,PBPF,cracker_scene1,30,old
916,18.715250253677368,0.11282231210276895,PBPF,cracker_scene1,30,old
917,18.73117446899414,0.11281975774869983,PBPF,cracker_scene1,30,old
918,18.77188467979431,0.11272588066424569,PBPF,cracker_scene1,30,old
919,18.79666519165039,0.11269234944629301,PBPF,cracker_scene1,30,old
920,18.805638313293457,0.11264807013294732,PBPF,cracker_scene1,30,old
921,18.813059329986572,0.11264807013294732,PBPF,cracker_scene1,30,old
922,18.82708191871643,0.11262429248855906,PBPF,cracker_scene1,30,old
923,18.836446285247803,0.11260768578243095,PBPF,cracker_scene1,30,old
924,18.845366716384888,0.11258565117632752,PBPF,cracker_scene1,30,old
925,18.854748487472534,0.11261780451614391,PBPF,cracker_scene1,30,old
926,18.864737510681152,0.1125828989469506,PBPF,cracker_scene1,30,old
927,18.87498450279236,0.1125039560983941,PBPF,cracker_scene1,30,old
928,18.88462519645691,0.11258192085557427,PBPF,cracker_scene1,30,old
929,18.89484190940857,0.11261252064168885,PBPF,cracker_scene1,30,old
930,18.903990030288696,0.11255136261000251,PBPF,cracker_scene1,30,old
931,18.914060592651367,0.11246018667795704,PBPF,cracker_scene1,30,old
932,18.92411971092224,0.11242982584723185,PBPF,cracker_scene1,30,old
933,18.93347406387329,0.1125074022132145,PBPF,cracker_scene1,30,old
934,18.94328284263611,0.11246105788578392,PBPF,cracker_scene1,30,old
935,18.95252776145935,0.1124935598560575,PBPF,cracker_scene1,30,old
936,18.961416721343994,0.1124935598560575,PBPF,cracker_scene1,30,old
937,18.971592903137207,0.11242690248830732,PBPF,cracker_scene1,30,old
938,18.98111367225647,0.11247686800731843,PBPF,cracker_scene1,30,old
939,18.99041247367859,0.11240284031029239,PBPF,cracker_scene1,30,old
940,18.999890327453613,0.11239128693684704,PBPF,cracker_scene1,30,old
941,19.00931191444397,0.112414881517644,PBPF,cracker_scene1,30,old
942,19.018798112869263,0.11239035780273518,PBPF,cracker_scene1,30,old
943,19.027429580688477,0.11235606200635156,PBPF,cracker_scene1,30,old
944,19.037108182907104,0.11235913553386323,PBPF,cracker_scene1,30,old
945,19.04685616493225,0.11229754565912106,PBPF,cracker_scene1,30,old
946,19.056602716445923,0.11223266937319937,PBPF,cracker_scene1,30,old
947,19.066329956054688,0.11219313640505282,PBPF,cracker_scene1,30,old
948,19.076363801956177,0.11220020127973547,PBPF,cracker_scene1,30,old
949,19.086078882217407,0.11220020127973547,PBPF,cracker_scene1,30,old
950,19.096466541290283,0.11214665031091385,PBPF,cracker_scene1,30,old
951,19.110714197158813,0.11213834590097885,PBPF,cracker_scene1,30,old
952,19.123454093933105,0.11211564763408302,PBPF,cracker_scene1,30,old
953,19.137798070907593,0.11210049253908044,PBPF,cracker_scene1,30,old
954,19.148748636245728,0.1120026672080027,PBPF,cracker_scene1,30,old
955,19.16214394569397,0.1120065927269131,PBPF,cracker_scene1,30,old
956,19.213732957839966,0.12124026097366238,PBPF,cracker_scene1,30,old
957,19.25863003730774,0.12116118457667784,PBPF,cracker_scene1,30,old
958,19.296831130981445,0.12112084563997348,PBPF,cracker_scene1,30,old
959,19.329524040222168,0.12112822278730404,PBPF,cracker_scene1,30,old
960,19.344909191131592,0.12112920781296312,PBPF,cracker_scene1,30,old
961,19.365764617919922,0.12108453057992308,PBPF,cracker_scene1,30,old
962,19.37579870223999,0.12109778882652732,PBPF,cracker_scene1,30,old
963,19.389694929122925,0.12112248207171732,PBPF,cracker_scene1,30,old
964,19.397168397903442,0.12112248207171732,PBPF,cracker_scene1,30,old
965,19.43005633354187,0.12107706320175698,PBPF,cracker_scene1,30,old
966,19.452311277389526,0.12119899112417609,PBPF,cracker_scene1,30,old
967,19.492666006088257,0.1211584987707,PBPF,cracker_scene1,30,old
968,19.506134271621704,0.1211584987707,PBPF,cracker_scene1,30,old
969,19.527222871780396,0.1211584987707,PBPF,cracker_scene1,30,old
970,19.55775547027588,0.12117615978581946,PBPF,cracker_scene1,30,old
971,19.580888509750366,0.12118023090391554,PBPF,cracker_scene1,30,old
972,19.609480381011963,0.12116013300215353,PBPF,cracker_scene1,30,old
973,19.638741493225098,0.12115683883920722,PBPF,cracker_scene1,30,old
974,19.649866342544556,0.12116322255869205,PBPF,cracker_scene1,30,old
975,19.68923592567444,0.12117773656903011,PBPF,cracker_scene1,30,old
976,19.75406551361084,0.13246145309448135,PBPF,cracker_scene1,30,old
977,19.76979351043701,0.13246329100247092,PBPF,cracker_scene1,30,old
978,19.776333570480347,0.13246329100247092,PBPF,cracker_scene1,30,old
979,19.785845279693604,0.1324646084529896,PBPF,cracker_scene1,30,old
980,19.794097185134888,0.13239746692729354,PBPF,cracker_scene1,30,old
981,19.80177140235901,0.1324351119628375,PBPF,cracker_scene1,30,old
982,19.808751106262207,0.1324363936598734,PBPF,cracker_scene1,30,old
983,19.81680917739868,0.1323249013230844,PBPF,cracker_scene1,30,old
984,19.82485318183899,0.13244612349604334,PBPF,cracker_scene1,30,old
985,19.831987142562866,0.13240507823245326,PBPF,cracker_scene1,30,old
986,19.83915638923645,0.13240507823245326,PBPF,cracker_scene1,30,old
987,19.846914529800415,0.13244081491888904,PBPF,cracker_scene1,30,old
988,19.85412621498108,0.13241853604255527,PBPF,cracker_scene1,30,old
989,19.86147427558899,0.1324404047741386,PBPF,cracker_scene1,30,old
990,19.86894679069519,0.13245898623996613,PBPF,cracker_scene1,30,old
991,19.876537561416626,0.13246351089509265,PBPF,cracker_scene1,30,old
992,19.88324475288391,0.13240272654771038,PBPF,cracker_scene1,30,old
993,19.887927532196045,0.13240272654771038,PBPF,cracker_scene1,30,old
994,19.893144845962524,0.13242971818557045,PBPF,cracker_scene1,30,old
995,19.897431135177612,0.13242971818557045,PBPF,cracker_scene1,30,old
996,19.902403116226196,0.1400486023235482,PBPF,cracker_scene1,30,old
997,19.907217741012573,0.13999579692101033,PBPF,cracker_scene1,30,old
998,19.914427995681763,0.14000383065301408,PBPF,cracker_scene1,30,old
999,19.92227530479431,0.14005486133801825,PBPF,cracker_scene1,30,old
1000,19.929890155792236,0.14000819655158026,PBPF,cracker_scene1,30,old
1001,19.936516284942627,0.14004573747814972,PBPF,cracker_scene1,30,old
1002,19.94098949432373,0.1400080552178735,PBPF,cracker_scene1,30,old
1003,19.9461932182312,0.1400080552178735,PBPF,cracker_scene1,30,old
1004,19.95215368270874,0.14000523668665302,PBPF,cracker_scene1,30,old
1005,19.958985328674316,0.14000523668665302,PBPF,cracker_scene1,30,old
1006,19.964112520217896,0.14004894339174573,PBPF,cracker_scene1,30,old
1007,19.969860076904297,0.1400485593662454,PBPF,cracker_scene1,30,old
1008,19.974889993667603,0.14005262038440516,PBPF,cracker_scene1,30,old
1009,19.980473041534424,0.1400579661559619,PBPF,cracker_scene1,30,old
1010,19.98587441444397,0.140009732154722,PBPF,cracker_scene1,30,old
1011,19.991451025009155,0.14001175116985912,PBPF,cracker_scene1,30,old
1012,19.996431589126587,0.14001175116985912,PBPF,cracker_scene1,30,old
1013,20.00240397453308,0.14004303081296793,PBPF,cracker_scene1,30,old
1014,20.00793480873108,0.1400594959414554,PBPF,cracker_scene1,30,old
1015,20.0137038230896,0.14005957057521332,PBPF,cracker_scene1,30,old
1016,20.019646406173706,0.1400099964485051,PBPF,cracker_scene1,30,old
1017,20.025619506835938,0.13999875714280915,PBPF,cracker_scene1,30,old
1018,20.031028270721436,0.13999875714280915,PBPF,cracker_scene1,30,old
1019,20.039174795150757,0.140013881546006,PBPF,cracker_scene1,30,old
1020,20.047399282455444,0.14001239186143585,PBPF,cracker_scene1,30,old
1021,20.05595850944519,0.14001312980878694,PBPF,cracker_scene1,30,old
1022,20.064770221710205,0.14001613890686118,PBPF,cracker_scene1,30,old
1023,20.073716163635254,0.14005742835082693,PBPF,cracker_scene1,30,old
1024,20.083146572113037,0.1400088682140829,PBPF,cracker_scene1,30,old
1025,20.090684413909912,0.14004408603265153,PBPF,cracker_scene1,30,old
1026,20.09535789489746,0.14004404770300677,PBPF,cracker_scene1,30,old
1027,20.099728107452393,0.14006013964304678,PBPF,cracker_scene1,30,old
1028,20.104254961013794,0.14006013964304678,PBPF,cracker_scene1,30,old
1029,20.108880519866943,0.14000480706425775,PBPF,cracker_scene1,30,old
1030,20.11355948448181,0.14000480706425775,PBPF,cracker_scene1,30,old
1031,20.118038415908813,0.1400510076203965,PBPF,cracker_scene1,30,old
1032,20.122274160385132,0.1400510076203965,PBPF,cracker_scene1,30,old
1033,20.127484560012817,0.1400000226890584,PBPF,cracker_scene1,30,old
1034,20.132179260253906,0.1400169083773724,PBPF,cracker_scene1,30,old
1035,20.13669753074646,0.1400169083773724,PBPF,cracker_scene1,30,old
1036,20.141283750534058,0.1400497673617818,PBPF,cracker_scene1,30,old
1037,20.14842653274536,0.1400061769899641,PBPF,cracker_scene1,30,old
1038,20.155804872512817,0.1400076113168156,PBPF,cracker_scene1,30,old
1039,20.163872718811035,0.14001329998226417,PBPF,cracker_scene1,30,old
1040,20.17274236679077,0.14000818611506377,PBPF,cracker_scene1,30,old
1041,20.181678533554077,0.14006140671601977,PBPF,cracker_scene1,30,old
1042,20.190682649612427,0.140031743699063,PBPF,cracker_scene1,30,old
1043,20.20022964477539,0.1399482841549188,PBPF,cracker_scene1,30,old
1044,20.209641695022583,0.1399433858711636,PBPF,cracker_scene1,30,old
1045,20.22002911567688,0.1400484986241269,PBPF,cracker_scene1,30,old
1046,20.23005747795105,0.1400497806904474,PBPF,cracker_scene1,30,old
1047,20.238531351089478,0.1400714899452123,PBPF,cracker_scene1,30,old
1048,20.243473052978516,0.14005315746931243,PBPF,cracker_scene1,30,old
1049,20.24785351753235,0.14005315746931243,PBPF,cracker_scene1,30,old
1050,20.252568244934082,0.14006613795867984,PBPF,cracker_scene1,30,old
1051,20.256893396377563,0.14006613795867984,PBPF,cracker_scene1,30,old
1052,20.261257648468018,0.14005228527520674,PBPF,cracker_scene1,30,old
1053,20.265888690948486,0.14005228527520674,PBPF,cracker_scene1,30,old
1054,20.270572185516357,0.14009765877520783,PBPF,cracker_scene1,30,old
1055,20.27466630935669,0.14009765877520783,PBPF,cracker_scene1,30,old
1056,20.279052019119263,0.14005429372694445,PBPF,cracker_scene1,30,old
1057,20.28345537185669,0.14000619020487723,PBPF,cracker_scene1,30,old
1058,20.28770875930786,0.14000619020487723,PBPF,cracker_scene1,30,old
1059,20.291799783706665,0.14000619020487723,PBPF,cracker_scene1,30,old
1060,20.296283721923828,0.1401090108385832,PBPF,cracker_scene1,30,old
1061,20.30088448524475,0.14010920817108802,PBPF,cracker_scene1,30,old
1062,20.305211782455444,0.14005301652330554,PBPF,cracker_scene1,30,old
1063,20.309628009796143,0.13995186342986654,PBPF,cracker_scene1,30,old
1064,20.31408715248108,0.13995186342986654,PBPF,cracker_scene1,30,old
1065,20.318466186523438,0.14005464729835607,PBPF,cracker_scene1,30,old
1066,20.32253384590149,0.14005464729835607,PBPF,cracker_scene1,30,old
1067,20.326988458633423,0.14004578067961052,PBPF,cracker_scene1,30,old
1068,20.331031322479248,0.14004578067961052,PBPF,cracker_scene1,30,old
1069,20.335642099380493,0.14005691482395768,PBPF,cracker_scene1,30,old
1070,20.339667797088623,0.14005691482395768,PBPF,cracker_scene1,30,old
1071,20.344187021255493,0.14006370653411734,PBPF,cracker_scene1,30,old
1072,20.348487615585327,0.14006490998697146,PBPF,cracker_scene1,30,old
1073,20.352638959884644,0.1400758606013682,PBPF,cracker_scene1,30,old
1074,20.356715440750122,0.1400758606013682,PBPF,cracker_scene1,30,old
1075,20.36086630821228,0.14002180627843985,PBPF,cracker_scene1,30,old
1076,20.364960432052612,0.14002180627843985,PBPF,cracker_scene1,30,old
1077,20.369205474853516,0.13996824890761927,PBPF,cracker_scene1,30,old
1078,20.373268365859985,0.13996824890761927,PBPF,cracker_scene1,30,old
1079,20.37768244743347,0.14006268146939677,PBPF,cracker_scene1,30,old
1080,20.38183045387268,0.14006268146939677,PBPF,cracker_scene1,30,old
1081,20.387266874313354,0.1400752593113605,PBPF,cracker_scene1,30,old
1082,20.391664743423462,0.14003076186439137,PBPF,cracker_scene1,30,old
1083,20.396167755126953,0.14003076186439137,PBPF,cracker_scene1,30,old
1084,20.400909662246704,0.14000594570011735,PBPF,cracker_scene1,30,old
1085,20.405343294143677,0.14000594570011735,PBPF,cracker_scene1,30,old
1086,20.409948587417603,0.14004948765136171,PBPF,cracker_scene1,30,old
1087,20.414613246917725,0.14004948765136171,PBPF,cracker_scene1,30,old
1088,20.419397592544556,0.1399967589969062,PBPF,cracker_scene1,30,old
1089,20.423808574676514,0.1399967589969062,PBPF,cracker_scene1,30,old
1090,20.42849349975586,0.13998073968519092,PBPF,cracker_scene1,30,old
1091,20.43293523788452,0.14000518869763062,PBPF,cracker_scene1,30,old
1092,20.437530279159546,0.14000518869763062,PBPF,cracker_scene1,30,old
1093,20.442131757736206,0.14005562325154514,PBPF,cracker_scene1,30,old
1094,20.446909427642822,0.14005562325154514,PBPF,cracker_scene1,30,old
1095,20.451689958572388,0.14005889576141606,PBPF,cracker_scene1,30,old
1096,20.456369161605835,0.14005889576141606,PBPF,cracker_scene1,30,old
1097,20.461278438568115,0.14003603098883322,PBPF,cracker_scene1,30,old
1098,20.46570587158203,0.14003603098883322,PBPF,cracker_scene1,30,old
1099,20.470307111740112,0.1400557119119685,PBPF,cracker_scene1,30,old
1100,20.475287437438965,0.14000922116910083,PBPF,cracker_scene1,30,old
1101,20.479785203933716,0.14000922116910083,PBPF,cracker_scene1,30,old
1102,20.484272241592407,0.1400571203909909,PBPF,cracker_scene1,30,old
1103,20.488801956176758,0.1400571203909909,PBPF,cracker_scene1,30,old
1104,20.49340033531189,0.1400015092235987,PBPF,cracker_scene1,30,old
1105,20.497896909713745,0.1400015092235987,PBPF,cracker_scene1,30,old
1106,20.50249981880188,0.14005518267292255,PBPF,cracker_scene1,30,old
1107,20.507148027420044,0.14005518267292255,PBPF,cracker_scene1,30,old
1108,20.511505842208862,0.14000144511826818,PBPF,cracker_scene1,30,old
1109,20.51608967781067,0.1400382566662528,PBPF,cracker_scene1,30,old
1110,20.52055287361145,0.1400382566662528,PBPF,cracker_scene1,30,old
1111,20.5251681804657,0.14003034773877004,PBPF,cracker_scene1,30,old
1112,20.531153917312622,0.14003034773877004,PBPF,cracker_scene1,30,old
1113,20.537943840026855,0.14001434447353062,PBPF,cracker_scene1,30,old
1114,20.545189380645752,0.14000796198511914,PBPF,cracker_scene1,30,old
1115,20.552817821502686,0.14001065138747898,PBPF,cracker_scene1,30,old
1116,20.56007170677185,0.13995745664080447,PBPF,cracker_scene1,30,old
1117,20.56751561164856,0.1400139175585359,PBPF,cracker_scene1,30,old
1118,20.57485270500183,0.14005558976921306,PBPF,cracker_scene1,30,old
1119,20.582475423812866,0.14000586990052677,PBPF,cracker_scene1,30,old
1120,20.589903831481934,0.14004626634435682,PBPF,cracker_scene1,30,old
1121,20.59751296043396,0.14004290653311177,PBPF,cracker_scene1,30,old
1122,20.605165243148804,0.14001167001812997,PBPF,cracker_scene1,30,old
1123,20.612662076950073,0.1400067351212181,PBPF,cracker_scene1,30,old
1124,20.620147466659546,0.14000497674027162,PBPF,cracker_scene1,30,old
1125,20.627124547958374,0.14000497674027162,PBPF,cracker_scene1,30,old
1126,20.63436794281006,0.1400335929080394,PBPF,cracker_scene1,30,old
1127,20.642073154449463,0.1400574540859279,PBPF,cracker_scene1,30,old
1128,20.649779796600342,0.14004830388260475,PBPF,cracker_scene1,30,old
1129,20.657403707504272,0.14004782517475536,PBPF,cracker_scene1,30,old
1130,20.665123224258423,0.1400556094478549,PBPF,cracker_scene1,30,old
1131,20.6722891330719,0.14004919641336797,PBPF,cracker_scene1,30,old
1132,20.679985761642456,0.14004223796071189,PBPF,cracker_scene1,30,old
1133,20.68783140182495,0.14000408654840424,PBPF,cracker_scene1,30,old
1134,20.69544005393982,0.14006422778247996,PBPF,cracker_scene1,30,old
1135,20.703137159347534,0.14001108719144725,PBPF,cracker_scene1,30,old
1136,20.710917949676514,0.14000890346017034,PBPF,cracker_scene1,30,old
1137,20.71846318244934,0.14003935127061592,PBPF,cracker_scene1,30,old
1138,20.72570300102234,0.14007654002950437,PBPF,cracker_scene1,30,old
1139,20.733012199401855,0.13999961120501958,PBPF,cracker_scene1,30,old
1140,20.740743398666382,0.14002020751325903,PBPF,cracker_scene1,30,old
1141,20.75352907180786,0.13999897864625452,PBPF,cracker_scene1,30,old
1142,20.76155996322632,0.14009398908861728,PBPF,cracker_scene1,30,old
1143,20.76939368247986,0.14007435954817443,PBPF,cracker_scene1,30,old
1144,20.776986360549927,0.14000608350588956,PBPF,cracker_scene1,30,old
1145,20.78580665588379,0.14006001644059868,PBPF,cracker_scene1,30,old
1146,20.79340696334839,0.14011298829086818,PBPF,cracker_scene1,30,old
1147,20.80111336708069,0.14000689848858494,PBPF,cracker_scene1,30,old
1148,20.809025049209595,0.14004511684141038,PBPF,cracker_scene1,30,old
1149,20.817280292510986,0.1400504558013118,PBPF,cracker_scene1,30,old
1150,20.825252771377563,0.14004474730067598,PBPF,cracker_scene1,30,old
1151,20.832744359970093,0.14004300933098687,PBPF,cracker_scene1,30,old
1152,20.84133768081665,0.13999625146902747,PBPF,cracker_scene1,30,old
1153,20.85379695892334,0.1400474705736172,PBPF,cracker_scene1,30,old
1154,20.86157751083374,0.1400474705736172,PBPF,cracker_scene1,30,old
1155,20.870299816131592,0.14004156207553073,PBPF,cracker_scene1,30,old
1156,20.87872886657715,0.14004139649836997,PBPF,cracker_scene1,30,old
1157,20.88644766807556,0.14004139649836997,PBPF,cracker_scene1,30,old
1158,20.897172451019287,0.14004139649836997,PBPF,cracker_scene1,30,old
1159,20.914079666137695,0.14001186873086033,PBPF,cracker_scene1,30,old
1160,20.92272925376892,0.1400480079796911,PBPF,cracker_scene1,30,old
1161,20.931886911392212,0.14007093401651982,PBPF,cracker_scene1,30,old
1162,20.941880464553833,0.13999820107837105,PBPF,cracker_scene1,30,old
1163,20.971218824386597,0.14004325721147237,PBPF,cracker_scene1,30,old
1164,21.00840187072754,0.14006100939327681,PBPF,cracker_scene1,30,old
1165,21.05885934829712,0.14005109330578483,PBPF,cracker_scene1,30,old
1166,21.10690212249756,0.1400156206165284,PBPF,cracker_scene1,30,old
1167,21.114157676696777,0.1400156206165284,PBPF,cracker_scene1,30,old
1168,21.12599492073059,0.1400156206165284,PBPF,cracker_scene1,30,old
1169,21.137611627578735,0.1400156206165284,PBPF,cracker_scene1,30,old
1170,21.145108699798584,0.1400156206165284,PBPF,cracker_scene1,30,old
1171,21.152422189712524,0.1400156206165284,PBPF,cracker_scene1,30,old
1172,21.159616470336914,0.1400156206165284,PBPF,cracker_scene1,30,old
1173,21.166696548461914,0.1400156206165284,PBPF,cracker_scene1,30,old
1174,21.17387294769287,0.1400156206165284,PBPF,cracker_scene1,30,old
1175,21.181077480316162,0.1400156206165284,PBPF,cracker_scene1,30,old
1176,21.1884663105011,0.1400156206165284,PBPF,cracker_scene1,30,old
1177,21.200443506240845,0.1400156206165284,PBPF,cracker_scene1,30,old
1178,21.21236515045166,0.1400156206165284,PBPF,cracker_scene1,30,old
1179,21.224299669265747,0.1400156206165284,PBPF,cracker_scene1,30,old
1180,21.231727838516235,0.1400156206165284,PBPF,cracker_scene1,30,old
1181,21.249085903167725,0.1400156206165284,PBPF,cracker_scene1,30,old
1182,21.273310899734497,0.1400156206165284,PBPF,cracker_scene1,30,old
1183,21.28071355819702,0.1400156206165284,PBPF,cracker_scene1,30,old
1184,21.292834281921387,0.1400156206165284,PBPF,cracker_scene1,30,old
1185,21.32921266555786,0.1400156206165284,PBPF,cracker_scene1,30,old
1186,21.357338666915894,0.1400156206165284,PBPF,cracker_scene1,30,old
1187,21.369474411010742,0.1400156206165284,PBPF,cracker_scene1,30,old
1188,21.376941680908203,0.1400156206165284,PBPF,cracker_scene1,30,old
1189,21.38442349433899,0.1400156206165284,PBPF,cracker_scene1,30,old
1190,21.391849517822266,0.1400156206165284,PBPF,cracker_scene1,30,old
1191,21.411250829696655,0.1400156206165284,PBPF,cracker_scene1,30,old
1192,21.41951894760132,0.1400156206165284,PBPF,cracker_scene1,30,old
1193,21.426981925964355,0.1400156206165284,PBPF,cracker_scene1,30,old
1194,21.443479299545288,0.1400156206165284,PBPF,cracker_scene1,30,old
1195,21.451273202896118,0.1400156206165284,PBPF,cracker_scene1,30,old
1196,21.463447093963623,0.1400156206165284,PBPF,cracker_scene1,30,old
1197,21.470990657806396,0.1400156206165284,PBPF,cracker_scene1,30,old
1198,21.47827124595642,0.1400156206165284,PBPF,cracker_scene1,30,old
1199,21.48536443710327,0.1400156206165284,PBPF,cracker_scene1,30,old
1200,21.492745637893677,0.1400156206165284,PBPF,cracker_scene1,30,old
1201,21.500162839889526,0.1400156206165284,PBPF,cracker_scene1,30,old
1202,21.507564067840576,0.1400156206165284,PBPF,cracker_scene1,30,old
1203,21.514913320541382,0.1400156206165284,PBPF,cracker_scene1,30,old
1204,21.540607213974,0.1400156206165284,PBPF,cracker_scene1,30,old
1205,21.548184633255005,0.1400156206165284,PBPF,cracker_scene1,30,old
1206,21.555870294570923,0.1400156206165284,PBPF,cracker_scene1,30,old
1207,21.56310200691223,0.1400156206165284,PBPF,cracker_scene1,30,old
1208,21.57073998451233,0.1400156206165284,PBPF,cracker_scene1,30,old
1209,21.591946840286255,0.1400156206165284,PBPF,cracker_scene1,30,old
1210,21.629923105239868,0.1400156206165284,PBPF,cracker_scene1,30,old
1211,21.637771606445312,0.1400156206165284,PBPF,cracker_scene1,30,old
1212,21.645025968551636,0.1400156206165284,PBPF,cracker_scene1,30,old
1213,21.656866550445557,0.1400156206165284,PBPF,cracker_scene1,30,old
1214,21.664254903793335,0.1400156206165284,PBPF,cracker_scene1,30,old
1215,21.671593189239502,0.1400156206165284,PBPF,cracker_scene1,30,old
1216,21.678903579711914,0.1400156206165284,PBPF,cracker_scene1,30,old
1217,21.686279773712158,0.1400156206165284,PBPF,cracker_scene1,30,old
1218,21.69369912147522,0.1400156206165284,PBPF,cracker_scene1,30,old
1219,21.701003074645996,0.1400156206165284,PBPF,cracker_scene1,30,old
1220,21.70828604698181,0.1400156206165284,PBPF,cracker_scene1,30,old
1221,21.715590238571167,0.1400156206165284,PBPF,cracker_scene1,30,old
1222,21.722956657409668,0.1400156206165284,PBPF,cracker_scene1,30,old
1223,21.73032259941101,0.1400156206165284,PBPF,cracker_scene1,30,old
1224,21.737797737121582,0.1400156206165284,PBPF,cracker_scene1,30,old
1225,21.74505066871643,0.1400156206165284,PBPF,cracker_scene1,30,old
1226,21.752370834350586,0.1400156206165284,PBPF,cracker_scene1,30,old
1227,21.759847402572632,0.1400156206165284,PBPF,cracker_scene1,30,old
1228,21.76705288887024,0.1400156206165284,PBPF,cracker_scene1,30,old
1229,21.774545192718506,0.1400156206165284,PBPF,cracker_scene1,30,old
1230,21.78225827217102,0.1400156206165284,PBPF,cracker_scene1,30,old
1231,21.789825677871704,0.1400156206165284,PBPF,cracker_scene1,30,old
1232,21.80431604385376,0.1400156206165284,PBPF,cracker_scene1,30,old
1233,21.817288637161255,0.1400156206165284,PBPF,cracker_scene1,30,old
1234,21.8250253200531,0.1400156206165284,PBPF,cracker_scene1,30,old
1235,21.83261203765869,0.1400156206165284,PBPF,cracker_scene1,30,old
1236,21.84024930000305,0.1400156206165284,PBPF,cracker_scene1,30,old
1237,21.857213258743286,0.1400156206165284,PBPF,cracker_scene1,30,old
1238,21.865251064300537,0.1400156206165284,PBPF,cracker_scene1,30,old
1239,21.87329387664795,0.1400156206165284,PBPF,cracker_scene1,30,old
1240,21.885881900787354,0.1400156206165284,PBPF,cracker_scene1,30,old
1241,21.897815465927124,0.1400156206165284,PBPF,cracker_scene1,30,old
1242,21.913892030715942,0.1400156206165284,PBPF,cracker_scene1,30,old
1243,21.934579372406006,0.1400156206165284,PBPF,cracker_scene1,30,old
1244,21.942963361740112,0.1400156206165284,PBPF,cracker_scene1,30,old
1245,21.951114416122437,0.1400156206165284,PBPF,cracker_scene1,30,old
1246,21.96864128112793,0.1400156206165284,PBPF,cracker_scene1,30,old
1247,21.976815700531006,0.1400156206165284,PBPF,cracker_scene1,30,old
1248,21.984878301620483,0.1400156206165284,PBPF,cracker_scene1,30,old
1249,21.997817993164062,0.1400156206165284,PBPF,cracker_scene1,30,old
1250,22.01076054573059,0.1400156206165284,PBPF,cracker_scene1,30,old
1251,22.021607160568237,0.1400156206165284,PBPF,cracker_scene1,30,old
1252,22.03489375114441,0.1400156206165284,PBPF,cracker_scene1,30,old
1253,22.0433452129364,0.1400156206165284,PBPF,cracker_scene1,30,old
1254,22.051246881484985,0.1400156206165284,PBPF,cracker_scene1,30,old
1255,22.0604248046875,0.1400156206165284,PBPF,cracker_scene1,30,old
1256,22.06820034980774,0.1400156206165284,PBPF,cracker_scene1,30,old
1257,22.07580041885376,0.1400156206165284,PBPF,cracker_scene1,30,old
1258,22.08318853378296,0.1400156206165284,PBPF,cracker_scene1,30,old
1259,22.09061622619629,0.1400156206165284,PBPF,cracker_scene1,30,old
1260,22.09837317466736,0.1400156206165284,PBPF,cracker_scene1,30,old
1261,22.10591459274292,0.1400156206165284,PBPF,cracker_scene1,30,old
1262,22.11313796043396,0.1400156206165284,PBPF,cracker_scene1,30,old
1263,22.120426893234253,0.1400156206165284,PBPF,cracker_scene1,30,old
1264,22.12800669670105,0.1400156206165284,PBPF,cracker_scene1,30,old
1265,22.14010977745056,0.1400156206165284,PBPF,cracker_scene1,30,old
1266,22.14770746231079,0.1400156206165284,PBPF,cracker_scene1,30,old
1267,22.15519881248474,0.1400156206165284,PBPF,cracker_scene1,30,old
1268,22.162819147109985,0.1400156206165284,PBPF,cracker_scene1,30,old
1269,22.17037796974182,0.1400156206165284,PBPF,cracker_scene1,30,old
1270,22.17812991142273,0.1400156206165284,PBPF,cracker_scene1,30,old
1271,22.18561816215515,0.1400156206165284,PBPF,cracker_scene1,30,old
1272,22.19316792488098,0.1400156206165284,PBPF,cracker_scene1,30,old
1273,22.200718879699707,0.1400156206165284,PBPF,cracker_scene1,30,old
1274,22.20815134048462,0.1400156206165284,PBPF,cracker_scene1,30,old
