0,0.0003402233123779297,0.07376945083529378,obse,soup_scene1,70,old
1,0.004138469696044922,0.06798062245323257,obse,soup_scene1,70,old
2,0.042710304260253906,0.0674554246735027,obse,soup_scene1,70,old
3,0.05994772911071777,0.0673102930093721,obse,soup_scene1,70,old
4,0.07533812522888184,0.06715029113301665,obse,soup_scene1,70,old
5,0.08259940147399902,0.06715029113301665,obse,soup_scene1,70,old
6,0.10477495193481445,0.06701077560254741,obse,soup_scene1,70,old
7,0.12006139755249023,0.06689042013500372,obse,soup_scene1,70,old
8,0.12818574905395508,0.0668237222670406,obse,soup_scene1,70,old
9,0.1361837387084961,0.051160132356030175,obse,soup_scene1,70,old
10,0.14447402954101562,0.05103330844754345,obse,soup_scene1,70,old
11,0.15228629112243652,0.050915205488900474,obse,soup_scene1,70,old
12,0.16498970985412598,0.05050373316299866,obse,soup_scene1,70,old
13,0.18164539337158203,0.050299559434135756,obse,soup_scene1,70,old
14,0.19424057006835938,0.04127494120400855,obse,soup_scene1,70,old
15,0.2122340202331543,0.04065701539339667,obse,soup_scene1,70,old
16,0.2228076457977295,0.040473218493290296,obse,soup_scene1,70,old
17,0.23744440078735352,0.04033869870497811,obse,soup_scene1,70,old
18,0.2450869083404541,0.04025743793496449,obse,soup_scene1,70,old
19,0.2665700912475586,0.036408503959581645,obse,soup_scene1,70,old
20,0.29005932807922363,0.036103331954325406,obse,soup_scene1,70,old
21,0.30579471588134766,0.035187646087380314,obse,soup_scene1,70,old
22,0.3131892681121826,0.03519940908240848,obse,soup_scene1,70,old
23,0.32127881050109863,0.033786135999940334,obse,soup_scene1,70,old
24,0.32945823669433594,0.033876267446894676,obse,soup_scene1,70,old
25,0.33682775497436523,0.033856334889636956,obse,soup_scene1,70,old
26,0.34467577934265137,0.033840430062156895,obse,soup_scene1,70,old
27,0.35257720947265625,0.03392386015549253,obse,soup_scene1,70,old
28,0.36012840270996094,0.03394153575643852,obse,soup_scene1,70,old
29,0.36774230003356934,0.03390648065551494,obse,soup_scene1,70,old
30,0.3754267692565918,0.033842226841580704,obse,soup_scene1,70,old
31,0.38320159912109375,0.03388492202097204,obse,soup_scene1,70,old
32,0.39098668098449707,0.03388492202097204,obse,soup_scene1,70,old
33,0.401914119720459,0.03157466390780045,obse,soup_scene1,70,old
34,0.413041353225708,0.031171290038719043,obse,soup_scene1,70,old
35,0.4273414611816406,0.031204456521879868,obse,soup_scene1,70,old
36,0.43697237968444824,0.03059555880058495,obse,soup_scene1,70,old
37,0.4454467296600342,0.030645899899403483,obse,soup_scene1,70,old
38,0.45460987091064453,0.03048125369370122,obse,soup_scene1,70,old
39,0.4640333652496338,0.0331725797271901,obse,soup_scene1,70,old
40,0.4724571704864502,0.033175485668163814,obse,soup_scene1,70,old
41,0.47990989685058594,0.033021963479918384,obse,soup_scene1,70,old
42,0.4880852699279785,0.032956071928483786,obse,soup_scene1,70,old
43,0.496051549911499,0.03283836261315196,obse,soup_scene1,70,old
44,0.5065197944641113,0.03126812244740791,obse,soup_scene1,70,old
45,0.5135817527770996,0.03126812244740791,obse,soup_scene1,70,old
46,0.5213315486907959,0.031132028209544648,obse,soup_scene1,70,old
47,0.5285093784332275,0.0310196433844089,obse,soup_scene1,70,old
48,0.5353548526763916,0.0310196433844089,obse,soup_scene1,70,old
49,0.5423882007598877,0.030858002732728075,obse,soup_scene1,70,old
50,0.5575520992279053,0.030732126554129064,obse,soup_scene1,70,old
51,0.5696752071380615,0.030320504054423214,obse,soup_scene1,70,old
52,0.5800871849060059,0.0300843363006083,obse,soup_scene1,70,old
53,0.5905699729919434,0.03427181585542128,obse,soup_scene1,70,old
54,0.6009476184844971,0.03387130331722577,obse,soup_scene1,70,old
55,0.6111879348754883,0.033734211992606046,obse,soup_scene1,70,old
56,0.620781660079956,0.033616004743861734,obse,soup_scene1,70,old
57,0.6304440498352051,0.03345373655282871,obse,soup_scene1,70,old
58,0.6397461891174316,0.03334740121849815,obse,soup_scene1,70,old
59,0.6490566730499268,0.033255447028536986,obse,soup_scene1,70,old
60,0.6610221862792969,0.03577758756262455,obse,soup_scene1,70,old
61,0.6723759174346924,0.03512804002837623,obse,soup_scene1,70,old
62,0.6918580532073975,0.03486588462389387,obse,soup_scene1,70,old
63,0.7109003067016602,0.03444258862302514,obse,soup_scene1,70,old
64,0.7212979793548584,0.0343218107559778,obse,soup_scene1,70,old
65,0.7391326427459717,0.03432221779811384,obse,soup_scene1,70,old
66,0.7508785724639893,0.031295724016976,obse,soup_scene1,70,old
67,0.7606480121612549,0.031075702400175077,obse,soup_scene1,70,old
68,0.769193172454834,0.030917490867909573,obse,soup_scene1,70,old
69,0.7775344848632812,0.030758531520612257,obse,soup_scene1,70,old
70,0.7856583595275879,0.030591051572580973,obse,soup_scene1,70,old
71,0.7940366268157959,0.0303836759545513,obse,soup_scene1,70,old
72,0.802790641784668,0.030343502332702416,obse,soup_scene1,70,old
73,0.8110940456390381,0.028885280237178523,obse,soup_scene1,70,old
74,0.8193070888519287,0.028711854704559794,obse,soup_scene1,70,old
75,0.827620267868042,0.028578935029376487,obse,soup_scene1,70,old
76,0.836188554763794,0.02843017648057377,obse,soup_scene1,70,old
77,0.8443026542663574,0.02829100833921491,obse,soup_scene1,70,old
78,0.8521416187286377,0.02804383054725992,obse,soup_scene1,70,old
79,0.860081672668457,0.02845440086602439,obse,soup_scene1,70,old
80,0.8676674365997314,0.02844615570782796,obse,soup_scene1,70,old
81,0.8759849071502686,0.030096533783454837,obse,soup_scene1,70,old
82,0.8830842971801758,0.030082746953752886,obse,soup_scene1,70,old
83,0.8909728527069092,0.029623402004827833,obse,soup_scene1,70,old
84,0.8983583450317383,0.029623402004827833,obse,soup_scene1,70,old
85,0.9064579010009766,0.029482785299597553,obse,soup_scene1,70,old
86,0.9148766994476318,0.02936046421161834,obse,soup_scene1,70,old
87,0.9242959022521973,0.02906955999198212,obse,soup_scene1,70,old
88,0.9328980445861816,0.02900137012814133,obse,soup_scene1,70,old
89,0.9403562545776367,0.035898880917079184,obse,soup_scene1,70,old
90,0.9491124153137207,0.03584230693356533,obse,soup_scene1,70,old
91,0.9569919109344482,0.03581407523314436,obse,soup_scene1,70,old
92,0.964838981628418,0.03581227655150161,obse,soup_scene1,70,old
93,0.9729852676391602,0.0357348733237219,obse,soup_scene1,70,old
94,0.9815199375152588,0.03560404157069257,obse,soup_scene1,70,old
95,0.9894938468933105,0.0355708212348004,obse,soup_scene1,70,old
96,0.9972739219665527,0.03544328517505281,obse,soup_scene1,70,old
97,1.004704236984253,0.057475484444943416,obse,soup_scene1,70,old
98,1.012648105621338,0.05809823234047882,obse,soup_scene1,70,old
99,1.0193769931793213,0.05809823234047882,obse,soup_scene1,70,old
100,1.0264320373535156,0.05805627677159155,obse,soup_scene1,70,old
101,1.0340497493743896,0.05787736403441022,obse,soup_scene1,70,old
102,1.0415754318237305,0.05789884482046485,obse,soup_scene1,70,old
103,1.0474352836608887,0.05789884482046485,obse,soup_scene1,70,old
104,1.0533206462860107,0.0578086671678498,obse,soup_scene1,70,old
105,1.0619542598724365,0.06859975620242238,obse,soup_scene1,70,old
106,1.0708630084991455,0.06966759745585309,obse,soup_scene1,70,old
107,1.0783915519714355,0.06964635492064951,obse,soup_scene1,70,old
108,1.0858871936798096,0.06964635492064951,obse,soup_scene1,70,old
109,1.0940101146697998,0.06991725925833578,obse,soup_scene1,70,old
110,1.1018164157867432,0.06959566603709345,obse,soup_scene1,70,old
111,1.1090810298919678,0.06958186385829578,obse,soup_scene1,70,old
112,1.1166071891784668,0.06961859415584089,obse,soup_scene1,70,old
113,1.1234784126281738,0.06956793149029365,obse,soup_scene1,70,old
114,1.1300115585327148,0.0695577146203565,obse,soup_scene1,70,old
115,1.1356885433197021,0.0695577146203565,obse,soup_scene1,70,old
116,1.1421525478363037,0.06839310030131626,obse,soup_scene1,70,old
117,1.147836685180664,0.06834628381414867,obse,soup_scene1,70,old
118,1.153641700744629,0.06835172929088947,obse,soup_scene1,70,old
119,1.1600167751312256,0.06834749934417678,obse,soup_scene1,70,old
120,1.16627836227417,0.0683473300177654,obse,soup_scene1,70,old
121,1.1723198890686035,0.0683473300177654,obse,soup_scene1,70,old
122,1.1782479286193848,0.06833787004945538,obse,soup_scene1,70,old
123,1.1847074031829834,0.06833601408407208,obse,soup_scene1,70,old
124,1.192476511001587,0.06833474402901539,obse,soup_scene1,70,old
125,1.2006983757019043,0.10421433898394622,obse,soup_scene1,70,old
126,1.2082412242889404,0.10421433898394622,obse,soup_scene1,70,old
127,1.2156982421875,0.10421433898394622,obse,soup_scene1,70,old
128,1.2238540649414062,0.10431519425133873,obse,soup_scene1,70,old
129,1.230067491531372,0.10426515784474696,obse,soup_scene1,70,old
130,1.2349114418029785,0.10427986609368801,obse,soup_scene1,70,old
131,1.2395741939544678,0.10427981693664042,obse,soup_scene1,70,old
132,1.2442023754119873,0.10419353371176289,obse,soup_scene1,70,old
133,1.2489891052246094,0.10419353371176289,obse,soup_scene1,70,old
134,1.2543387413024902,0.10427724787187378,obse,soup_scene1,70,old
135,1.258725643157959,0.10427724787187378,obse,soup_scene1,70,old
136,1.2634661197662354,0.10428533403418504,obse,soup_scene1,70,old
137,1.2680745124816895,0.10427558264987154,obse,soup_scene1,70,old
138,1.2724246978759766,0.10427558264987154,obse,soup_scene1,70,old
139,1.276893138885498,0.1042663663738836,obse,soup_scene1,70,old
140,1.2811980247497559,0.1042663663738836,obse,soup_scene1,70,old
141,1.2860162258148193,0.10430222814590419,obse,soup_scene1,70,old
142,1.2909858226776123,0.10430222814590419,obse,soup_scene1,70,old
143,1.2956759929656982,0.10430222814590419,obse,soup_scene1,70,old
144,1.300731897354126,0.10428622769899655,obse,soup_scene1,70,old
145,1.3055098056793213,0.10428622769899655,obse,soup_scene1,70,old
146,1.3101191520690918,0.10424103657953479,obse,soup_scene1,70,old
147,1.3146822452545166,0.10424603454251265,obse,soup_scene1,70,old
148,1.3192191123962402,0.10429809996374392,obse,soup_scene1,70,old
149,1.3237006664276123,0.10429809996374392,obse,soup_scene1,70,old
150,1.3281092643737793,0.10429809996374392,obse,soup_scene1,70,old
151,1.3326220512390137,0.10429862999035591,obse,soup_scene1,70,old
152,1.337170124053955,0.10429324346480112,obse,soup_scene1,70,old
153,1.3415336608886719,0.10429324346480112,obse,soup_scene1,70,old
154,1.3457415103912354,0.10429324346480112,obse,soup_scene1,70,old
155,1.3499562740325928,0.10429324346480112,obse,soup_scene1,70,old
156,1.3549914360046387,0.10423963452516131,obse,soup_scene1,70,old
157,1.3593108654022217,0.10422277916198205,obse,soup_scene1,70,old
158,1.3637714385986328,0.10425290947144232,obse,soup_scene1,70,old
159,1.3683176040649414,0.10430592694677437,obse,soup_scene1,70,old
160,1.3729248046875,0.10429274488350002,obse,soup_scene1,70,old
161,1.3780884742736816,0.10425152728228035,obse,soup_scene1,70,old
162,1.3824732303619385,0.10427363041735777,obse,soup_scene1,70,old
163,1.3878087997436523,0.10424724687325757,obse,soup_scene1,70,old
164,1.3923819065093994,0.10424724687325757,obse,soup_scene1,70,old
165,1.3970105648040771,0.10424724687325757,obse,soup_scene1,70,old
166,1.402024507522583,0.10428921594674585,obse,soup_scene1,70,old
167,1.4066424369812012,0.10423423533563272,obse,soup_scene1,70,old
168,1.4113028049468994,0.10424283788369224,obse,soup_scene1,70,old
169,1.4158930778503418,0.10424283788369224,obse,soup_scene1,70,old
170,1.4208934307098389,0.10425839707767733,obse,soup_scene1,70,old
171,1.4254951477050781,0.10430980281508408,obse,soup_scene1,70,old
172,1.4299757480621338,0.10430980281508408,obse,soup_scene1,70,old
173,1.4345810413360596,0.10430980281508408,obse,soup_scene1,70,old
174,1.4397773742675781,0.10423047991386125,obse,soup_scene1,70,old
175,1.44435715675354,0.10423047991386125,obse,soup_scene1,70,old
176,1.4490468502044678,0.10424491141915453,obse,soup_scene1,70,old
177,1.4540374279022217,0.10424843562134725,obse,soup_scene1,70,old
178,1.4586608409881592,0.10424843562134725,obse,soup_scene1,70,old
179,1.4639794826507568,0.10431792959065095,obse,soup_scene1,70,old
180,1.469161033630371,0.10425033231883861,obse,soup_scene1,70,old
181,1.474123477935791,0.10425033231883861,obse,soup_scene1,70,old
182,1.4791815280914307,0.10427247920928207,obse,soup_scene1,70,old
183,1.4840459823608398,0.10427247920928207,obse,soup_scene1,70,old
184,1.4888980388641357,0.104266620640286,obse,soup_scene1,70,old
185,1.4939322471618652,0.10429549165018288,obse,soup_scene1,70,old
186,1.4991495609283447,0.10429549165018288,obse,soup_scene1,70,old
187,1.50453519821167,0.10431098345744724,obse,soup_scene1,70,old
188,1.5092601776123047,0.10431098345744724,obse,soup_scene1,70,old
189,1.51381254196167,0.10456202363247837,obse,soup_scene1,70,old
190,1.5184917449951172,0.10432321604017555,obse,soup_scene1,70,old
191,1.5240964889526367,0.10432321604017555,obse,soup_scene1,70,old
192,1.5307722091674805,0.10432321604017555,obse,soup_scene1,70,old
193,1.5374441146850586,0.10432321604017555,obse,soup_scene1,70,old
194,1.5441043376922607,0.10432321604017555,obse,soup_scene1,70,old
195,1.5522210597991943,0.10431883369403794,obse,soup_scene1,70,old
196,1.5591182708740234,0.10431883369403794,obse,soup_scene1,70,old
197,1.566202163696289,0.1043276151710387,obse,soup_scene1,70,old
198,1.5729336738586426,0.1043276151710387,obse,soup_scene1,70,old
199,1.5795834064483643,0.1043276151710387,obse,soup_scene1,70,old
200,1.586371898651123,0.1043276151710387,obse,soup_scene1,70,old
201,1.5936455726623535,0.1043276151710387,obse,soup_scene1,70,old
202,1.6013565063476562,0.10431440085724106,obse,soup_scene1,70,old
203,1.6090834140777588,0.10433504496627433,obse,soup_scene1,70,old
204,1.616579532623291,0.10430169612437197,obse,soup_scene1,70,old
205,1.6246767044067383,0.10429082802161477,obse,soup_scene1,70,old
206,1.6328508853912354,0.10429803922808434,obse,soup_scene1,70,old
207,1.6400525569915771,0.10429803922808434,obse,soup_scene1,70,old
208,1.6475934982299805,0.10430477995140623,obse,soup_scene1,70,old
209,1.6545958518981934,0.10430477995140623,obse,soup_scene1,70,old
210,1.66245436668396,0.10430276707701772,obse,soup_scene1,70,old
211,1.6692602634429932,0.10430276707701772,obse,soup_scene1,70,old
212,1.6764039993286133,0.10435782953130567,obse,soup_scene1,70,old
213,1.6838760375976562,0.10429150229744917,obse,soup_scene1,70,old
214,1.6912345886230469,0.10424368548063791,obse,soup_scene1,70,old
215,1.6983463764190674,0.10425123530217896,obse,soup_scene1,70,old
216,1.7055091857910156,0.10424178801211663,obse,soup_scene1,70,old
217,1.7129952907562256,0.10428100035325487,obse,soup_scene1,70,old
218,1.72001051902771,0.10417829949069053,obse,soup_scene1,70,old
219,1.7273309230804443,0.10417829949069053,obse,soup_scene1,70,old
220,1.734276533126831,0.1040555236226021,obse,soup_scene1,70,old
221,1.7405660152435303,0.10409616238350122,obse,soup_scene1,70,old
222,1.7474424839019775,0.10404452978010834,obse,soup_scene1,70,old
223,1.755068063735962,0.10406586147955973,obse,soup_scene1,70,old
224,1.7623305320739746,0.10408239002446937,obse,soup_scene1,70,old
225,1.7730422019958496,0.10393346352957358,obse,soup_scene1,70,old
226,1.781182050704956,0.10383234366685262,obse,soup_scene1,70,old
227,1.7897839546203613,0.10372450912204033,obse,soup_scene1,70,old
228,1.79817533493042,0.10370559159959847,obse,soup_scene1,70,old
229,1.8060674667358398,0.10366974625865395,obse,soup_scene1,70,old
230,1.8133964538574219,0.10373826204880655,obse,soup_scene1,70,old
231,1.8211727142333984,0.10360099759049092,obse,soup_scene1,70,old
232,1.8289754390716553,0.10354224878774868,obse,soup_scene1,70,old
233,1.836998701095581,0.10355363730794265,obse,soup_scene1,70,old
234,1.8445427417755127,0.1035022564554682,obse,soup_scene1,70,old
235,1.8523173332214355,0.10345552217925226,obse,soup_scene1,70,old
236,1.860539197921753,0.10340738714979948,obse,soup_scene1,70,old
237,1.8681244850158691,0.10342425232011637,obse,soup_scene1,70,old
238,1.8760557174682617,0.10344363751588809,obse,soup_scene1,70,old
239,1.883812665939331,0.10339230672678398,obse,soup_scene1,70,old
240,1.891815423965454,0.10331925309047647,obse,soup_scene1,70,old
241,1.8998165130615234,0.10335930622122268,obse,soup_scene1,70,old
242,1.9076781272888184,0.10331025973507782,obse,soup_scene1,70,old
243,1.9167606830596924,0.10331025973507782,obse,soup_scene1,70,old
244,1.9285850524902344,0.10332546026286564,obse,soup_scene1,70,old
245,1.940911054611206,0.10329239210607169,obse,soup_scene1,70,old
246,1.984668493270874,0.10310296998849061,obse,soup_scene1,70,old
247,2.0200634002685547,0.10296428289872277,obse,soup_scene1,70,old
248,2.0424985885620117,0.1029673880807388,obse,soup_scene1,70,old
249,2.057570457458496,0.10287316946627144,obse,soup_scene1,70,old
250,2.0717742443084717,0.10276909444389082,obse,soup_scene1,70,old
251,2.0904664993286133,0.10283934651349336,obse,soup_scene1,70,old
252,2.1125500202178955,0.1027333170827983,obse,soup_scene1,70,old
253,2.1350274085998535,0.1027333170827983,obse,soup_scene1,70,old
254,2.1886277198791504,0.1026653308440911,obse,soup_scene1,70,old
255,2.224167823791504,0.10262882378995643,obse,soup_scene1,70,old
256,2.270415782928467,0.10260030958426992,obse,soup_scene1,70,old
257,2.3401072025299072,0.10270838496799412,obse,soup_scene1,70,old
258,2.3543524742126465,0.10270838496799412,obse,soup_scene1,70,old
259,2.428419589996338,0.10287100734889715,obse,soup_scene1,70,old
260,2.451284170150757,0.10287100734889715,obse,soup_scene1,70,old
261,2.535154104232788,0.10303183832774714,obse,soup_scene1,70,old
262,2.5882058143615723,0.10332796191152109,obse,soup_scene1,70,old
263,2.6353092193603516,0.10340142603890189,obse,soup_scene1,70,old
264,2.6594386100769043,0.10358965982422726,obse,soup_scene1,70,old
265,2.6862313747406006,0.10364421112430534,obse,soup_scene1,70,old
266,2.751461982727051,0.10402059749773154,obse,soup_scene1,70,old
267,2.7685627937316895,0.10402059749773154,obse,soup_scene1,70,old
268,2.7920358180999756,0.10429330600093345,obse,soup_scene1,70,old
269,2.81990909576416,0.10436784299233359,obse,soup_scene1,70,old
270,2.85534405708313,0.10447492146987117,obse,soup_scene1,70,old
271,2.8905141353607178,0.10420175949390813,obse,soup_scene1,70,old
272,2.9086177349090576,0.10470430957869434,obse,soup_scene1,70,old
273,2.9271292686462402,0.10470430957869434,obse,soup_scene1,70,old
274,2.9727463722229004,0.10462534805544459,obse,soup_scene1,70,old
275,3.012817621231079,0.10498431927131839,obse,soup_scene1,70,old
276,3.0554354190826416,0.10524379692665306,obse,soup_scene1,70,old
277,3.096078395843506,0.10544319777672037,obse,soup_scene1,70,old
278,3.1447267532348633,0.10557852339216012,obse,soup_scene1,70,old
279,3.1553077697753906,0.10564889852408006,obse,soup_scene1,70,old
280,3.2059693336486816,0.10607113891250292,obse,soup_scene1,70,old
281,3.251384735107422,0.106043821237907,obse,soup_scene1,70,old
282,3.35103178024292,0.1063528383994341,obse,soup_scene1,70,old
283,3.381608247756958,0.10654805543561752,obse,soup_scene1,70,old
284,3.479264736175537,0.1066473817773933,obse,soup_scene1,70,old
285,3.5791678428649902,0.10715482422186272,obse,soup_scene1,70,old
286,3.595355987548828,0.10712043321016544,obse,soup_scene1,70,old
287,3.6871700286865234,0.10738337318948024,obse,soup_scene1,70,old
288,3.7104392051696777,0.10742077125500354,obse,soup_scene1,70,old
289,3.791175365447998,0.10751539160962303,obse,soup_scene1,70,old
290,3.8386342525482178,0.10750424139441196,obse,soup_scene1,70,old
291,3.8753275871276855,0.10752359987405347,obse,soup_scene1,70,old
292,3.8907787799835205,0.10763365216917528,obse,soup_scene1,70,old
293,3.926079273223877,0.10767197873314882,obse,soup_scene1,70,old
294,3.9584336280822754,0.10767197873314882,obse,soup_scene1,70,old
295,3.978670597076416,0.1077705195985215,obse,soup_scene1,70,old
296,4.003099203109741,0.10790973622005737,obse,soup_scene1,70,old
297,4.056593894958496,0.10838948755241584,obse,soup_scene1,70,old
298,4.068572759628296,0.10841028017609441,obse,soup_scene1,70,old
299,4.10844087600708,0.10846234573500195,obse,soup_scene1,70,old
300,4.127228260040283,0.10846234573500195,obse,soup_scene1,70,old
301,4.156643390655518,0.10819859220919983,obse,soup_scene1,70,old
302,4.23253870010376,0.10804641476352217,obse,soup_scene1,70,old
303,4.263737440109253,0.10781663958559524,obse,soup_scene1,70,old
304,4.284679174423218,0.10773086803953637,obse,soup_scene1,70,old
305,4.347249984741211,0.10762756641269533,obse,soup_scene1,70,old
306,4.358407735824585,0.10762235076495058,obse,soup_scene1,70,old
307,4.432217121124268,0.10646290071247537,obse,soup_scene1,70,old
308,4.455300569534302,0.10742035066331215,obse,soup_scene1,70,old
309,4.514307975769043,0.1073701849067494,obse,soup_scene1,70,old
310,4.548324823379517,0.10741824642017048,obse,soup_scene1,70,old
311,4.557243824005127,0.10742476900978472,obse,soup_scene1,70,old
312,4.656172752380371,0.10702429738594693,obse,soup_scene1,70,old
313,4.725589036941528,0.10735856026710769,obse,soup_scene1,70,old
314,4.795171022415161,0.1074670958995533,obse,soup_scene1,70,old
315,4.854128122329712,0.10763025693139369,obse,soup_scene1,70,old
316,4.896702766418457,0.10789118274968186,obse,soup_scene1,70,old
317,4.916120529174805,0.1079348247881225,obse,soup_scene1,70,old
318,4.939274787902832,0.10796221350864552,obse,soup_scene1,70,old
319,4.955122709274292,0.10799380467470683,obse,soup_scene1,70,old
320,4.965949535369873,0.10799380467470683,obse,soup_scene1,70,old
321,5.0150980949401855,0.10837817770257373,obse,soup_scene1,70,old
322,5.039020776748657,0.10852948414079203,obse,soup_scene1,70,old
323,5.051632642745972,0.10864822604583486,obse,soup_scene1,70,old
324,5.0638346672058105,0.10864822604583486,obse,soup_scene1,70,old
325,5.086660385131836,0.10885202782871846,obse,soup_scene1,70,old
326,5.1105797290802,0.1090647647860993,obse,soup_scene1,70,old
327,5.144084692001343,0.10898101933275739,obse,soup_scene1,70,old
328,5.169827938079834,0.10934979706780794,obse,soup_scene1,70,old
329,5.187288999557495,0.1093280646153428,obse,soup_scene1,70,old
330,5.220376968383789,0.10959695047271288,obse,soup_scene1,70,old
331,5.252615213394165,0.10977694541036555,obse,soup_scene1,70,old
332,5.318653345108032,0.11009591659076083,obse,soup_scene1,70,old
333,5.3615148067474365,0.11020048936733522,obse,soup_scene1,70,old
334,5.400848865509033,0.11058425275930699,obse,soup_scene1,70,old
335,5.415584325790405,0.11058520385589063,obse,soup_scene1,70,old
336,5.450598955154419,0.11078285610441103,obse,soup_scene1,70,old
337,5.4792234897613525,0.11068541640687979,obse,soup_scene1,70,old
338,5.5247790813446045,0.11079980101945756,obse,soup_scene1,70,old
339,5.578196048736572,0.11082523857917996,obse,soup_scene1,70,old
340,5.624661922454834,0.11076856924230237,obse,soup_scene1,70,old
341,5.640922784805298,0.11077395586587917,obse,soup_scene1,70,old
342,5.652225732803345,0.11077783701702079,obse,soup_scene1,70,old
343,5.6780478954315186,0.11076369229247217,obse,soup_scene1,70,old
344,5.727419376373291,0.11074373617940261,obse,soup_scene1,70,old
345,5.755343437194824,0.11074495978727797,obse,soup_scene1,70,old
346,5.799410343170166,0.1108732413504115,obse,soup_scene1,70,old
347,5.8437340259552,0.11078110537839658,obse,soup_scene1,70,old
348,5.89270806312561,0.11072061470590723,obse,soup_scene1,70,old
349,5.923389673233032,0.1107030444690031,obse,soup_scene1,70,old
350,5.967828273773193,0.1109251664147181,obse,soup_scene1,70,old
351,5.9794652462005615,0.11095166604355503,obse,soup_scene1,70,old
352,5.992688417434692,0.11093758804178813,obse,soup_scene1,70,old
353,6.078936815261841,0.11083586646263593,obse,soup_scene1,70,old
354,6.1154186725616455,0.11116131740609986,obse,soup_scene1,70,old
355,6.126799821853638,0.11121092605228429,obse,soup_scene1,70,old
356,6.1477251052856445,0.1112003787185481,obse,soup_scene1,70,old
357,6.164233684539795,0.11128243033841043,obse,soup_scene1,70,old
358,6.192918300628662,0.11129527412405049,obse,soup_scene1,70,old
359,6.204908132553101,0.11134917860331006,obse,soup_scene1,70,old
360,6.230968236923218,0.11146198734026172,obse,soup_scene1,70,old
361,6.25672173500061,0.11174981136373005,obse,soup_scene1,70,old
362,6.266677141189575,0.11167280227327891,obse,soup_scene1,70,old
363,6.275253534317017,0.11179781779922922,obse,soup_scene1,70,old
364,6.287573575973511,0.11180225444433095,obse,soup_scene1,70,old
365,6.318243503570557,0.11195962002985571,obse,soup_scene1,70,old
366,6.347318172454834,0.11215620956008852,obse,soup_scene1,70,old
367,6.354804754257202,0.11233096135744719,obse,soup_scene1,70,old
368,6.371731996536255,0.1125150386384637,obse,soup_scene1,70,old
369,6.387891530990601,0.112536767947211,obse,soup_scene1,70,old
370,6.448368310928345,0.1128491643177667,obse,soup_scene1,70,old
371,6.479393005371094,0.1127440640941025,obse,soup_scene1,70,old
372,6.507452964782715,0.11314929250335079,obse,soup_scene1,70,old
373,6.543507814407349,0.11348440039961885,obse,soup_scene1,70,old
374,6.550874710083008,0.11348440039961885,obse,soup_scene1,70,old
375,6.584067344665527,0.1138291692407215,obse,soup_scene1,70,old
376,6.632033586502075,0.11416744048135015,obse,soup_scene1,70,old
377,6.6490638256073,0.11465275916957687,obse,soup_scene1,70,old
378,6.667890310287476,0.11477855229456006,obse,soup_scene1,70,old
379,6.677525520324707,0.11482638583582509,obse,soup_scene1,70,old
380,6.715439081192017,0.11474946908678124,obse,soup_scene1,70,old
381,6.739760160446167,0.11508970942125679,obse,soup_scene1,70,old
382,6.758468151092529,0.11527971293398268,obse,soup_scene1,70,old
383,6.7646448612213135,0.11551335255792596,obse,soup_scene1,70,old
384,6.782506227493286,0.115484608696614,obse,soup_scene1,70,old
385,6.802653074264526,0.11545195171754967,obse,soup_scene1,70,old
386,6.814520835876465,0.11544332852255403,obse,soup_scene1,70,old
387,6.826241970062256,0.11581947370478451,obse,soup_scene1,70,old
388,6.837272644042969,0.11589215937515332,obse,soup_scene1,70,old
389,6.879227161407471,0.11589270551605843,obse,soup_scene1,70,old
390,6.906243085861206,0.11650581524213623,obse,soup_scene1,70,old
391,6.941016674041748,0.11650332491078078,obse,soup_scene1,70,old
392,7.005239963531494,0.11743259836010793,obse,soup_scene1,70,old
393,7.0543248653411865,0.11792894226222542,obse,soup_scene1,70,old
394,7.0660436153411865,0.11779014536388346,obse,soup_scene1,70,old
395,7.0734522342681885,0.11795006184920878,obse,soup_scene1,70,old
396,7.087371349334717,0.11790426138739132,obse,soup_scene1,70,old
397,7.123448610305786,0.11795954691722894,obse,soup_scene1,70,old
398,7.1529529094696045,0.11777712248168953,obse,soup_scene1,70,old
399,7.169499635696411,0.11882073472764627,obse,soup_scene1,70,old
400,7.18221640586853,0.1190466719848476,obse,soup_scene1,70,old
401,7.18953800201416,0.11914142714277311,obse,soup_scene1,70,old
402,7.208254337310791,0.1192422640722519,obse,soup_scene1,70,old
403,7.220678806304932,0.11932560711948866,obse,soup_scene1,70,old
404,7.227975845336914,0.11940378664134081,obse,soup_scene1,70,old
405,7.240843772888184,0.11951994205368599,obse,soup_scene1,70,old
406,7.272149324417114,0.11958741197909553,obse,soup_scene1,70,old
407,7.280208587646484,0.1196309834627237,obse,soup_scene1,70,old
408,7.291249752044678,0.1197766162544147,obse,soup_scene1,70,old
409,7.300994157791138,0.11978695611883933,obse,soup_scene1,70,old
410,7.319141864776611,0.12003622041285945,obse,soup_scene1,70,old
411,7.3465049266815186,0.12037599766338009,obse,soup_scene1,70,old
412,7.3624677658081055,0.12054061986709794,obse,soup_scene1,70,old
413,7.413464784622192,0.1214257975157797,obse,soup_scene1,70,old
414,7.43419337272644,0.12159372174224817,obse,soup_scene1,70,old
415,7.457098960876465,0.12172715478653194,obse,soup_scene1,70,old
416,7.477612733840942,0.12171867188903884,obse,soup_scene1,70,old
417,7.49519944190979,0.12285190296328188,obse,soup_scene1,70,old
418,7.508410930633545,0.12293641548940636,obse,soup_scene1,70,old
419,7.5282275676727295,0.12321494665046978,obse,soup_scene1,70,old
420,7.550930976867676,0.12339964149600502,obse,soup_scene1,70,old
421,7.585957765579224,0.12397967618434717,obse,soup_scene1,70,old
422,7.619182348251343,0.12407167691960679,obse,soup_scene1,70,old
423,7.648097276687622,0.12409680764773945,obse,soup_scene1,70,old
424,7.6791510581970215,0.12450302835030087,obse,soup_scene1,70,old
425,7.699300527572632,0.12468493526645265,obse,soup_scene1,70,old
426,7.7074339389801025,0.12464486701145876,obse,soup_scene1,70,old
427,7.714195489883423,0.12475397528852268,obse,soup_scene1,70,old
428,7.731393575668335,0.1250808612911938,obse,soup_scene1,70,old
429,7.755704879760742,0.12528529625743062,obse,soup_scene1,70,old
430,7.774327516555786,0.12574125413568074,obse,soup_scene1,70,old
431,7.810529470443726,0.12653952009748362,obse,soup_scene1,70,old
432,7.8206541538238525,0.12649123988576444,obse,soup_scene1,70,old
433,7.840986013412476,0.12682916537666647,obse,soup_scene1,70,old
434,7.856145620346069,0.12705005044167386,obse,soup_scene1,70,old
435,7.88047981262207,0.1275580921020036,obse,soup_scene1,70,old
436,7.888948440551758,0.12756161120477297,obse,soup_scene1,70,old
437,7.907355070114136,0.12778328152649304,obse,soup_scene1,70,old
438,7.921611309051514,0.12792690609175308,obse,soup_scene1,70,old
439,7.939677953720093,0.12828113254167622,obse,soup_scene1,70,old
440,7.955218315124512,0.12858544485523596,obse,soup_scene1,70,old
441,7.966345310211182,0.12872481899572286,obse,soup_scene1,70,old
442,7.977665424346924,0.12875899402964253,obse,soup_scene1,70,old
443,8.00680160522461,0.1291827055275,obse,soup_scene1,70,old
444,8.032031059265137,0.12924093360823585,obse,soup_scene1,70,old
445,8.056102275848389,0.1297472198177515,obse,soup_scene1,70,old
446,8.068930864334106,0.13014378482041108,obse,soup_scene1,70,old
447,8.083726406097412,0.13028803158211638,obse,soup_scene1,70,old
448,8.099510431289673,0.1305143291684796,obse,soup_scene1,70,old
449,8.11191463470459,0.1306114509677281,obse,soup_scene1,70,old
450,8.147278547286987,0.13082672502466047,obse,soup_scene1,70,old
451,8.159841299057007,0.13138457499767528,obse,soup_scene1,70,old
452,8.179567337036133,0.13137552723188053,obse,soup_scene1,70,old
453,8.188085794448853,0.13172634020790774,obse,soup_scene1,70,old
454,8.203601121902466,0.13172634020790774,obse,soup_scene1,70,old
455,8.210947275161743,0.1316825665488974,obse,soup_scene1,70,old
456,8.243642807006836,0.13285254546509628,obse,soup_scene1,70,old
457,8.27607536315918,0.13358639256011168,obse,soup_scene1,70,old
458,8.29162859916687,0.1339095370001468,obse,soup_scene1,70,old
459,8.320237398147583,0.13427487917573527,obse,soup_scene1,70,old
460,8.331406116485596,0.13440738943012226,obse,soup_scene1,70,old
461,8.348997116088867,0.13467552198613664,obse,soup_scene1,70,old
462,8.395777702331543,0.13544722795898248,obse,soup_scene1,70,old
463,8.408090114593506,0.13562416670951605,obse,soup_scene1,70,old
464,8.423166275024414,0.13562416670951605,obse,soup_scene1,70,old
465,8.430866718292236,0.13599540240503527,obse,soup_scene1,70,old
466,8.507179021835327,0.13635498877713384,obse,soup_scene1,70,old
467,8.514564752578735,0.13664305245664052,obse,soup_scene1,70,old
468,8.548985481262207,0.13727363728628122,obse,soup_scene1,70,old
469,8.616597652435303,0.13808546389322174,obse,soup_scene1,70,old
470,8.633762836456299,0.13864855198936388,obse,soup_scene1,70,old
471,8.667375087738037,0.1388975618414977,obse,soup_scene1,70,old
472,8.738752603530884,0.1399302220284834,obse,soup_scene1,70,old
473,8.756388425827026,0.14059396275802194,obse,soup_scene1,70,old
474,8.76487398147583,0.14083794980160405,obse,soup_scene1,70,old
475,8.776722431182861,0.14107473657323946,obse,soup_scene1,70,old
476,8.802324056625366,0.14153234217795552,obse,soup_scene1,70,old
477,8.833441972732544,0.14183464524378614,obse,soup_scene1,70,old
478,8.856415748596191,0.1419908430839645,obse,soup_scene1,70,old
479,8.888532400131226,0.14234711937082284,obse,soup_scene1,70,old
480,8.911262512207031,0.14243239534143826,obse,soup_scene1,70,old
481,8.922702312469482,0.14233391079440358,obse,soup_scene1,70,old
482,8.947058916091919,0.14242121093539692,obse,soup_scene1,70,old
483,8.954959869384766,0.14242630214791885,obse,soup_scene1,70,old
484,8.966728687286377,0.14235717770742465,obse,soup_scene1,70,old
485,8.994286060333252,0.14480910246338358,obse,soup_scene1,70,old
486,9.03947639465332,0.14562850919783812,obse,soup_scene1,70,old
487,9.052206993103027,0.14583439954229416,obse,soup_scene1,70,old
488,9.07291841506958,0.1464392434662939,obse,soup_scene1,70,old
489,9.119748592376709,0.14752699489258103,obse,soup_scene1,70,old
490,9.154634475708008,0.14881416383422108,obse,soup_scene1,70,old
491,9.171496868133545,0.148962775874458,obse,soup_scene1,70,old
492,9.186469554901123,0.148962775874458,obse,soup_scene1,70,old
493,9.203937292098999,0.14993087765593854,obse,soup_scene1,70,old
494,9.259663581848145,0.15140012057520652,obse,soup_scene1,70,old
495,9.3181734085083,0.15286152952060417,obse,soup_scene1,70,old
496,9.331669807434082,0.15336227028109398,obse,soup_scene1,70,old
497,9.353372812271118,0.1539340169397196,obse,soup_scene1,70,old
498,9.360179424285889,0.15408568412358525,obse,soup_scene1,70,old
499,9.379565238952637,0.15421345649737622,obse,soup_scene1,70,old
500,9.38616156578064,0.15479128138606826,obse,soup_scene1,70,old
501,9.397560358047485,0.15479128138606826,obse,soup_scene1,70,old
502,9.409491539001465,0.1552415580222869,obse,soup_scene1,70,old
503,9.415653944015503,0.1554310065772473,obse,soup_scene1,70,old
504,9.43588924407959,0.1559479321061153,obse,soup_scene1,70,old
505,9.447854995727539,0.1559479321061153,obse,soup_scene1,70,old
506,9.471425771713257,0.15722277309873472,obse,soup_scene1,70,old
507,9.47835898399353,0.1573788618804661,obse,soup_scene1,70,old
508,9.485432624816895,0.15688854799018256,obse,soup_scene1,70,old
509,9.506676435470581,0.15748431893903983,obse,soup_scene1,70,old
510,9.550313234329224,0.15811867303697702,obse,soup_scene1,70,old
511,9.580885410308838,0.1587241392671541,obse,soup_scene1,70,old
512,9.600401401519775,0.15923676040177098,obse,soup_scene1,70,old
513,9.635130643844604,0.15973721431766758,obse,soup_scene1,70,old
514,9.68269157409668,0.1601808560885047,obse,soup_scene1,70,old
515,9.695249080657959,0.1601808560885047,obse,soup_scene1,70,old
516,9.706006288528442,0.16028415496665446,obse,soup_scene1,70,old
517,9.735438585281372,0.16049189346366438,obse,soup_scene1,70,old
518,9.748013973236084,0.16049189346366438,obse,soup_scene1,70,old
519,9.755371570587158,0.16056147091322703,obse,soup_scene1,70,old
520,9.775357484817505,0.16071041777786993,obse,soup_scene1,70,old
521,9.813175201416016,0.16104147763203497,obse,soup_scene1,70,old
522,9.831741094589233,0.16105928755730164,obse,soup_scene1,70,old
523,9.842160701751709,0.16110899870715137,obse,soup_scene1,70,old
524,9.85507869720459,0.16112716684685258,obse,soup_scene1,70,old
525,9.866024255752563,0.16114638760411015,obse,soup_scene1,70,old
526,9.9046950340271,0.1611325404374945,obse,soup_scene1,70,old
527,9.918882369995117,0.16113069925642504,obse,soup_scene1,70,old
528,9.925830841064453,0.16111879650042776,obse,soup_scene1,70,old
529,9.933401823043823,0.16111527288228164,obse,soup_scene1,70,old
530,9.943604469299316,0.1610610946511225,obse,soup_scene1,70,old
531,9.950649499893188,0.16105772703295101,obse,soup_scene1,70,old
532,9.961000680923462,0.16110015703689864,obse,soup_scene1,70,old
533,9.96996259689331,0.16113436647922416,obse,soup_scene1,70,old
534,9.97865915298462,0.1611246378437152,obse,soup_scene1,70,old
535,9.98726224899292,0.1611356231406504,obse,soup_scene1,70,old
536,9.997576713562012,0.16105504288091382,obse,soup_scene1,70,old
537,10.00811505317688,0.16110865066006247,obse,soup_scene1,70,old
538,10.02048373222351,0.16103547806481466,obse,soup_scene1,70,old
539,10.028832197189331,0.16104420866042207,obse,soup_scene1,70,old
540,10.037158250808716,0.16114536262814794,obse,soup_scene1,70,old
541,10.045068264007568,0.16114536262814794,obse,soup_scene1,70,old
542,10.053679466247559,0.16106439864232683,obse,soup_scene1,70,old
543,10.06232476234436,0.161131878163122,obse,soup_scene1,70,old
544,10.070667505264282,0.16105363950401447,obse,soup_scene1,70,old
545,10.078835010528564,0.16105363950401447,obse,soup_scene1,70,old
546,10.087188243865967,0.16110532705524652,obse,soup_scene1,70,old
547,10.09645414352417,0.16110222512961833,obse,soup_scene1,70,old
548,10.104936361312866,0.1611005176348157,obse,soup_scene1,70,old
549,10.114006280899048,0.16110950407663768,obse,soup_scene1,70,old
550,10.12332558631897,0.1611291612920801,obse,soup_scene1,70,old
551,10.137731790542603,0.1610409271729783,obse,soup_scene1,70,old
552,10.146177053451538,0.16102565080655673,obse,soup_scene1,70,old
553,10.1552255153656,0.1611102178188434,obse,soup_scene1,70,old
554,10.165884256362915,0.16108852743113877,obse,soup_scene1,70,old
555,10.178954601287842,0.16107111878040462,obse,soup_scene1,70,old
556,10.192131280899048,0.16116044369921445,obse,soup_scene1,70,old
557,10.204626321792603,0.1611050183419283,obse,soup_scene1,70,old
558,10.224199533462524,0.16119084602937078,obse,soup_scene1,70,old
559,10.23452877998352,0.16128492298734484,obse,soup_scene1,70,old
560,10.24260401725769,0.16138313421444075,obse,soup_scene1,70,old
561,10.256966352462769,0.16137660620210753,obse,soup_scene1,70,old
562,10.264880418777466,0.1614412899202736,obse,soup_scene1,70,old
563,10.276236772537231,0.16155853866229725,obse,soup_scene1,70,old
564,10.294248580932617,0.1616821315928133,obse,soup_scene1,70,old
565,10.337374925613403,0.16245970846593352,obse,soup_scene1,70,old
566,10.366623878479004,0.16264022117159596,obse,soup_scene1,70,old
567,10.394384145736694,0.1629079260405104,obse,soup_scene1,70,old
568,10.414358854293823,0.1629079260405104,obse,soup_scene1,70,old
569,10.434671401977539,0.1640346997831238,obse,soup_scene1,70,old
570,10.474030256271362,0.16542772127145924,obse,soup_scene1,70,old
571,10.49601435661316,0.1659070101303478,obse,soup_scene1,70,old
572,10.560515403747559,0.16749916463744394,obse,soup_scene1,70,old
573,10.570197582244873,0.16746429976683003,obse,soup_scene1,70,old
574,10.587190866470337,0.16895412267085266,obse,soup_scene1,70,old
575,10.647513389587402,0.17016472544607883,obse,soup_scene1,70,old
576,10.7193922996521,0.17229269655664034,obse,soup_scene1,70,old
577,10.745316505432129,0.17282167402495843,obse,soup_scene1,70,old
578,10.774556159973145,0.17380784360592255,obse,soup_scene1,70,old
579,10.80719518661499,0.17452101752440652,obse,soup_scene1,70,old
580,10.826880931854248,0.17504446408030147,obse,soup_scene1,70,old
581,10.854729175567627,0.17538198534199181,obse,soup_scene1,70,old
582,10.879838705062866,0.1757112345550918,obse,soup_scene1,70,old
583,10.899306297302246,0.17585856920485757,obse,soup_scene1,70,old
584,10.931268453598022,0.17610776443082748,obse,soup_scene1,70,old
585,10.972002029418945,0.17688180327909717,obse,soup_scene1,70,old
586,10.99786376953125,0.177650089393812,obse,soup_scene1,70,old
587,11.03025221824646,0.17858788154165942,obse,soup_scene1,70,old
588,11.061630725860596,0.1795212100460043,obse,soup_scene1,70,old
589,11.081119775772095,0.1803530779714969,obse,soup_scene1,70,old
590,11.128350734710693,0.18126156401599383,obse,soup_scene1,70,old
591,11.154419898986816,0.18185994213659173,obse,soup_scene1,70,old
592,11.172899723052979,0.18273695119512726,obse,soup_scene1,70,old
593,11.200692653656006,0.1832930709641816,obse,soup_scene1,70,old
594,11.220447063446045,0.18352814273052476,obse,soup_scene1,70,old
595,11.244343519210815,0.18378660162956842,obse,soup_scene1,70,old
596,11.261696338653564,0.18428402392914692,obse,soup_scene1,70,old
597,11.269176244735718,0.18428402392914692,obse,soup_scene1,70,old
598,11.292998313903809,0.184242560281471,obse,soup_scene1,70,old
599,11.308948278427124,0.184242560281471,obse,soup_scene1,70,old
600,11.329758882522583,0.18517965634129605,obse,soup_scene1,70,old
601,11.36056637763977,0.18580776551071335,obse,soup_scene1,70,old
602,11.42281699180603,0.18762670024910236,obse,soup_scene1,70,old
603,11.457830429077148,0.18851094591560075,obse,soup_scene1,70,old
604,11.514031171798706,0.18961746518841507,obse,soup_scene1,70,old
605,11.535252571105957,0.1902278721042482,obse,soup_scene1,70,old
606,11.571362018585205,0.1913264211145151,obse,soup_scene1,70,old
607,11.581782817840576,0.19151437352313558,obse,soup_scene1,70,old
608,11.59731650352478,0.19185132062641883,obse,soup_scene1,70,old
609,11.607609033584595,0.19212449409907373,obse,soup_scene1,70,old
610,11.62299919128418,0.19232421277658254,obse,soup_scene1,70,old
611,11.631566286087036,0.1927550891826573,obse,soup_scene1,70,old
612,11.656805992126465,0.19297687810895736,obse,soup_scene1,70,old
613,11.711308240890503,0.19358479917034702,obse,soup_scene1,70,old
614,11.74911880493164,0.19516151457484152,obse,soup_scene1,70,old
615,11.756437063217163,0.19521515577310966,obse,soup_scene1,70,old
616,11.76483154296875,0.19553758389354778,obse,soup_scene1,70,old
617,11.772103071212769,0.1966428303879107,obse,soup_scene1,70,old
618,11.779314517974854,0.19677514215560588,obse,soup_scene1,70,old
619,11.787786722183228,0.19701467608978215,obse,soup_scene1,70,old
620,11.826271533966064,0.19738887698392338,obse,soup_scene1,70,old
621,11.852311849594116,0.19811432308505703,obse,soup_scene1,70,old
622,11.86285662651062,0.19828680620915634,obse,soup_scene1,70,old
623,11.888154983520508,0.1985871016767836,obse,soup_scene1,70,old
624,11.896172761917114,0.19900054769358178,obse,soup_scene1,70,old
625,11.908481121063232,0.19894964874920604,obse,soup_scene1,70,old
626,11.928040981292725,0.19970114363497343,obse,soup_scene1,70,old
627,11.941945314407349,0.19990337190900617,obse,soup_scene1,70,old
628,11.966946840286255,0.20018920721545325,obse,soup_scene1,70,old
629,11.986451864242554,0.2009234589556224,obse,soup_scene1,70,old
630,12.016770839691162,0.2009234589556224,obse,soup_scene1,70,old
631,12.069275379180908,0.2024375586701263,obse,soup_scene1,70,old
632,12.102826595306396,0.20225244244312882,obse,soup_scene1,70,old
633,12.134660243988037,0.2022500035450426,obse,soup_scene1,70,old
634,12.141625881195068,0.2022500035450426,obse,soup_scene1,70,old
635,12.163405418395996,0.20234780233139393,obse,soup_scene1,70,old
636,12.170789003372192,0.20234780233139393,obse,soup_scene1,70,old
637,12.186259031295776,0.20234036478609732,obse,soup_scene1,70,old
638,12.303784847259521,0.2087130003626144,obse,soup_scene1,70,old
639,12.314311504364014,0.20905753093384039,obse,soup_scene1,70,old
640,12.331698894500732,0.20949027957766148,obse,soup_scene1,70,old
641,12.340121269226074,0.2096196255694007,obse,soup_scene1,70,old
642,12.354689359664917,0.20999994128714922,obse,soup_scene1,70,old
643,12.37302041053772,0.2102681897039951,obse,soup_scene1,70,old
644,12.386677503585815,0.21067638595474494,obse,soup_scene1,70,old
645,12.419188737869263,0.21114628918152198,obse,soup_scene1,70,old
646,12.426674365997314,0.21151090004005094,obse,soup_scene1,70,old
647,12.442254304885864,0.21168887611358908,obse,soup_scene1,70,old
648,12.469947338104248,0.21233811633395402,obse,soup_scene1,70,old
649,12.48314356803894,0.21249300616407987,obse,soup_scene1,70,old
650,12.493091106414795,0.21289877319819267,obse,soup_scene1,70,old
651,12.504071235656738,0.2132174307990312,obse,soup_scene1,70,old
652,12.515941381454468,0.21343095061183207,obse,soup_scene1,70,old
653,12.526230096817017,0.21358001713436195,obse,soup_scene1,70,old
654,12.536948442459106,0.2139515389175877,obse,soup_scene1,70,old
655,12.551505088806152,0.2142146301024054,obse,soup_scene1,70,old
656,12.57338547706604,0.21493794364126706,obse,soup_scene1,70,old
657,12.588568210601807,0.21579116349850797,obse,soup_scene1,70,old
658,12.604192972183228,0.21625909309681088,obse,soup_scene1,70,old
659,12.61891484260559,0.21673553422759279,obse,soup_scene1,70,old
660,12.6316659450531,0.21710039703980333,obse,soup_scene1,70,old
661,12.64120626449585,0.21752214647008325,obse,soup_scene1,70,old
662,12.649619102478027,0.2177732379549844,obse,soup_scene1,70,old
663,12.65816855430603,0.21793982522279853,obse,soup_scene1,70,old
664,12.668676137924194,0.21800446424201625,obse,soup_scene1,70,old
665,12.67689824104309,0.21836442979001985,obse,soup_scene1,70,old
666,12.685120344161987,0.21855470217837217,obse,soup_scene1,70,old
667,12.693188428878784,0.21870380366033806,obse,soup_scene1,70,old
668,12.701751470565796,0.21889119893213424,obse,soup_scene1,70,old
669,12.710595607757568,0.2192209372173345,obse,soup_scene1,70,old
670,12.718858003616333,0.2193229681673554,obse,soup_scene1,70,old
671,12.727790117263794,0.21951636372762764,obse,soup_scene1,70,old
672,12.737069368362427,0.21975237083855495,obse,soup_scene1,70,old
673,12.746143817901611,0.21989715020360937,obse,soup_scene1,70,old
674,12.754643440246582,0.2202199930014868,obse,soup_scene1,70,old
675,12.763542175292969,0.22033954542133466,obse,soup_scene1,70,old
676,12.773160934448242,0.22055976537050564,obse,soup_scene1,70,old
677,12.787769556045532,0.22079276109988255,obse,soup_scene1,70,old
678,12.798048973083496,0.22134502843869047,obse,soup_scene1,70,old
679,12.808751821517944,0.2214236504455748,obse,soup_scene1,70,old
680,12.816258192062378,0.22175891240635387,obse,soup_scene1,70,old
681,12.823912143707275,0.22197250915451766,obse,soup_scene1,70,old
682,12.831666946411133,0.2220412403424176,obse,soup_scene1,70,old
683,12.837500810623169,0.2222472926904663,obse,soup_scene1,70,old
684,12.84440565109253,0.22256162890842415,obse,soup_scene1,70,old
685,12.851542234420776,0.22271681652774464,obse,soup_scene1,70,old
686,12.85863709449768,0.22283038491536122,obse,soup_scene1,70,old
687,12.86647891998291,0.2231646955551959,obse,soup_scene1,70,old
688,12.875078678131104,0.2233547286577126,obse,soup_scene1,70,old
689,12.883525371551514,0.2233547286577126,obse,soup_scene1,70,old
690,12.891354322433472,0.22366515670061893,obse,soup_scene1,70,old
691,12.899001598358154,0.2237677115515613,obse,soup_scene1,70,old
692,12.905313730239868,0.22397618513082956,obse,soup_scene1,70,old
693,12.913798332214355,0.2242266656920281,obse,soup_scene1,70,old
694,12.919279336929321,0.2245934510822867,obse,soup_scene1,70,old
695,12.923959732055664,0.2245934510822867,obse,soup_scene1,70,old
696,12.929027318954468,0.2248900921907362,obse,soup_scene1,70,old
697,12.93394660949707,0.22498149179870405,obse,soup_scene1,70,old
698,12.938660144805908,0.22498149179870405,obse,soup_scene1,70,old
699,12.944443464279175,0.22498149179870405,obse,soup_scene1,70,old
700,12.95219612121582,0.22547867572350055,obse,soup_scene1,70,old
701,12.959214687347412,0.22572397941545955,obse,soup_scene1,70,old
702,12.96720266342163,0.22582556287510225,obse,soup_scene1,70,old
703,12.974586725234985,0.22618360763648465,obse,soup_scene1,70,old
704,12.982351541519165,0.22606684106117603,obse,soup_scene1,70,old
705,12.99053430557251,0.22628252147700423,obse,soup_scene1,70,old
706,12.999426126480103,0.22687801223153894,obse,soup_scene1,70,old
707,13.007899284362793,0.22687801223153894,obse,soup_scene1,70,old
708,13.016843795776367,0.22711426202473298,obse,soup_scene1,70,old
709,13.024900913238525,0.22719524919724418,obse,soup_scene1,70,old
710,13.033413410186768,0.22755164944029707,obse,soup_scene1,70,old
711,13.041247129440308,0.22790997589060322,obse,soup_scene1,70,old
712,13.049084663391113,0.22816782963122342,obse,soup_scene1,70,old
713,13.056363821029663,0.22827491536618766,obse,soup_scene1,70,old
714,13.063797235488892,0.2284696961487033,obse,soup_scene1,70,old
715,13.070736169815063,0.22888330200652152,obse,soup_scene1,70,old
716,13.077888250350952,0.22901417206866181,obse,soup_scene1,70,old
717,13.08464241027832,0.2291079206687392,obse,soup_scene1,70,old
718,13.090763330459595,0.22924579764001768,obse,soup_scene1,70,old
719,13.096866607666016,0.22956181313293417,obse,soup_scene1,70,old
720,13.102633953094482,0.2297709646774721,obse,soup_scene1,70,old
721,13.10945177078247,0.22989652212837336,obse,soup_scene1,70,old
722,13.118210792541504,0.2304120233845428,obse,soup_scene1,70,old
723,13.123278379440308,0.23030912859175193,obse,soup_scene1,70,old
724,13.12826418876648,0.23060344719031417,obse,soup_scene1,70,old
725,13.132912397384644,0.23059479915460795,obse,soup_scene1,70,old
726,13.137585639953613,0.23089512826479355,obse,soup_scene1,70,old
727,13.14229154586792,0.2312369058836781,obse,soup_scene1,70,old
728,13.14681887626648,0.2312369058836781,obse,soup_scene1,70,old
729,13.152045726776123,0.23154125631539707,obse,soup_scene1,70,old
730,13.156985521316528,0.23154125631539707,obse,soup_scene1,70,old
731,13.162083148956299,0.23172780686414943,obse,soup_scene1,70,old
732,13.166869401931763,0.23201298177110688,obse,soup_scene1,70,old
733,13.171305656433105,0.23201298177110688,obse,soup_scene1,70,old
734,13.175950288772583,0.23239946922065513,obse,soup_scene1,70,old
735,13.18032169342041,0.23239946922065513,obse,soup_scene1,70,old
736,13.184974908828735,0.2326968849588773,obse,soup_scene1,70,old
737,13.189379215240479,0.2326968849588773,obse,soup_scene1,70,old
738,13.193968772888184,0.23299203765026497,obse,soup_scene1,70,old
739,13.19854998588562,0.23308758336919644,obse,soup_scene1,70,old
740,13.203295707702637,0.2333919796057959,obse,soup_scene1,70,old
741,13.207563877105713,0.2333919796057959,obse,soup_scene1,70,old
742,13.212007522583008,0.2336213246323479,obse,soup_scene1,70,old
743,13.21637225151062,0.2336370713043943,obse,soup_scene1,70,old
744,13.220818519592285,0.2339691406084758,obse,soup_scene1,70,old
745,13.225029468536377,0.23395876047262854,obse,soup_scene1,70,old
746,13.229491949081421,0.23395876047262854,obse,soup_scene1,70,old
747,13.234004974365234,0.2342920280530638,obse,soup_scene1,70,old
748,13.238626718521118,0.23463435777137484,obse,soup_scene1,70,old
749,13.243014335632324,0.23463435777137484,obse,soup_scene1,70,old
750,13.24771785736084,0.23463435777137484,obse,soup_scene1,70,old
751,13.252590417861938,0.23492324426812436,obse,soup_scene1,70,old
752,13.257061958312988,0.23492324426812436,obse,soup_scene1,70,old
753,13.261795043945312,0.23522579512435976,obse,soup_scene1,70,old
754,13.266361474990845,0.23522579512435976,obse,soup_scene1,70,old
755,13.27064847946167,0.23522579512435976,obse,soup_scene1,70,old
756,13.276818752288818,0.23558196851668975,obse,soup_scene1,70,old
757,13.283249616622925,0.23593001743708633,obse,soup_scene1,70,old
758,13.289549589157104,0.23592749379219297,obse,soup_scene1,70,old
759,13.295505285263062,0.23622436521460738,obse,soup_scene1,70,old
760,13.301779985427856,0.2365610070523893,obse,soup_scene1,70,old
761,13.307876586914062,0.23653792029864132,obse,soup_scene1,70,old
762,13.313672542572021,0.23686280682190672,obse,soup_scene1,70,old
763,13.318878412246704,0.23685670468598985,obse,soup_scene1,70,old
764,13.323374509811401,0.2371560084471284,obse,soup_scene1,70,old
765,13.328047037124634,0.23715421015641133,obse,soup_scene1,70,old
766,13.332343816757202,0.23748023033966628,obse,soup_scene1,70,old
767,13.336932182312012,0.23748023033966628,obse,soup_scene1,70,old
768,13.341338634490967,0.2377183442379514,obse,soup_scene1,70,old
769,13.346213817596436,0.2377183442379514,obse,soup_scene1,70,old
770,13.351294040679932,0.23811668347486864,obse,soup_scene1,70,old
771,13.35604476928711,0.23811668347486864,obse,soup_scene1,70,old
772,13.361069202423096,0.23813196467904116,obse,soup_scene1,70,old
773,13.365995168685913,0.238443255889513,obse,soup_scene1,70,old
774,13.371498823165894,0.23872609345340567,obse,soup_scene1,70,old
775,13.378487586975098,0.2390387423477488,obse,soup_scene1,70,old
776,13.385110855102539,0.23968418606823122,obse,soup_scene1,70,old
777,13.392420291900635,0.23983937414634104,obse,soup_scene1,70,old
778,13.399101972579956,0.2400767421916002,obse,soup_scene1,70,old
779,13.405482292175293,0.2404325405856017,obse,soup_scene1,70,old
780,13.412159442901611,0.24062131638861317,obse,soup_scene1,70,old
781,13.41882038116455,0.24076847753511768,obse,soup_scene1,70,old
782,13.425335884094238,0.24101174815941268,obse,soup_scene1,70,old
783,13.43201231956482,0.24110880967601048,obse,soup_scene1,70,old
784,13.438103199005127,0.2413178176649285,obse,soup_scene1,70,old
785,13.444267749786377,0.24142054674880722,obse,soup_scene1,70,old
786,13.450748682022095,0.241607113209799,obse,soup_scene1,70,old
787,13.45717740058899,0.241607113209799,obse,soup_scene1,70,old
788,13.464008331298828,0.24175526600494854,obse,soup_scene1,70,old
789,13.470908403396606,0.241935037319725,obse,soup_scene1,70,old
790,13.47740387916565,0.24205458926626114,obse,soup_scene1,70,old
791,13.483078479766846,0.24234584546594004,obse,soup_scene1,70,old
792,13.488887786865234,0.24234584546594004,obse,soup_scene1,70,old
793,13.495168447494507,0.24258453694914844,obse,soup_scene1,70,old
794,13.50204086303711,0.2427128631806635,obse,soup_scene1,70,old
795,13.508060693740845,0.24273141944883156,obse,soup_scene1,70,old
796,13.51445984840393,0.24285054704760126,obse,soup_scene1,70,old
797,13.520899057388306,0.24284220097336837,obse,soup_scene1,70,old
798,13.527287244796753,0.24293884240589977,obse,soup_scene1,70,old
799,13.533616781234741,0.24304241823466521,obse,soup_scene1,70,old
800,13.53975534439087,0.24314216736527094,obse,soup_scene1,70,old
801,13.546316623687744,0.24328047926126606,obse,soup_scene1,70,old
802,13.55250358581543,0.24323091505368635,obse,soup_scene1,70,old
803,13.558815240859985,0.24349609833461003,obse,soup_scene1,70,old
804,13.565316200256348,0.24344791232908702,obse,soup_scene1,70,old
805,13.571789979934692,0.24351413629972993,obse,soup_scene1,70,old
806,13.577991962432861,0.24359987809645908,obse,soup_scene1,70,old
807,13.58434772491455,0.24366586960311334,obse,soup_scene1,70,old
808,13.590993881225586,0.24377084845345326,obse,soup_scene1,70,old
809,13.597302675247192,0.24377084845345326,obse,soup_scene1,70,old
810,13.603770971298218,0.2436898772377278,obse,soup_scene1,70,old
811,13.609989881515503,0.24385315349666886,obse,soup_scene1,70,old
812,13.616482257843018,0.24385315349666886,obse,soup_scene1,70,old
813,13.622910261154175,0.24375284768711783,obse,soup_scene1,70,old
814,13.629595756530762,0.2437754867207814,obse,soup_scene1,70,old
815,13.636023998260498,0.2437754867207814,obse,soup_scene1,70,old
816,13.642174243927002,0.24380277670643014,obse,soup_scene1,70,old
817,13.648823022842407,0.24380277670643014,obse,soup_scene1,70,old
818,13.655038118362427,0.24383998831774,obse,soup_scene1,70,old
819,13.661393880844116,0.24383998831774,obse,soup_scene1,70,old
820,13.667787075042725,0.24386106315213624,obse,soup_scene1,70,old
821,13.673897504806519,0.24380189295400911,obse,soup_scene1,70,old
822,13.679891109466553,0.243840164965234,obse,soup_scene1,70,old
823,13.685950756072998,0.24384062766663894,obse,soup_scene1,70,old
824,13.692037105560303,0.24393872202422198,obse,soup_scene1,70,old
825,13.699219226837158,0.24394100969390184,obse,soup_scene1,70,old
826,13.705562591552734,0.2439618588672487,obse,soup_scene1,70,old
827,13.711967468261719,0.24384714520519785,obse,soup_scene1,70,old
828,13.718542337417603,0.24384714520519785,obse,soup_scene1,70,old
829,13.725097179412842,0.2438631028301895,obse,soup_scene1,70,old
830,13.733485460281372,0.24383726118580795,obse,soup_scene1,70,old
831,13.740389585494995,0.24384060260597845,obse,soup_scene1,70,old
832,13.746832847595215,0.24383121274521533,obse,soup_scene1,70,old
833,13.753336906433105,0.2438318937279337,obse,soup_scene1,70,old
834,13.759662628173828,0.2438318937279337,obse,soup_scene1,70,old
835,13.76622462272644,0.24438950343699753,obse,soup_scene1,70,old
836,13.774838209152222,0.24384256544264382,obse,soup_scene1,70,old
837,13.781825065612793,0.2438491756748439,obse,soup_scene1,70,old
838,13.789428234100342,0.24394535441086565,obse,soup_scene1,70,old
839,13.796238899230957,0.2438196310797387,obse,soup_scene1,70,old
840,13.803419828414917,0.2439526839968491,obse,soup_scene1,70,old
841,13.810344934463501,0.24386049017415082,obse,soup_scene1,70,old
842,13.817209482192993,0.24391915039816084,obse,soup_scene1,70,old
843,13.823877573013306,0.2438458941971613,obse,soup_scene1,70,old
844,13.830424547195435,0.2438458941971613,obse,soup_scene1,70,old
845,13.83721375465393,0.24393646187335472,obse,soup_scene1,70,old
846,13.843844652175903,0.24397011192410686,obse,soup_scene1,70,old
847,13.849916934967041,0.24397011192410686,obse,soup_scene1,70,old
848,13.855790138244629,0.24397011192410686,obse,soup_scene1,70,old
849,13.861677408218384,0.24397011192410686,obse,soup_scene1,70,old
850,13.876863479614258,0.24395651237398827,obse,soup_scene1,70,old
851,13.88321042060852,0.24395651237398827,obse,soup_scene1,70,old
852,13.903142929077148,0.24386690036483075,obse,soup_scene1,70,old
853,13.910292387008667,0.24397446379443571,obse,soup_scene1,70,old
854,13.932797908782959,0.24395977671133312,obse,soup_scene1,70,old
855,13.951089859008789,0.24395977671133312,obse,soup_scene1,70,old
856,13.976835489273071,0.24385236712449337,obse,soup_scene1,70,old
857,14.00812292098999,0.24416573344030182,obse,soup_scene1,70,old
858,14.021081447601318,0.24416573344030182,obse,soup_scene1,70,old
859,14.056090831756592,0.2441524251488901,obse,soup_scene1,70,old
860,14.085498332977295,0.24507592062836916,obse,soup_scene1,70,old
861,14.103444814682007,0.24507592062836916,obse,soup_scene1,70,old
862,14.160410165786743,0.24644711936520472,obse,soup_scene1,70,old
863,14.171470165252686,0.24644711936520472,obse,soup_scene1,70,old
864,14.186606407165527,0.24644711936520472,obse,soup_scene1,70,old
865,14.260560512542725,0.24946105505538488,obse,soup_scene1,70,old
866,14.271303653717041,0.24946105505538488,obse,soup_scene1,70,old
867,14.359158992767334,0.25024679983486714,obse,soup_scene1,70,old
868,14.390480518341064,0.25388423021409173,obse,soup_scene1,70,old
869,14.403369665145874,0.25388423021409173,obse,soup_scene1,70,old
870,14.432066917419434,0.2555955334812124,obse,soup_scene1,70,old
871,14.4471275806427,0.25600930141920847,obse,soup_scene1,70,old
872,14.467162609100342,0.2562538865891056,obse,soup_scene1,70,old
873,14.477813243865967,0.25624798883313016,obse,soup_scene1,70,old
874,14.506772756576538,0.2561560454737998,obse,soup_scene1,70,old
875,14.518412590026855,0.2561560454737998,obse,soup_scene1,70,old
876,14.524725675582886,0.2561560454737998,obse,soup_scene1,70,old
877,14.575413703918457,0.2561560454737998,obse,soup_scene1,70,old
878,14.61418104171753,0.25859437803785795,obse,soup_scene1,70,old
879,14.634605407714844,0.2605981148721217,obse,soup_scene1,70,old
880,14.672377824783325,0.26188024068606536,obse,soup_scene1,70,old
881,14.731714010238647,0.26201009070797887,obse,soup_scene1,70,old
882,14.780393362045288,0.26446816213937185,obse,soup_scene1,70,old
883,14.847167253494263,0.2653060587248473,obse,soup_scene1,70,old
884,14.853815078735352,0.2666811459398634,obse,soup_scene1,70,old
885,14.894899845123291,0.2669063327921089,obse,soup_scene1,70,old
886,14.906643867492676,0.2671406011264532,obse,soup_scene1,70,old
887,14.935241460800171,0.267529144837415,obse,soup_scene1,70,old
888,14.978155136108398,0.2687912754784735,obse,soup_scene1,70,old
889,15.047998905181885,0.2705198362995387,obse,soup_scene1,70,old
890,15.072737693786621,0.2719350311585801,obse,soup_scene1,70,old
891,15.155404329299927,0.27299347721031636,obse,soup_scene1,70,old
892,15.21962022781372,0.2750114398949339,obse,soup_scene1,70,old
893,15.244197607040405,0.275498638810616,obse,soup_scene1,70,old
894,15.255822896957397,0.2761979411712375,obse,soup_scene1,70,old
895,15.270108222961426,0.27694549590034434,obse,soup_scene1,70,old
896,15.286343097686768,0.27720485378007587,obse,soup_scene1,70,old
897,15.371395826339722,0.278590908617616,obse,soup_scene1,70,old
898,15.377981424331665,0.2791166996997338,obse,soup_scene1,70,old
899,15.42927098274231,0.2790194232742189,obse,soup_scene1,70,old
900,15.475437879562378,0.28185061417580554,obse,soup_scene1,70,old
901,15.495910406112671,0.28208254188299725,obse,soup_scene1,70,old
902,15.528036832809448,0.28271873098088096,obse,soup_scene1,70,old
903,15.59520435333252,0.28473518870529,obse,soup_scene1,70,old
904,15.602040529251099,0.28473518870529,obse,soup_scene1,70,old
905,15.656328916549683,0.2862301600157573,obse,soup_scene1,70,old
906,15.675676584243774,0.2867603115992726,obse,soup_scene1,70,old
907,15.691534042358398,0.2871578571407895,obse,soup_scene1,70,old
908,15.716883897781372,0.28761500927432637,obse,soup_scene1,70,old
909,15.77113962173462,0.2886263511729042,obse,soup_scene1,70,old
910,15.82893967628479,0.29092892425473466,obse,soup_scene1,70,old
911,15.907950639724731,0.2922720508054359,obse,soup_scene1,70,old
912,15.947642087936401,0.2934567564516344,obse,soup_scene1,70,old
913,15.971356630325317,0.2944584104344515,obse,soup_scene1,70,old
914,16.01450800895691,0.29515605237257825,obse,soup_scene1,70,old
915,16.031208038330078,0.2964589632183897,obse,soup_scene1,70,old
916,16.05076503753662,0.29665412717539763,obse,soup_scene1,70,old
917,16.096486568450928,0.2972231098368751,obse,soup_scene1,70,old
918,16.15175485610962,0.2984678734052772,obse,soup_scene1,70,old
919,16.16116452217102,0.2988210331197628,obse,soup_scene1,70,old
920,16.18376588821411,0.2998716286919116,obse,soup_scene1,70,old
921,16.18999171257019,0.3002615940503484,obse,soup_scene1,70,old
922,16.22782063484192,0.3012973372917499,obse,soup_scene1,70,old
923,16.243513107299805,0.30131314824820954,obse,soup_scene1,70,old
924,16.250258922576904,0.3017936740010117,obse,soup_scene1,70,old
925,16.282162189483643,0.3028516080514588,obse,soup_scene1,70,old
926,16.297382831573486,0.3031752916371962,obse,soup_scene1,70,old
927,16.31259846687317,0.30373548417340834,obse,soup_scene1,70,old
928,16.328100204467773,0.3040693456097779,obse,soup_scene1,70,old
929,16.355329036712646,0.30450567073647306,obse,soup_scene1,70,old
930,16.366135120391846,0.3051671635195273,obse,soup_scene1,70,old
931,16.377940893173218,0.3053209338483311,obse,soup_scene1,70,old
932,16.38529086112976,0.30566415814084774,obse,soup_scene1,70,old
933,16.396796464920044,0.30582904119941845,obse,soup_scene1,70,old
934,16.422778606414795,0.30654950052661906,obse,soup_scene1,70,old
935,16.430644750595093,0.30659535433341406,obse,soup_scene1,70,old
936,16.456716537475586,0.30725017045191927,obse,soup_scene1,70,old
937,16.480973958969116,0.30773303666779706,obse,soup_scene1,70,old
938,16.4934401512146,0.3081100546664933,obse,soup_scene1,70,old
939,16.513415336608887,0.30878791836535624,obse,soup_scene1,70,old
940,16.556360483169556,0.3100030471213702,obse,soup_scene1,70,old
941,16.57599425315857,0.3105610898810121,obse,soup_scene1,70,old
942,16.610412120819092,0.31162118011548756,obse,soup_scene1,70,old
943,16.62325406074524,0.3118945178361639,obse,soup_scene1,70,old
944,16.64011549949646,0.31228991507667414,obse,soup_scene1,70,old
945,16.651385068893433,0.31228991507667414,obse,soup_scene1,70,old
946,16.670444011688232,0.31300630180838646,obse,soup_scene1,70,old
947,16.721084356307983,0.3144674372064527,obse,soup_scene1,70,old
948,16.74356985092163,0.3149949977657826,obse,soup_scene1,70,old
949,16.750698804855347,0.3152224399717738,obse,soup_scene1,70,old
950,16.758273124694824,0.3153975128559832,obse,soup_scene1,70,old
951,16.779775142669678,0.3153975128559832,obse,soup_scene1,70,old
952,16.828568935394287,0.31678473636186705,obse,soup_scene1,70,old
953,16.85286259651184,0.31708754281812007,obse,soup_scene1,70,old
954,16.890806674957275,0.31821962766483075,obse,soup_scene1,70,old
955,16.92502498626709,0.31914475417713845,obse,soup_scene1,70,old
956,16.95212984085083,0.31975221623852984,obse,soup_scene1,70,old
957,16.9919753074646,0.32144505988467326,obse,soup_scene1,70,old
958,17.00766897201538,0.32271418243848415,obse,soup_scene1,70,old
959,17.071492671966553,0.32563639197967864,obse,soup_scene1,70,old
960,17.078752994537354,0.32563639197967864,obse,soup_scene1,70,old
961,17.086774826049805,0.32586191201989656,obse,soup_scene1,70,old
962,17.113699674606323,0.3264747736851617,obse,soup_scene1,70,old
963,17.126725435256958,0.3276788577516412,obse,soup_scene1,70,old
964,17.1345853805542,0.32772604153815005,obse,soup_scene1,70,old
965,17.17559576034546,0.3293697714178562,obse,soup_scene1,70,old
966,17.206040143966675,0.33041026618571134,obse,soup_scene1,70,old
967,17.213396787643433,0.33075298943611675,obse,soup_scene1,70,old
968,17.22109341621399,0.3310669134047387,obse,soup_scene1,70,old
969,17.234695196151733,0.33128512092885326,obse,soup_scene1,70,old
970,17.25424075126648,0.33159732840144557,obse,soup_scene1,70,old
971,17.282723426818848,0.33225813262277143,obse,soup_scene1,70,old
972,17.29039454460144,0.3326538656531572,obse,soup_scene1,70,old
973,17.338551998138428,0.3334972723660325,obse,soup_scene1,70,old
974,17.397860288619995,0.3345980484177137,obse,soup_scene1,70,old
975,17.43047070503235,0.33508740718403757,obse,soup_scene1,70,old
976,17.46340036392212,0.335336652125264,obse,soup_scene1,70,old
977,17.475480318069458,0.3355246877293993,obse,soup_scene1,70,old
978,17.495537042617798,0.33565069159081284,obse,soup_scene1,70,old
979,17.521195650100708,0.33554915018246967,obse,soup_scene1,70,old
980,17.538635969161987,0.33553810602784223,obse,soup_scene1,70,old
981,17.55979561805725,0.3355457653934829,obse,soup_scene1,70,old
982,17.579646825790405,0.33557473435760704,obse,soup_scene1,70,old
983,17.631431102752686,0.3356591463799318,obse,soup_scene1,70,old
984,17.647238969802856,0.3355559749618514,obse,soup_scene1,70,old
985,17.655423402786255,0.33555796076939043,obse,soup_scene1,70,old
986,17.670835971832275,0.3355676740525554,obse,soup_scene1,70,old
987,17.6792209148407,0.33553848845938516,obse,soup_scene1,70,old
988,17.694831132888794,0.3355653652055694,obse,soup_scene1,70,old
989,17.703203916549683,0.3355688111780434,obse,soup_scene1,70,old
990,17.719189167022705,0.33558236706336436,obse,soup_scene1,70,old
991,17.72774314880371,0.335618196623074,obse,soup_scene1,70,old
992,17.742045164108276,0.33554285742036327,obse,soup_scene1,70,old
993,17.75146722793579,0.3355381559320829,obse,soup_scene1,70,old
994,17.763412714004517,0.3355375034471458,obse,soup_scene1,70,old
995,17.77358341217041,0.3354995437410003,obse,soup_scene1,70,old
996,17.782392501831055,0.33566695565838534,obse,soup_scene1,70,old
997,17.790496349334717,0.3355348394412571,obse,soup_scene1,70,old
998,17.799230813980103,0.3356487373694626,obse,soup_scene1,70,old
999,17.80774450302124,0.3357648929542992,obse,soup_scene1,70,old
1000,17.81597638130188,0.3357681960004903,obse,soup_scene1,70,old
1001,17.831522464752197,0.3355439810079714,obse,soup_scene1,70,old
1002,17.848552942276,0.3357685778833945,obse,soup_scene1,70,old
1003,17.87732768058777,0.33564601308434855,obse,soup_scene1,70,old
1004,17.907461643218994,0.3356559339102599,obse,soup_scene1,70,old
1005,17.915894508361816,0.33563465328639586,obse,soup_scene1,70,old
1006,17.967207670211792,0.33553444474986144,obse,soup_scene1,70,old
1007,17.990763187408447,0.3355365383055573,obse,soup_scene1,70,old
1008,18.014297485351562,0.3355091106354162,obse,soup_scene1,70,old
1009,18.03146195411682,0.3355278294166494,obse,soup_scene1,70,old
1010,18.05561375617981,0.3355415149011685,obse,soup_scene1,70,old
1011,18.102495431900024,0.3356333858323692,obse,soup_scene1,70,old
1012,18.141629219055176,0.33569779119222665,obse,soup_scene1,70,old
1013,18.191973447799683,0.3355579767917148,obse,soup_scene1,70,old
1014,18.20128107070923,0.3355535225665225,obse,soup_scene1,70,old
1015,18.24743628501892,0.33554347266185974,obse,soup_scene1,70,old
1016,18.280880212783813,0.33558335880090656,obse,soup_scene1,70,old
1017,18.3116614818573,0.3356701734043761,obse,soup_scene1,70,old
1018,18.33240509033203,0.33565407524966584,obse,soup_scene1,70,old
1019,18.352596282958984,0.33554943121899866,obse,soup_scene1,70,old
1020,18.365473985671997,0.33554088693635253,obse,soup_scene1,70,old
1021,18.373642206192017,0.335546869639498,obse,soup_scene1,70,old
1022,18.40347647666931,0.33567838808837963,obse,soup_scene1,70,old
1023,18.458964109420776,0.3355291588029523,obse,soup_scene1,70,old
1024,18.482660055160522,0.33565684589031236,obse,soup_scene1,70,old
1025,18.50754714012146,0.33553683462793965,obse,soup_scene1,70,old
1026,18.516661405563354,0.3355432450540084,obse,soup_scene1,70,old
1027,18.52752375602722,0.3355355496401468,obse,soup_scene1,70,old
1028,18.550935983657837,0.335554038653524,obse,soup_scene1,70,old
1029,18.578828811645508,0.3355522124562295,obse,soup_scene1,70,old
1030,18.611649751663208,0.3355409844289834,obse,soup_scene1,70,old
1031,18.62438654899597,0.3355460358393906,obse,soup_scene1,70,old
1032,18.637981414794922,0.3355460358393906,obse,soup_scene1,70,old
1033,18.68174719810486,0.33551883124933546,obse,soup_scene1,70,old
1034,18.69130849838257,0.33551942278473107,obse,soup_scene1,70,old
1035,18.714625597000122,0.33554931685116873,obse,soup_scene1,70,old
1036,18.72922420501709,0.3355500887933851,obse,soup_scene1,70,old
1037,18.760760068893433,0.33554967715948636,obse,soup_scene1,70,old
1038,18.781012058258057,0.33554967715948636,obse,soup_scene1,70,old
1039,18.807941913604736,0.33553578173811327,obse,soup_scene1,70,old
1040,18.828781604766846,0.33553647742120396,obse,soup_scene1,70,old
1041,18.835710287094116,0.33555949721735034,obse,soup_scene1,70,old
1042,18.881041049957275,0.33565097353744333,obse,soup_scene1,70,old
1043,18.90741467475891,0.3356514013800548,obse,soup_scene1,70,old
1044,18.91840171813965,0.3356514013800548,obse,soup_scene1,70,old
1045,18.953350067138672,0.33554304714459593,obse,soup_scene1,70,old
1046,18.989524841308594,0.3355449986814871,obse,soup_scene1,70,old
1047,19.01567268371582,0.33554873708220023,obse,soup_scene1,70,old
1048,19.031779527664185,0.33555543850134045,obse,soup_scene1,70,old
1049,19.042112827301025,0.33554708664271865,obse,soup_scene1,70,old
1050,19.048014402389526,0.33554708664271865,obse,soup_scene1,70,old
1051,19.063395500183105,0.3355254728830386,obse,soup_scene1,70,old
1052,19.07115411758423,0.33556287825930936,obse,soup_scene1,70,old
1053,19.077586889266968,0.33556287825930936,obse,soup_scene1,70,old
1054,19.08311414718628,0.33556287825930936,obse,soup_scene1,70,old
1055,19.093693017959595,0.33556287825930936,obse,soup_scene1,70,old
1056,19.100740671157837,0.33556287825930936,obse,soup_scene1,70,old
1057,19.114137411117554,0.33556287825930936,obse,soup_scene1,70,old
1058,19.121773958206177,0.33556287825930936,obse,soup_scene1,70,old
1059,19.128780841827393,0.33556287825930936,obse,soup_scene1,70,old
1060,19.135535717010498,0.33556287825930936,obse,soup_scene1,70,old
1061,19.145782709121704,0.33556287825930936,obse,soup_scene1,70,old
1062,19.15250277519226,0.33556287825930936,obse,soup_scene1,70,old
1063,19.170211791992188,0.33556287825930936,obse,soup_scene1,70,old
1064,19.212114334106445,0.33556287825930936,obse,soup_scene1,70,old
1065,19.219299793243408,0.33556287825930936,obse,soup_scene1,70,old
1066,19.226224660873413,0.33556287825930936,obse,soup_scene1,70,old
1067,19.23768711090088,0.33556287825930936,obse,soup_scene1,70,old
1068,19.24933409690857,0.33556287825930936,obse,soup_scene1,70,old
1069,19.26110029220581,0.33556287825930936,obse,soup_scene1,70,old
1070,19.27675151824951,0.33556287825930936,obse,soup_scene1,70,old
1071,19.284252643585205,0.33556287825930936,obse,soup_scene1,70,old
1072,19.296749353408813,0.33556287825930936,obse,soup_scene1,70,old
1073,19.308252811431885,0.33556287825930936,obse,soup_scene1,70,old
1074,19.327688932418823,0.33556287825930936,obse,soup_scene1,70,old
1075,19.367702960968018,0.33556287825930936,obse,soup_scene1,70,old
1076,19.374794960021973,0.33556287825930936,obse,soup_scene1,70,old
1077,19.382604360580444,0.33556287825930936,obse,soup_scene1,70,old
1078,19.39026713371277,0.33556287825930936,obse,soup_scene1,70,old
1079,19.39818024635315,0.33556287825930936,obse,soup_scene1,70,old
1080,19.40558671951294,0.33556287825930936,obse,soup_scene1,70,old
1081,19.41413378715515,0.33556287825930936,obse,soup_scene1,70,old
1082,19.421923637390137,0.33556287825930936,obse,soup_scene1,70,old
1083,19.43100619316101,0.33556287825930936,obse,soup_scene1,70,old
1084,19.438966035842896,0.33556287825930936,obse,soup_scene1,70,old
1085,19.44787073135376,0.33556287825930936,obse,soup_scene1,70,old
1086,19.456119060516357,0.33556287825930936,obse,soup_scene1,70,old
1087,19.464661121368408,0.33556287825930936,obse,soup_scene1,70,old
1088,19.472514629364014,0.33556287825930936,obse,soup_scene1,70,old
1089,19.480567693710327,0.33556287825930936,obse,soup_scene1,70,old
1090,19.48898458480835,0.33556287825930936,obse,soup_scene1,70,old
1091,19.496397972106934,0.33556287825930936,obse,soup_scene1,70,old
1092,19.503623962402344,0.33556287825930936,obse,soup_scene1,70,old
1093,19.51095223426819,0.33556287825930936,obse,soup_scene1,70,old
1094,19.51862859725952,0.33556287825930936,obse,soup_scene1,70,old
1095,19.526440143585205,0.33556287825930936,obse,soup_scene1,70,old
1096,19.53493881225586,0.33556287825930936,obse,soup_scene1,70,old
1097,19.543318510055542,0.33556287825930936,obse,soup_scene1,70,old
1098,19.551828145980835,0.33556287825930936,obse,soup_scene1,70,old
1099,19.559470176696777,0.33556287825930936,obse,soup_scene1,70,old
1100,19.56674599647522,0.33556287825930936,obse,soup_scene1,70,old
1101,19.574011087417603,0.33556287825930936,obse,soup_scene1,70,old
1102,19.581162214279175,0.33556287825930936,obse,soup_scene1,70,old
1103,19.588104248046875,0.33556287825930936,obse,soup_scene1,70,old
1104,19.59530806541443,0.33556287825930936,obse,soup_scene1,70,old
1105,19.602301836013794,0.33556287825930936,obse,soup_scene1,70,old
1106,19.60915231704712,0.33556287825930936,obse,soup_scene1,70,old
1107,19.616019248962402,0.33556287825930936,obse,soup_scene1,70,old
1108,19.62320041656494,0.33556287825930936,obse,soup_scene1,70,old
1109,19.630069732666016,0.33556287825930936,obse,soup_scene1,70,old
1110,19.637030839920044,0.33556287825930936,obse,soup_scene1,70,old
1111,19.643951654434204,0.33556287825930936,obse,soup_scene1,70,old
1112,19.651017427444458,0.33556287825930936,obse,soup_scene1,70,old
1113,19.658709287643433,0.33556287825930936,obse,soup_scene1,70,old
1114,19.665628671646118,0.33556287825930936,obse,soup_scene1,70,old
1115,19.672395944595337,0.33556287825930936,obse,soup_scene1,70,old
1116,19.679239511489868,0.33556287825930936,obse,soup_scene1,70,old
1117,19.68672251701355,0.33556287825930936,obse,soup_scene1,70,old
1118,19.693827390670776,0.33556287825930936,obse,soup_scene1,70,old
1119,19.700581312179565,0.33556287825930936,obse,soup_scene1,70,old
1120,19.70755910873413,0.33556287825930936,obse,soup_scene1,70,old
1121,19.714324712753296,0.33556287825930936,obse,soup_scene1,70,old
1122,19.720912218093872,0.33556287825930936,obse,soup_scene1,70,old
1123,19.727119207382202,0.33556287825930936,obse,soup_scene1,70,old
1124,19.73327946662903,0.33556287825930936,obse,soup_scene1,70,old
1125,19.73956608772278,0.33556287825930936,obse,soup_scene1,70,old
1126,19.745843410491943,0.33556287825930936,obse,soup_scene1,70,old
1127,19.752930641174316,0.33556287825930936,obse,soup_scene1,70,old
1128,19.759546279907227,0.33556287825930936,obse,soup_scene1,70,old
1129,19.76582145690918,0.33556287825930936,obse,soup_scene1,70,old
1130,19.772326469421387,0.33556287825930936,obse,soup_scene1,70,old
1131,19.777798891067505,0.33556287825930936,obse,soup_scene1,70,old
1132,19.783130407333374,0.33556287825930936,obse,soup_scene1,70,old
1133,19.788941621780396,0.33556287825930936,obse,soup_scene1,70,old
1134,19.795663118362427,0.33556287825930936,obse,soup_scene1,70,old
1135,19.802555799484253,0.33556287825930936,obse,soup_scene1,70,old
1136,19.808087587356567,0.33556287825930936,obse,soup_scene1,70,old
1137,19.813665866851807,0.33556287825930936,obse,soup_scene1,70,old
1138,19.820506811141968,0.33556287825930936,obse,soup_scene1,70,old
1139,19.827383518218994,0.33556287825930936,obse,soup_scene1,70,old
1140,19.83285403251648,0.33556287825930936,obse,soup_scene1,70,old
1141,19.83830738067627,0.33556287825930936,obse,soup_scene1,70,old
1142,19.844017028808594,0.33556287825930936,obse,soup_scene1,70,old
1143,19.85078191757202,0.33556287825930936,obse,soup_scene1,70,old
1144,19.857624530792236,0.33556287825930936,obse,soup_scene1,70,old
1145,19.86344575881958,0.33556287825930936,obse,soup_scene1,70,old
1146,19.869107961654663,0.33556287825930936,obse,soup_scene1,70,old
1147,19.874922513961792,0.33556287825930936,obse,soup_scene1,70,old
1148,19.882821083068848,0.33556287825930936,obse,soup_scene1,70,old
1149,19.890804052352905,0.33556287825930936,obse,soup_scene1,70,old
1150,19.898275136947632,0.33556287825930936,obse,soup_scene1,70,old
1151,19.905261039733887,0.33556287825930936,obse,soup_scene1,70,old
1152,19.91233491897583,0.33556287825930936,obse,soup_scene1,70,old
1153,19.919458627700806,0.33556287825930936,obse,soup_scene1,70,old
1154,19.926305532455444,0.33556287825930936,obse,soup_scene1,70,old
1155,19.93338370323181,0.33556287825930936,obse,soup_scene1,70,old
1156,19.94098424911499,0.33556287825930936,obse,soup_scene1,70,old
1157,19.94872260093689,0.33556287825930936,obse,soup_scene1,70,old
1158,19.956210136413574,0.33556287825930936,obse,soup_scene1,70,old
1159,19.963321447372437,0.33556287825930936,obse,soup_scene1,70,old
1160,19.970872163772583,0.33556287825930936,obse,soup_scene1,70,old
1161,19.978753566741943,0.33556287825930936,obse,soup_scene1,70,old
1162,19.986368656158447,0.33556287825930936,obse,soup_scene1,70,old
1163,19.993988513946533,0.33556287825930936,obse,soup_scene1,70,old
1164,20.00157618522644,0.33556287825930936,obse,soup_scene1,70,old
1165,20.008789539337158,0.33556287825930936,obse,soup_scene1,70,old
1166,20.016592025756836,0.33556287825930936,obse,soup_scene1,70,old
1167,20.023906469345093,0.33556287825930936,obse,soup_scene1,70,old
1168,20.031397581100464,0.33556287825930936,obse,soup_scene1,70,old
1169,20.03875422477722,0.33556287825930936,obse,soup_scene1,70,old
1170,20.046847820281982,0.33556287825930936,obse,soup_scene1,70,old
1171,20.05384135246277,0.33556287825930936,obse,soup_scene1,70,old
1172,20.060986280441284,0.33556287825930936,obse,soup_scene1,70,old
1173,20.06839680671692,0.33556287825930936,obse,soup_scene1,70,old
1174,20.07549238204956,0.33556287825930936,obse,soup_scene1,70,old
1175,20.083154916763306,0.33556287825930936,obse,soup_scene1,70,old
1176,20.090285539627075,0.33556287825930936,obse,soup_scene1,70,old
1177,20.09710955619812,0.33556287825930936,obse,soup_scene1,70,old
1178,20.104039907455444,0.33556287825930936,obse,soup_scene1,70,old
1179,20.11104416847229,0.33556287825930936,obse,soup_scene1,70,old
1180,20.117828845977783,0.33556287825930936,obse,soup_scene1,70,old
1181,20.124759197235107,0.33556287825930936,obse,soup_scene1,70,old
1182,20.13185143470764,0.33556287825930936,obse,soup_scene1,70,old
1183,20.138691663742065,0.33556287825930936,obse,soup_scene1,70,old
1184,20.14557194709778,0.33556287825930936,obse,soup_scene1,70,old
1185,20.15255117416382,0.33556287825930936,obse,soup_scene1,70,old
1186,20.159427642822266,0.33556287825930936,obse,soup_scene1,70,old
