0,0.007840394973754883,0.050998289043215315,PBPF,soup_scene1,70,old
1,0.011307954788208008,0.050998289043215315,PBPF,soup_scene1,70,old
2,0.029056072235107422,0.050988211793958724,PBPF,soup_scene1,70,old
3,0.05510997772216797,0.04994038763434609,PBPF,soup_scene1,70,old
4,0.06252193450927734,0.04975422193440325,PBPF,soup_scene1,70,old
5,0.07333087921142578,0.049613865607317224,PBPF,soup_scene1,70,old
6,0.09213113784790039,0.049250427971412956,PBPF,soup_scene1,70,old
7,0.11555004119873047,0.048946177075527036,PBPF,soup_scene1,70,old
8,0.14014124870300293,0.048357586362821586,PBPF,soup_scene1,70,old
9,0.16399741172790527,0.048100554575903266,PBPF,soup_scene1,70,old
10,0.18241286277770996,0.04776453469348817,PBPF,soup_scene1,70,old
11,0.2034459114074707,0.04763138982804227,PBPF,soup_scene1,70,old
12,0.21918678283691406,0.04717234227731415,PBPF,soup_scene1,70,old
13,0.23038411140441895,0.04697613775274749,PBPF,soup_scene1,70,old
14,0.2632167339324951,0.046266059867115725,PBPF,soup_scene1,70,old
15,0.2700469493865967,0.046266059867115725,PBPF,soup_scene1,70,old
16,0.2909207344055176,0.04598450745792143,PBPF,soup_scene1,70,old
17,0.31314826011657715,0.04577911400981187,PBPF,soup_scene1,70,old
18,0.32499051094055176,0.04568623624599696,PBPF,soup_scene1,70,old
19,0.3413839340209961,0.04545152470872445,PBPF,soup_scene1,70,old
20,0.35466933250427246,0.045292768151275704,PBPF,soup_scene1,70,old
21,0.3669853210449219,0.04515596102910706,PBPF,soup_scene1,70,old
22,0.3752565383911133,0.04501047816074191,PBPF,soup_scene1,70,old
23,0.39465856552124023,0.04478882202294083,PBPF,soup_scene1,70,old
24,0.40720677375793457,0.04450521667295433,PBPF,soup_scene1,70,old
25,0.4223291873931885,0.04415929801530642,PBPF,soup_scene1,70,old
26,0.449491024017334,0.043393882643472,PBPF,soup_scene1,70,old
27,0.46263599395751953,0.043142119822769755,PBPF,soup_scene1,70,old
28,0.48183178901672363,0.04290046043485344,PBPF,soup_scene1,70,old
29,0.4892003536224365,0.04279120131265351,PBPF,soup_scene1,70,old
30,0.5053989887237549,0.04263678784176363,PBPF,soup_scene1,70,old
31,0.5129899978637695,0.04262289854997068,PBPF,soup_scene1,70,old
32,0.5404088497161865,0.042262025055036415,PBPF,soup_scene1,70,old
33,0.5567343235015869,0.04217148574923687,PBPF,soup_scene1,70,old
34,0.5847311019897461,0.04169266815587324,PBPF,soup_scene1,70,old
35,0.5985391139984131,0.04155485326999301,PBPF,soup_scene1,70,old
36,0.6196260452270508,0.04135463487310806,PBPF,soup_scene1,70,old
37,0.6362593173980713,0.0411262940588234,PBPF,soup_scene1,70,old
38,0.6474175453186035,0.0411262940588234,PBPF,soup_scene1,70,old
39,0.6639695167541504,0.0411262940588234,PBPF,soup_scene1,70,old
40,0.6793210506439209,0.040688148917007456,PBPF,soup_scene1,70,old
41,0.6884286403656006,0.040595851705474285,PBPF,soup_scene1,70,old
42,0.7003824710845947,0.04049534593318881,PBPF,soup_scene1,70,old
43,0.7082924842834473,0.04049534593318881,PBPF,soup_scene1,70,old
44,0.7165024280548096,0.040439344108893605,PBPF,soup_scene1,70,old
45,0.7234721183776855,0.04044645627577892,PBPF,soup_scene1,70,old
46,0.7380523681640625,0.040215748767267884,PBPF,soup_scene1,70,old
47,0.7502567768096924,0.04015765631642449,PBPF,soup_scene1,70,old
48,0.7617087364196777,0.04009244111680868,PBPF,soup_scene1,70,old
49,0.7758145332336426,0.04001692446231657,PBPF,soup_scene1,70,old
50,0.7871050834655762,0.039924660372025744,PBPF,soup_scene1,70,old
51,0.8082048892974854,0.04237772722641657,PBPF,soup_scene1,70,old
52,0.8198263645172119,0.04215280960298911,PBPF,soup_scene1,70,old
53,0.848210334777832,0.041461950142608305,PBPF,soup_scene1,70,old
54,0.8739569187164307,0.04101070720629957,PBPF,soup_scene1,70,old
55,0.9015209674835205,0.04063282700487498,PBPF,soup_scene1,70,old
56,0.9143786430358887,0.04043117384805887,PBPF,soup_scene1,70,old
57,0.9337725639343262,0.0402702604988085,PBPF,soup_scene1,70,old
58,0.9463131427764893,0.040195123252867844,PBPF,soup_scene1,70,old
59,0.9632387161254883,0.03993252335549942,PBPF,soup_scene1,70,old
60,0.9801204204559326,0.03954094749580235,PBPF,soup_scene1,70,old
61,0.9878172874450684,0.03945586783797065,PBPF,soup_scene1,70,old
62,0.9988548755645752,0.03939100985004084,PBPF,soup_scene1,70,old
63,1.0165390968322754,0.03914970432019536,PBPF,soup_scene1,70,old
64,1.029186487197876,0.03903471323299215,PBPF,soup_scene1,70,old
65,1.0446910858154297,0.0389883958059543,PBPF,soup_scene1,70,old
66,1.057847023010254,0.03881669526559766,PBPF,soup_scene1,70,old
67,1.0997345447540283,0.03873400759354194,PBPF,soup_scene1,70,old
68,1.127854824066162,0.038448648103433736,PBPF,soup_scene1,70,old
69,1.1466047763824463,0.03812249668707367,PBPF,soup_scene1,70,old
70,1.167635202407837,0.03802350304415241,PBPF,soup_scene1,70,old
71,1.2121155261993408,0.03780527696351254,PBPF,soup_scene1,70,old
72,1.235508918762207,0.037795596074242065,PBPF,soup_scene1,70,old
73,1.259669303894043,0.03756967616576719,PBPF,soup_scene1,70,old
74,1.2956597805023193,0.037529455650837276,PBPF,soup_scene1,70,old
75,1.3053715229034424,0.037469763280277776,PBPF,soup_scene1,70,old
76,1.3171825408935547,0.037341958332627115,PBPF,soup_scene1,70,old
77,1.3257710933685303,0.037377914223811586,PBPF,soup_scene1,70,old
78,1.3547139167785645,0.03735735594909237,PBPF,soup_scene1,70,old
79,1.372934103012085,0.03731418584459929,PBPF,soup_scene1,70,old
80,1.3888018131256104,0.03734635415098977,PBPF,soup_scene1,70,old
81,1.4209675788879395,0.037371819116808855,PBPF,soup_scene1,70,old
82,1.4581336975097656,0.037552449994123084,PBPF,soup_scene1,70,old
83,1.4672479629516602,0.03752020002540368,PBPF,soup_scene1,70,old
84,1.4785487651824951,0.03756509192904074,PBPF,soup_scene1,70,old
85,1.4931371212005615,0.03759845530239141,PBPF,soup_scene1,70,old
86,1.5018229484558105,0.0376462201934837,PBPF,soup_scene1,70,old
87,1.5161831378936768,0.03764648704942794,PBPF,soup_scene1,70,old
88,1.540464162826538,0.03784787118826599,PBPF,soup_scene1,70,old
89,1.5633115768432617,0.03794780804265615,PBPF,soup_scene1,70,old
90,1.572873830795288,0.038038375141618515,PBPF,soup_scene1,70,old
91,1.5877680778503418,0.03812232167179934,PBPF,soup_scene1,70,old
92,1.599367618560791,0.03825558700723513,PBPF,soup_scene1,70,old
93,1.6265754699707031,0.0398006932052141,PBPF,soup_scene1,70,old
94,1.6387238502502441,0.03990821207357864,PBPF,soup_scene1,70,old
95,1.667745590209961,0.04018973336974328,PBPF,soup_scene1,70,old
96,1.6879863739013672,0.04022497820105538,PBPF,soup_scene1,70,old
97,1.699483871459961,0.04040145706504003,PBPF,soup_scene1,70,old
98,1.7191617488861084,0.040558026121066036,PBPF,soup_scene1,70,old
99,1.7294864654541016,0.04067401970762848,PBPF,soup_scene1,70,old
100,1.7387726306915283,0.04067401970762848,PBPF,soup_scene1,70,old
101,1.7569143772125244,0.04071755956556759,PBPF,soup_scene1,70,old
102,1.7815022468566895,0.04124386355477874,PBPF,soup_scene1,70,old
103,1.7994709014892578,0.04105450990744233,PBPF,soup_scene1,70,old
104,1.8402690887451172,0.04116598781007738,PBPF,soup_scene1,70,old
105,1.8723886013031006,0.041232773616321966,PBPF,soup_scene1,70,old
106,1.8928508758544922,0.04122852586171201,PBPF,soup_scene1,70,old
107,1.8995904922485352,0.04124105488816726,PBPF,soup_scene1,70,old
108,1.91798996925354,0.04126344224405991,PBPF,soup_scene1,70,old
109,1.9417805671691895,0.041308603885054154,PBPF,soup_scene1,70,old
110,2.000528335571289,0.04129560313447182,PBPF,soup_scene1,70,old
111,2.025269031524658,0.04131622761811267,PBPF,soup_scene1,70,old
112,2.0773634910583496,0.04130179260593401,PBPF,soup_scene1,70,old
113,2.115096092224121,0.04129710260734458,PBPF,soup_scene1,70,old
114,2.1492936611175537,0.04130214172546624,PBPF,soup_scene1,70,old
115,2.1574137210845947,0.041318496356973065,PBPF,soup_scene1,70,old
116,2.1921205520629883,0.04131127335371151,PBPF,soup_scene1,70,old
117,2.209822416305542,0.04132223288379373,PBPF,soup_scene1,70,old
118,2.258175849914551,0.04133465413638529,PBPF,soup_scene1,70,old
119,2.3288238048553467,0.0412940285443641,PBPF,soup_scene1,70,old
120,2.3591365814208984,0.04131156159740879,PBPF,soup_scene1,70,old
121,2.3679358959198,0.04131156159740879,PBPF,soup_scene1,70,old
122,2.444113254547119,0.04166214933707197,PBPF,soup_scene1,70,old
123,2.4731805324554443,0.042005297182694,PBPF,soup_scene1,70,old
124,2.5080034732818604,0.041796089778106796,PBPF,soup_scene1,70,old
125,2.5207741260528564,0.041796089778106796,PBPF,soup_scene1,70,old
126,2.530911684036255,0.041796089778106796,PBPF,soup_scene1,70,old
127,2.5520153045654297,0.042322466630228685,PBPF,soup_scene1,70,old
128,2.6164700984954834,0.042874876639069484,PBPF,soup_scene1,70,old
129,2.6529529094696045,0.04319449150837569,PBPF,soup_scene1,70,old
130,2.6770060062408447,0.03339314797116474,PBPF,soup_scene1,70,old
131,2.711714506149292,0.033819859349499555,PBPF,soup_scene1,70,old
132,2.7520437240600586,0.03413497576412881,PBPF,soup_scene1,70,old
133,2.7720775604248047,0.034175786886282075,PBPF,soup_scene1,70,old
134,2.8018603324890137,0.03456599128781141,PBPF,soup_scene1,70,old
135,2.844738245010376,0.03456599128781141,PBPF,soup_scene1,70,old
136,2.884166955947876,0.03456599128781141,PBPF,soup_scene1,70,old
137,2.910121440887451,0.03683647050095088,PBPF,soup_scene1,70,old
138,2.9414756298065186,0.03708942038577382,PBPF,soup_scene1,70,old
139,2.9718282222747803,0.037799916087987565,PBPF,soup_scene1,70,old
140,3.0087692737579346,0.03845955495873778,PBPF,soup_scene1,70,old
141,3.0467793941497803,0.03895807822037698,PBPF,soup_scene1,70,old
142,3.067957639694214,0.039265658304352795,PBPF,soup_scene1,70,old
143,3.088223457336426,0.039265658304352795,PBPF,soup_scene1,70,old
144,3.112121343612671,0.0393565513472776,PBPF,soup_scene1,70,old
145,3.1383378505706787,0.03982659818164039,PBPF,soup_scene1,70,old
146,3.1804726123809814,0.04006228184626436,PBPF,soup_scene1,70,old
147,3.2347304821014404,0.04084262140976945,PBPF,soup_scene1,70,old
148,3.3058998584747314,0.04163792924216072,PBPF,soup_scene1,70,old
149,3.3358986377716064,0.041811276542174286,PBPF,soup_scene1,70,old
150,3.379854917526245,0.042110859219006404,PBPF,soup_scene1,70,old
151,3.425468921661377,0.0423701832119362,PBPF,soup_scene1,70,old
152,3.4400203227996826,0.04243395874766902,PBPF,soup_scene1,70,old
153,3.4585208892822266,0.04243395874766902,PBPF,soup_scene1,70,old
154,3.4827992916107178,0.04273706309763693,PBPF,soup_scene1,70,old
155,3.5042173862457275,0.04273706309763693,PBPF,soup_scene1,70,old
156,3.5305240154266357,0.04334767376338287,PBPF,soup_scene1,70,old
157,3.5722551345825195,0.04427897865168349,PBPF,soup_scene1,70,old
158,3.5849926471710205,0.04427897865168349,PBPF,soup_scene1,70,old
159,3.6514158248901367,0.04430613877664413,PBPF,soup_scene1,70,old
160,3.671746015548706,0.04430613877664413,PBPF,soup_scene1,70,old
161,3.7080674171447754,0.04607060874960383,PBPF,soup_scene1,70,old
162,3.717740535736084,0.046271398513529974,PBPF,soup_scene1,70,old
163,3.7262001037597656,0.04635528689427654,PBPF,soup_scene1,70,old
164,3.7364344596862793,0.04635528689427654,PBPF,soup_scene1,70,old
165,3.7575771808624268,0.04663333088671814,PBPF,soup_scene1,70,old
166,3.777644395828247,0.046789833832632036,PBPF,soup_scene1,70,old
167,3.8339579105377197,0.04734864950982462,PBPF,soup_scene1,70,old
168,3.8547301292419434,0.04749636644248487,PBPF,soup_scene1,70,old
169,3.8648102283477783,0.04753677549579792,PBPF,soup_scene1,70,old
170,3.8827250003814697,0.047703201082788194,PBPF,soup_scene1,70,old
171,3.9133124351501465,0.047703201082788194,PBPF,soup_scene1,70,old
172,3.9311153888702393,0.04967922344289482,PBPF,soup_scene1,70,old
173,3.9518139362335205,0.0498182032204794,PBPF,soup_scene1,70,old
174,3.984144687652588,0.049985501038360906,PBPF,soup_scene1,70,old
175,4.067895174026489,0.05051410157565256,PBPF,soup_scene1,70,old
176,4.117099761962891,0.050769491265287583,PBPF,soup_scene1,70,old
177,4.140053987503052,0.05084083418273744,PBPF,soup_scene1,70,old
178,4.149257659912109,0.05092800828651644,PBPF,soup_scene1,70,old
179,4.15998911857605,0.05093700925724813,PBPF,soup_scene1,70,old
180,4.171365976333618,0.05100483253005358,PBPF,soup_scene1,70,old
181,4.181304216384888,0.050989538752337714,PBPF,soup_scene1,70,old
182,4.190996170043945,0.05102559066366145,PBPF,soup_scene1,70,old
183,4.199221134185791,0.05108112778366102,PBPF,soup_scene1,70,old
184,4.207112550735474,0.051105913811570675,PBPF,soup_scene1,70,old
185,4.214991092681885,0.051129687325929346,PBPF,soup_scene1,70,old
186,4.22257661819458,0.05116317818728021,PBPF,soup_scene1,70,old
187,4.230417013168335,0.05115580590818173,PBPF,soup_scene1,70,old
188,4.2380454540252686,0.05120637309364748,PBPF,soup_scene1,70,old
189,4.245144844055176,0.05120637309364748,PBPF,soup_scene1,70,old
190,4.253777503967285,0.051186818863942114,PBPF,soup_scene1,70,old
191,4.263036489486694,0.05125952334563401,PBPF,soup_scene1,70,old
192,4.271603345870972,0.05125767884831475,PBPF,soup_scene1,70,old
193,4.280700922012329,0.0512603650279566,PBPF,soup_scene1,70,old
194,4.290179014205933,0.0512603650279566,PBPF,soup_scene1,70,old
195,4.2991437911987305,0.05126417923626492,PBPF,soup_scene1,70,old
196,4.308614730834961,0.051239596850862545,PBPF,soup_scene1,70,old
197,4.317739963531494,0.05126043315191068,PBPF,soup_scene1,70,old
198,4.327247142791748,0.05312350707498628,PBPF,soup_scene1,70,old
199,4.336790323257446,0.053161475478196656,PBPF,soup_scene1,70,old
200,4.345702886581421,0.05314854471631012,PBPF,soup_scene1,70,old
201,4.353512525558472,0.05314854471631012,PBPF,soup_scene1,70,old
202,4.360531568527222,0.05314854471631012,PBPF,soup_scene1,70,old
203,4.368231296539307,0.05316439545577359,PBPF,soup_scene1,70,old
204,4.3756818771362305,0.05316439545577359,PBPF,soup_scene1,70,old
205,4.382900714874268,0.05315947909579243,PBPF,soup_scene1,70,old
206,4.390827894210815,0.053184315335056145,PBPF,soup_scene1,70,old
207,4.39830207824707,0.053184315335056145,PBPF,soup_scene1,70,old
208,4.4062347412109375,0.05316713465579645,PBPF,soup_scene1,70,old
209,4.414661169052124,0.05316390197276865,PBPF,soup_scene1,70,old
210,4.4228410720825195,0.05316390197276865,PBPF,soup_scene1,70,old
211,4.431729078292847,0.053162018795017044,PBPF,soup_scene1,70,old
212,4.4409918785095215,0.053155584627991546,PBPF,soup_scene1,70,old
213,4.449463367462158,0.05316022761642877,PBPF,soup_scene1,70,old
214,4.456662654876709,0.05316673453124283,PBPF,soup_scene1,70,old
215,4.466599941253662,0.05319313080482395,PBPF,soup_scene1,70,old
216,4.476098537445068,0.05315917794478912,PBPF,soup_scene1,70,old
217,4.48247504234314,0.05315917794478912,PBPF,soup_scene1,70,old
218,4.487480163574219,0.053177271158931845,PBPF,soup_scene1,70,old
219,4.491627931594849,0.053177271158931845,PBPF,soup_scene1,70,old
220,4.4962615966796875,0.05316427031096235,PBPF,soup_scene1,70,old
221,4.500682592391968,0.05316427031096235,PBPF,soup_scene1,70,old
222,4.505533933639526,0.053167030387030516,PBPF,soup_scene1,70,old
223,4.510033845901489,0.056510501003221324,PBPF,soup_scene1,70,old
224,4.514646530151367,0.056512013877277986,PBPF,soup_scene1,70,old
225,4.519534111022949,0.05653819218222091,PBPF,soup_scene1,70,old
226,4.52392053604126,0.05653819218222091,PBPF,soup_scene1,70,old
227,4.528594970703125,0.05661317328936141,PBPF,soup_scene1,70,old
228,4.53301215171814,0.05661317328936141,PBPF,soup_scene1,70,old
229,4.53751277923584,0.056663863056214056,PBPF,soup_scene1,70,old
230,4.541812419891357,0.0566654082532476,PBPF,soup_scene1,70,old
231,4.54638671875,0.056733744287306084,PBPF,soup_scene1,70,old
232,4.5508034229278564,0.056733744287306084,PBPF,soup_scene1,70,old
233,4.55537486076355,0.0567446088481385,PBPF,soup_scene1,70,old
234,4.5600340366363525,0.0567446088481385,PBPF,soup_scene1,70,old
235,4.564842939376831,0.05678253184828482,PBPF,soup_scene1,70,old
236,4.569366455078125,0.05683123386291005,PBPF,soup_scene1,70,old
237,4.573609828948975,0.05683123386291005,PBPF,soup_scene1,70,old
238,4.578146696090698,0.05683123386291005,PBPF,soup_scene1,70,old
239,4.582661151885986,0.056853759977351426,PBPF,soup_scene1,70,old
240,4.587445020675659,0.05693597223231281,PBPF,soup_scene1,70,old
241,4.591742277145386,0.0569318352978924,PBPF,soup_scene1,70,old
242,4.596353769302368,0.05694575976437047,PBPF,soup_scene1,70,old
243,4.601076126098633,0.056995957109937816,PBPF,soup_scene1,70,old
244,4.607263803482056,0.05707333861755441,PBPF,soup_scene1,70,old
245,4.613483190536499,0.05704312815100865,PBPF,soup_scene1,70,old
246,4.619385719299316,0.05704312815100865,PBPF,soup_scene1,70,old
247,4.625962018966675,0.057125838490825705,PBPF,soup_scene1,70,old
248,4.630913972854614,0.057125838490825705,PBPF,soup_scene1,70,old
249,4.6361143589019775,0.057192911937886295,PBPF,soup_scene1,70,old
250,4.641851186752319,0.05716792097633318,PBPF,soup_scene1,70,old
251,4.650799512863159,0.05706995482613636,PBPF,soup_scene1,70,old
252,4.659435510635376,0.05706995482613636,PBPF,soup_scene1,70,old
253,4.665912389755249,0.06005865522371456,PBPF,soup_scene1,70,old
254,4.671009540557861,0.06005861373872256,PBPF,soup_scene1,70,old
255,4.675930738449097,0.060011864249103736,PBPF,soup_scene1,70,old
256,4.680882215499878,0.05995183019662439,PBPF,soup_scene1,70,old
257,4.686022520065308,0.0598338765231637,PBPF,soup_scene1,70,old
258,4.69052529335022,0.0598338765231637,PBPF,soup_scene1,70,old
259,4.695271968841553,0.0598338765231637,PBPF,soup_scene1,70,old
260,4.700125217437744,0.05975735068710469,PBPF,soup_scene1,70,old
261,4.70464825630188,0.05972664984721912,PBPF,soup_scene1,70,old
262,4.708984375,0.05972664984721912,PBPF,soup_scene1,70,old
263,4.713346242904663,0.05966103599604076,PBPF,soup_scene1,70,old
264,4.717631816864014,0.05966103599604076,PBPF,soup_scene1,70,old
265,4.722279787063599,0.059553120547542054,PBPF,soup_scene1,70,old
266,4.7265825271606445,0.059553120547542054,PBPF,soup_scene1,70,old
267,4.731007814407349,0.059553120547542054,PBPF,soup_scene1,70,old
268,4.7356932163238525,0.05944846993231583,PBPF,soup_scene1,70,old
269,4.739927768707275,0.05944846993231583,PBPF,soup_scene1,70,old
270,4.744297504425049,0.05944846993231583,PBPF,soup_scene1,70,old
271,4.748584747314453,0.05944846993231583,PBPF,soup_scene1,70,old
272,4.753586530685425,0.05917290556526062,PBPF,soup_scene1,70,old
273,4.7579405307769775,0.05917290556526062,PBPF,soup_scene1,70,old
274,4.76276421546936,0.059084429753155226,PBPF,soup_scene1,70,old
275,4.767137765884399,0.059084429753155226,PBPF,soup_scene1,70,old
276,4.771791696548462,0.05909410901193952,PBPF,soup_scene1,70,old
277,4.776125431060791,0.05909410901193952,PBPF,soup_scene1,70,old
278,4.780577659606934,0.059021333661215904,PBPF,soup_scene1,70,old
279,4.785425424575806,0.059021333661215904,PBPF,soup_scene1,70,old
280,4.789795637130737,0.058986259743811345,PBPF,soup_scene1,70,old
281,4.794520139694214,0.05892910319471696,PBPF,soup_scene1,70,old
282,4.799360990524292,0.06040240856925858,PBPF,soup_scene1,70,old
283,4.804276704788208,0.060314256525926396,PBPF,soup_scene1,70,old
284,4.8087873458862305,0.060314256525926396,PBPF,soup_scene1,70,old
285,4.81357741355896,0.06015667584288695,PBPF,soup_scene1,70,old
286,4.817965507507324,0.06016124908587566,PBPF,soup_scene1,70,old
287,4.822343349456787,0.06016124908587566,PBPF,soup_scene1,70,old
288,4.8266921043396,0.06016124908587566,PBPF,soup_scene1,70,old
289,4.831713914871216,0.059990905591800696,PBPF,soup_scene1,70,old
290,4.836275339126587,0.05996123022315227,PBPF,soup_scene1,70,old
291,4.841023206710815,0.05988112103428146,PBPF,soup_scene1,70,old
292,4.845458507537842,0.05988462978086119,PBPF,soup_scene1,70,old
293,4.849962472915649,0.05988462978086119,PBPF,soup_scene1,70,old
294,4.854664325714111,0.05972364727143034,PBPF,soup_scene1,70,old
295,4.859144449234009,0.05973036746651438,PBPF,soup_scene1,70,old
296,4.8633036613464355,0.05964088802382648,PBPF,soup_scene1,70,old
297,4.867430925369263,0.05964088802382648,PBPF,soup_scene1,70,old
298,4.8730223178863525,0.059589293292886,PBPF,soup_scene1,70,old
299,4.877539396286011,0.059531235777048025,PBPF,soup_scene1,70,old
300,4.881771564483643,0.05952758427160054,PBPF,soup_scene1,70,old
301,4.886023283004761,0.05952758427160054,PBPF,soup_scene1,70,old
302,4.890288352966309,0.05952758427160054,PBPF,soup_scene1,70,old
303,4.8959362506866455,0.0593199442535963,PBPF,soup_scene1,70,old
304,4.900129556655884,0.0593199442535963,PBPF,soup_scene1,70,old
305,4.9045891761779785,0.059247207918322595,PBPF,soup_scene1,70,old
306,4.908770799636841,0.059247207918322595,PBPF,soup_scene1,70,old
307,4.913459539413452,0.05919754290135701,PBPF,soup_scene1,70,old
308,4.918537616729736,0.05912581047488784,PBPF,soup_scene1,70,old
309,4.923306941986084,0.05912581047488784,PBPF,soup_scene1,70,old
310,4.9278504848480225,0.05907822593180176,PBPF,soup_scene1,70,old
311,4.932343482971191,0.05907822593180176,PBPF,soup_scene1,70,old
312,4.938157558441162,0.060729465959157944,PBPF,soup_scene1,70,old
313,4.94307541847229,0.06065961578300702,PBPF,soup_scene1,70,old
314,4.950559854507446,0.06066187099305064,PBPF,soup_scene1,70,old
315,4.957813501358032,0.06066187099305064,PBPF,soup_scene1,70,old
316,4.965738773345947,0.06045471527291377,PBPF,soup_scene1,70,old
317,4.97336220741272,0.060369790095496215,PBPF,soup_scene1,70,old
318,4.980961084365845,0.06024587494045408,PBPF,soup_scene1,70,old
319,4.988431692123413,0.06017516854674687,PBPF,soup_scene1,70,old
320,4.995676279067993,0.06017516854674687,PBPF,soup_scene1,70,old
321,5.003879547119141,0.06002563861969343,PBPF,soup_scene1,70,old
322,5.012263536453247,0.05993850842101181,PBPF,soup_scene1,70,old
323,5.019639015197754,0.059871845359890305,PBPF,soup_scene1,70,old
324,5.025874137878418,0.059871845359890305,PBPF,soup_scene1,70,old
325,5.032046556472778,0.0598899979571386,PBPF,soup_scene1,70,old
326,5.038933277130127,0.05982529014964987,PBPF,soup_scene1,70,old
327,5.046253204345703,0.059818311708176024,PBPF,soup_scene1,70,old
328,5.054827451705933,0.059588520214939496,PBPF,soup_scene1,70,old
329,5.0619957447052,0.059540392401198586,PBPF,soup_scene1,70,old
330,5.069408178329468,0.05954203193579397,PBPF,soup_scene1,70,old
331,5.077422380447388,0.05947120975203378,PBPF,soup_scene1,70,old
332,5.0851922035217285,0.05939125827751149,PBPF,soup_scene1,70,old
333,5.092333078384399,0.05939125827751149,PBPF,soup_scene1,70,old
334,5.1002197265625,0.05927662897040717,PBPF,soup_scene1,70,old
335,5.10764741897583,0.05929947948345569,PBPF,soup_scene1,70,old
336,5.115356206893921,0.0592176970998728,PBPF,soup_scene1,70,old
337,5.124037265777588,0.05915913899074651,PBPF,soup_scene1,70,old
338,5.131751775741577,0.05997738427535095,PBPF,soup_scene1,70,old
339,5.139230012893677,0.05999693058056209,PBPF,soup_scene1,70,old
340,5.146901607513428,0.05989917694112143,PBPF,soup_scene1,70,old
341,5.155134439468384,0.05983758726781149,PBPF,soup_scene1,70,old
342,5.163646697998047,0.05975097179296428,PBPF,soup_scene1,70,old
343,5.171269416809082,0.059696723853777514,PBPF,soup_scene1,70,old
344,5.18792724609375,0.05962794212206593,PBPF,soup_scene1,70,old
345,5.203092336654663,0.0595547857300906,PBPF,soup_scene1,70,old
346,5.213080644607544,0.05949014989338829,PBPF,soup_scene1,70,old
347,5.24162483215332,0.05906431744864808,PBPF,soup_scene1,70,old
348,5.2646002769470215,0.058901094582538276,PBPF,soup_scene1,70,old
349,5.280180931091309,0.05872640091894883,PBPF,soup_scene1,70,old
350,5.286656618118286,0.05863580770645668,PBPF,soup_scene1,70,old
351,5.301276683807373,0.05863580770645668,PBPF,soup_scene1,70,old
352,5.335902690887451,0.05826346510558414,PBPF,soup_scene1,70,old
353,5.345801830291748,0.058118245029625384,PBPF,soup_scene1,70,old
354,5.357836008071899,0.05803431379137552,PBPF,soup_scene1,70,old
355,5.392808437347412,0.05786730356401304,PBPF,soup_scene1,70,old
356,5.456027984619141,0.05757908753153639,PBPF,soup_scene1,70,old
357,5.5001020431518555,0.057227246893404235,PBPF,soup_scene1,70,old
358,5.536045789718628,0.057227246893404235,PBPF,soup_scene1,70,old
359,5.555924892425537,0.05705610824689842,PBPF,soup_scene1,70,old
360,5.581443786621094,0.05704630396475294,PBPF,soup_scene1,70,old
361,5.604057788848877,0.05706141502282471,PBPF,soup_scene1,70,old
362,5.622726202011108,0.05706141502282471,PBPF,soup_scene1,70,old
363,5.657104730606079,0.05650111843420194,PBPF,soup_scene1,70,old
364,5.67976713180542,0.056478625682845916,PBPF,soup_scene1,70,old
365,5.733536720275879,0.05644911480115269,PBPF,soup_scene1,70,old
366,5.796914100646973,0.05647388600519477,PBPF,soup_scene1,70,old
367,5.88397741317749,0.05645286024497233,PBPF,soup_scene1,70,old
368,5.995875835418701,0.056587057470445026,PBPF,soup_scene1,70,old
369,6.048115968704224,0.05672933208552107,PBPF,soup_scene1,70,old
370,6.167976140975952,0.05681084422068843,PBPF,soup_scene1,70,old
371,6.2081074714660645,0.05683885920517538,PBPF,soup_scene1,70,old
372,6.259997844696045,0.05695853552558922,PBPF,soup_scene1,70,old
373,6.291813611984253,0.056929683395126496,PBPF,soup_scene1,70,old
374,6.343915224075317,0.05692551369998437,PBPF,soup_scene1,70,old
375,6.392787218093872,0.05689671094263237,PBPF,soup_scene1,70,old
376,6.447752952575684,0.056937846421052436,PBPF,soup_scene1,70,old
377,6.498728036880493,0.056962672539740765,PBPF,soup_scene1,70,old
378,6.531791925430298,0.05694267857147131,PBPF,soup_scene1,70,old
379,6.589134216308594,0.05693158542801543,PBPF,soup_scene1,70,old
380,6.619873523712158,0.05691025052875623,PBPF,soup_scene1,70,old
381,6.627639293670654,0.056862309498284434,PBPF,soup_scene1,70,old
382,6.66408371925354,0.056811241564424304,PBPF,soup_scene1,70,old
383,6.680110216140747,0.05685853253336959,PBPF,soup_scene1,70,old
384,6.7222349643707275,0.05688815022806312,PBPF,soup_scene1,70,old
385,6.753547668457031,0.0568249228936004,PBPF,soup_scene1,70,old
386,6.827877521514893,0.05758004479151573,PBPF,soup_scene1,70,old
387,6.907890796661377,0.056603810957238224,PBPF,soup_scene1,70,old
388,6.9396812915802,0.056383779114589534,PBPF,soup_scene1,70,old
389,6.955187559127808,0.05628168132260539,PBPF,soup_scene1,70,old
390,7.032140493392944,0.05579620545762656,PBPF,soup_scene1,70,old
391,7.103723049163818,0.05556166940877232,PBPF,soup_scene1,70,old
392,7.208065748214722,0.055483365040509554,PBPF,soup_scene1,70,old
393,7.229515314102173,0.0554946500401004,PBPF,soup_scene1,70,old
394,7.264635801315308,0.055537158443657614,PBPF,soup_scene1,70,old
395,7.3095245361328125,0.05551544581831,PBPF,soup_scene1,70,old
396,7.328112840652466,0.05546311609289448,PBPF,soup_scene1,70,old
397,7.359695196151733,0.05563439885557498,PBPF,soup_scene1,70,old
398,7.416071653366089,0.055803908736608863,PBPF,soup_scene1,70,old
399,7.452025890350342,0.055826645673506974,PBPF,soup_scene1,70,old
400,7.485954523086548,0.05606265792390379,PBPF,soup_scene1,70,old
401,7.587969779968262,0.056278796152867884,PBPF,soup_scene1,70,old
402,7.6208837032318115,0.056292527879417416,PBPF,soup_scene1,70,old
403,7.65608811378479,0.05681089150045925,PBPF,soup_scene1,70,old
404,7.671940326690674,0.05692934037574463,PBPF,soup_scene1,70,old
405,7.7284255027771,0.0573475978799206,PBPF,soup_scene1,70,old
406,7.7790069580078125,0.05773682893542415,PBPF,soup_scene1,70,old
407,7.808053255081177,0.05696808433042975,PBPF,soup_scene1,70,old
408,7.840112209320068,0.05712853402176192,PBPF,soup_scene1,70,old
409,7.852694511413574,0.05709608638484321,PBPF,soup_scene1,70,old
410,7.870232820510864,0.057194008242681185,PBPF,soup_scene1,70,old
411,7.901602506637573,0.057301659296844505,PBPF,soup_scene1,70,old
412,7.936644554138184,0.05733413347477355,PBPF,soup_scene1,70,old
413,7.9723801612854,0.05762968008866185,PBPF,soup_scene1,70,old
414,8.004888534545898,0.05783091620874303,PBPF,soup_scene1,70,old
415,8.07300615310669,0.05844012556660357,PBPF,soup_scene1,70,old
416,8.095287084579468,0.058495108000199456,PBPF,soup_scene1,70,old
417,8.123284101486206,0.058853298815047125,PBPF,soup_scene1,70,old
418,8.164847612380981,0.0590651668325152,PBPF,soup_scene1,70,old
419,8.227938652038574,0.05956454449405036,PBPF,soup_scene1,70,old
420,8.251237154006958,0.059778655713608825,PBPF,soup_scene1,70,old
421,8.276695966720581,0.05991682823978765,PBPF,soup_scene1,70,old
422,8.295173645019531,0.05991682823978765,PBPF,soup_scene1,70,old
423,8.331516981124878,0.06053116862395976,PBPF,soup_scene1,70,old
424,8.45789361000061,0.061161651856996374,PBPF,soup_scene1,70,old
425,8.492173671722412,0.062352257743696966,PBPF,soup_scene1,70,old
426,8.52565336227417,0.06256232238997969,PBPF,soup_scene1,70,old
427,8.545938730239868,0.06280550662812205,PBPF,soup_scene1,70,old
428,8.564094066619873,0.062838837051906,PBPF,soup_scene1,70,old
429,8.603226900100708,0.06347609883487046,PBPF,soup_scene1,70,old
430,8.632708549499512,0.06393042167644658,PBPF,soup_scene1,70,old
431,8.65372347831726,0.06393112405360163,PBPF,soup_scene1,70,old
432,8.679021835327148,0.06439679170308558,PBPF,soup_scene1,70,old
433,8.752937316894531,0.06511015495380622,PBPF,soup_scene1,70,old
434,8.789593696594238,0.05910663488937868,PBPF,soup_scene1,70,old
435,8.805733680725098,0.0591300405292726,PBPF,soup_scene1,70,old
436,8.81906795501709,0.05930821897303167,PBPF,soup_scene1,70,old
437,8.828370332717896,0.05936053672989438,PBPF,soup_scene1,70,old
438,8.853633642196655,0.059599724302594075,PBPF,soup_scene1,70,old
439,8.866074323654175,0.05971832094996182,PBPF,soup_scene1,70,old
440,8.897883892059326,0.06059399027495445,PBPF,soup_scene1,70,old
441,8.949902057647705,0.06101521314276781,PBPF,soup_scene1,70,old
442,8.975657939910889,0.0616863633468459,PBPF,soup_scene1,70,old
443,8.99659252166748,0.06181269117676793,PBPF,soup_scene1,70,old
444,9.031893968582153,0.06213541637866175,PBPF,soup_scene1,70,old
445,9.07417106628418,0.0626251934939658,PBPF,soup_scene1,70,old
446,9.10477352142334,0.06282125701695553,PBPF,soup_scene1,70,old
447,9.132914066314697,0.06305686323986041,PBPF,soup_scene1,70,old
448,9.176362037658691,0.06293001403722255,PBPF,soup_scene1,70,old
449,9.186598300933838,0.06304637085996136,PBPF,soup_scene1,70,old
450,9.195239067077637,0.06317175730747994,PBPF,soup_scene1,70,old
451,9.214128017425537,0.06330759172648341,PBPF,soup_scene1,70,old
452,9.2400643825531,0.06365470298680076,PBPF,soup_scene1,70,old
453,9.27087926864624,0.06399712892367049,PBPF,soup_scene1,70,old
454,9.31098222732544,0.0645689063120143,PBPF,soup_scene1,70,old
455,9.326258897781372,0.06468803260339413,PBPF,soup_scene1,70,old
456,9.348389148712158,0.06484516368983252,PBPF,soup_scene1,70,old
457,9.364132165908813,0.06514155571715533,PBPF,soup_scene1,70,old
458,9.371534824371338,0.06519363924579169,PBPF,soup_scene1,70,old
459,9.385761976242065,0.06559965618046859,PBPF,soup_scene1,70,old
460,9.398855686187744,0.06565485142022333,PBPF,soup_scene1,70,old
461,9.413644552230835,0.06585378441006462,PBPF,soup_scene1,70,old
462,9.441534280776978,0.0662649769027017,PBPF,soup_scene1,70,old
463,9.453597784042358,0.06640686401511102,PBPF,soup_scene1,70,old
464,9.47689151763916,0.06643802420917536,PBPF,soup_scene1,70,old
465,9.484918117523193,0.06656859919436002,PBPF,soup_scene1,70,old
466,9.496740818023682,0.06697515822489408,PBPF,soup_scene1,70,old
467,9.512388706207275,0.06725847590731407,PBPF,soup_scene1,70,old
468,9.51966142654419,0.06725847590731407,PBPF,soup_scene1,70,old
469,9.542557716369629,0.06752929520414991,PBPF,soup_scene1,70,old
470,9.550137996673584,0.06752125504552478,PBPF,soup_scene1,70,old
471,9.562573194503784,0.06771343257600063,PBPF,soup_scene1,70,old
472,9.589918613433838,0.06838168613983993,PBPF,soup_scene1,70,old
473,9.601174354553223,0.0684988857643021,PBPF,soup_scene1,70,old
474,9.608932495117188,0.0687027745095364,PBPF,soup_scene1,70,old
475,9.625340938568115,0.06873527289949374,PBPF,soup_scene1,70,old
476,9.651515245437622,0.06926273889305211,PBPF,soup_scene1,70,old
477,9.66854977607727,0.06977160561089457,PBPF,soup_scene1,70,old
478,9.688706636428833,0.07000129126124606,PBPF,soup_scene1,70,old
479,9.716280937194824,0.07058984334434144,PBPF,soup_scene1,70,old
480,9.727823257446289,0.07069943520177097,PBPF,soup_scene1,70,old
481,9.758558511734009,0.07116037925209544,PBPF,soup_scene1,70,old
482,9.819123983383179,0.07250939688942974,PBPF,soup_scene1,70,old
483,9.864356756210327,0.07348712807327566,PBPF,soup_scene1,70,old
484,9.880820035934448,0.0641863790537515,PBPF,soup_scene1,70,old
485,9.893850564956665,0.06431017788341793,PBPF,soup_scene1,70,old
486,9.905329704284668,0.06431017788341793,PBPF,soup_scene1,70,old
487,9.921499729156494,0.06443586400180776,PBPF,soup_scene1,70,old
488,9.9515962600708,0.0648159114644668,PBPF,soup_scene1,70,old
489,9.958380937576294,0.0648159114644668,PBPF,soup_scene1,70,old
490,10.028178215026855,0.06597450502494356,PBPF,soup_scene1,70,old
491,10.05385136604309,0.0668154267699727,PBPF,soup_scene1,70,old
492,10.06646203994751,0.06705538061522692,PBPF,soup_scene1,70,old
493,10.074072122573853,0.06714803326697465,PBPF,soup_scene1,70,old
494,10.098846435546875,0.0675162973885311,PBPF,soup_scene1,70,old
495,10.11911392211914,0.06774804930146076,PBPF,soup_scene1,70,old
496,10.148932933807373,0.06834013585813108,PBPF,soup_scene1,70,old
497,10.161799907684326,0.06854699810084305,PBPF,soup_scene1,70,old
498,10.17931842803955,0.06888327341288374,PBPF,soup_scene1,70,old
499,10.192683219909668,0.06893754512119477,PBPF,soup_scene1,70,old
500,10.211591005325317,0.06931059813061835,PBPF,soup_scene1,70,old
501,10.232090950012207,0.06957198820129165,PBPF,soup_scene1,70,old
502,10.24804162979126,0.06983612674290061,PBPF,soup_scene1,70,old
503,10.255717515945435,0.06991039704983272,PBPF,soup_scene1,70,old
504,10.271463871002197,0.07015301983792867,PBPF,soup_scene1,70,old
505,10.284449815750122,0.07025905031244345,PBPF,soup_scene1,70,old
506,10.320404052734375,0.0705101650337281,PBPF,soup_scene1,70,old
507,10.33537483215332,0.07057642989460683,PBPF,soup_scene1,70,old
508,10.36227798461914,0.07074177190042674,PBPF,soup_scene1,70,old
509,10.403393268585205,0.07099330960641494,PBPF,soup_scene1,70,old
510,10.414400815963745,0.07095918109091186,PBPF,soup_scene1,70,old
511,10.45237684249878,0.07157733934520182,PBPF,soup_scene1,70,old
512,10.462974309921265,0.07127840125977757,PBPF,soup_scene1,70,old
513,10.50017523765564,0.0714978578209697,PBPF,soup_scene1,70,old
514,10.507428169250488,0.07152872255072117,PBPF,soup_scene1,70,old
515,10.514835357666016,0.07146722932752297,PBPF,soup_scene1,70,old
516,10.521847486495972,0.07151044793265428,PBPF,soup_scene1,70,old
517,10.536412239074707,0.07150175613369107,PBPF,soup_scene1,70,old
518,10.543749570846558,0.07151026787350244,PBPF,soup_scene1,70,old
519,10.563133478164673,0.07144676199663114,PBPF,soup_scene1,70,old
520,10.62411379814148,0.07143958026353782,PBPF,soup_scene1,70,old
521,10.647237062454224,0.07149086796941649,PBPF,soup_scene1,70,old
522,10.676302909851074,0.07153964487055697,PBPF,soup_scene1,70,old
523,10.728278875350952,0.07152165828554327,PBPF,soup_scene1,70,old
524,10.759927034378052,0.06472261651419549,PBPF,soup_scene1,70,old
525,10.775923252105713,0.06476828900639228,PBPF,soup_scene1,70,old
526,10.78296446800232,0.06476828900639228,PBPF,soup_scene1,70,old
527,10.822636127471924,0.06477114448833726,PBPF,soup_scene1,70,old
528,10.830896139144897,0.06475755815917471,PBPF,soup_scene1,70,old
529,10.850291967391968,0.06473886691664006,PBPF,soup_scene1,70,old
530,10.85798692703247,0.06471186841938537,PBPF,soup_scene1,70,old
531,10.865289449691772,0.06477234164691521,PBPF,soup_scene1,70,old
532,10.872503519058228,0.0647165035423305,PBPF,soup_scene1,70,old
533,10.87930965423584,0.0647632343748165,PBPF,soup_scene1,70,old
534,10.890153169631958,0.06471096173288877,PBPF,soup_scene1,70,old
535,10.897613525390625,0.0647724689202464,PBPF,soup_scene1,70,old
536,10.904518842697144,0.0647066417196369,PBPF,soup_scene1,70,old
537,10.923047542572021,0.06469308819533841,PBPF,soup_scene1,70,old
538,10.946986198425293,0.064720307683537,PBPF,soup_scene1,70,old
539,10.973668813705444,0.06491906360821992,PBPF,soup_scene1,70,old
540,10.989095687866211,0.06497023241377245,PBPF,soup_scene1,70,old
541,11.012121200561523,0.06486785385759904,PBPF,soup_scene1,70,old
542,11.027445793151855,0.0649147992512259,PBPF,soup_scene1,70,old
543,11.03502082824707,0.06496463384539516,PBPF,soup_scene1,70,old
544,11.045338869094849,0.06500919092415747,PBPF,soup_scene1,70,old
545,11.060326337814331,0.06505073596814946,PBPF,soup_scene1,70,old
546,11.072087287902832,0.06505075606786344,PBPF,soup_scene1,70,old
547,11.09045958518982,0.0651029405912148,PBPF,soup_scene1,70,old
548,11.10951042175293,0.06523870359442967,PBPF,soup_scene1,70,old
549,11.121039390563965,0.06531340177060249,PBPF,soup_scene1,70,old
550,11.128458499908447,0.06535785946806195,PBPF,soup_scene1,70,old
551,11.135703086853027,0.06536515034612916,PBPF,soup_scene1,70,old
552,11.14280366897583,0.06540090132092603,PBPF,soup_scene1,70,old
553,11.159186363220215,0.06549292167820443,PBPF,soup_scene1,70,old
554,11.177375078201294,0.06553075464775289,PBPF,soup_scene1,70,old
555,11.206487894058228,0.06582306565754298,PBPF,soup_scene1,70,old
556,11.234257698059082,0.06602853690558375,PBPF,soup_scene1,70,old
557,11.260627508163452,0.06648622806286658,PBPF,soup_scene1,70,old
558,11.268981218338013,0.06651925488540451,PBPF,soup_scene1,70,old
559,11.28862738609314,0.06687018111104766,PBPF,soup_scene1,70,old
560,11.298874378204346,0.06687682366658836,PBPF,soup_scene1,70,old
561,11.313328266143799,0.06710648786804653,PBPF,soup_scene1,70,old
562,11.333019256591797,0.06731430093393347,PBPF,soup_scene1,70,old
563,11.352748155593872,0.06747322174530924,PBPF,soup_scene1,70,old
564,11.36441969871521,0.06761752726198145,PBPF,soup_scene1,70,old
565,11.384828567504883,0.06782110822108017,PBPF,soup_scene1,70,old
566,11.412891387939453,0.06814475163307539,PBPF,soup_scene1,70,old
567,11.424179792404175,0.06821126729393545,PBPF,soup_scene1,70,old
568,11.475157022476196,0.06410967322795287,PBPF,soup_scene1,70,old
569,11.533621788024902,0.0640478484514663,PBPF,soup_scene1,70,old
570,11.56889820098877,0.06393171946222088,PBPF,soup_scene1,70,old
571,11.588141202926636,0.06393171946222088,PBPF,soup_scene1,70,old
572,11.607275485992432,0.0640045910437556,PBPF,soup_scene1,70,old
573,11.623138904571533,0.0639663979050508,PBPF,soup_scene1,70,old
574,11.650130987167358,0.06408527061102852,PBPF,soup_scene1,70,old
575,11.658392906188965,0.06416384161700707,PBPF,soup_scene1,70,old
576,11.684017896652222,0.06432258700175315,PBPF,soup_scene1,70,old
577,11.691536664962769,0.06435909909680637,PBPF,soup_scene1,70,old
578,11.724064350128174,0.06440996726230713,PBPF,soup_scene1,70,old
579,11.741333246231079,0.06487294824341625,PBPF,soup_scene1,70,old
580,11.758471488952637,0.06494309142294778,PBPF,soup_scene1,70,old
581,11.775707244873047,0.06508816813511414,PBPF,soup_scene1,70,old
582,11.834724426269531,0.06574898551514316,PBPF,soup_scene1,70,old
583,11.841809749603271,0.06579958754873488,PBPF,soup_scene1,70,old
584,11.852017641067505,0.06578555400318298,PBPF,soup_scene1,70,old
585,11.86154294013977,0.06577490127776679,PBPF,soup_scene1,70,old
586,11.893299579620361,0.0660774847883426,PBPF,soup_scene1,70,old
587,11.904907703399658,0.06615698791162458,PBPF,soup_scene1,70,old
588,11.956416606903076,0.06622480540340703,PBPF,soup_scene1,70,old
589,12.020446062088013,0.06647543530614163,PBPF,soup_scene1,70,old
590,12.051930904388428,0.06710162710591891,PBPF,soup_scene1,70,old
591,12.062440156936646,0.0670931250450375,PBPF,soup_scene1,70,old
592,12.080832719802856,0.06721199463828785,PBPF,soup_scene1,70,old
593,12.139986276626587,0.06403436132588923,PBPF,soup_scene1,70,old
594,12.184495449066162,0.0644855628901959,PBPF,soup_scene1,70,old
595,12.232020378112793,0.0644855628901959,PBPF,soup_scene1,70,old
596,12.239269971847534,0.06474348723254301,PBPF,soup_scene1,70,old
597,12.251403093338013,0.0647886566737949,PBPF,soup_scene1,70,old
598,12.287994384765625,0.06499988942245921,PBPF,soup_scene1,70,old
599,12.295233011245728,0.06494614429417,PBPF,soup_scene1,70,old
600,12.327852725982666,0.06516720280398484,PBPF,soup_scene1,70,old
601,12.346736907958984,0.06516276657795408,PBPF,soup_scene1,70,old
602,12.380743503570557,0.06524404043729516,PBPF,soup_scene1,70,old
603,12.39714503288269,0.06547199091835573,PBPF,soup_scene1,70,old
604,12.423230409622192,0.0655873912147575,PBPF,soup_scene1,70,old
605,12.449588060379028,0.06561054961009376,PBPF,soup_scene1,70,old
606,12.468637704849243,0.06711284165671774,PBPF,soup_scene1,70,old
607,12.484195470809937,0.06708106397571621,PBPF,soup_scene1,70,old
608,12.495920419692993,0.06675671805210805,PBPF,soup_scene1,70,old
609,12.50744915008545,0.06685404105373123,PBPF,soup_scene1,70,old
610,12.525750637054443,0.06691857993117353,PBPF,soup_scene1,70,old
611,12.538683652877808,0.06705356481918028,PBPF,soup_scene1,70,old
612,12.551305770874023,0.06705402247766858,PBPF,soup_scene1,70,old
613,12.567585229873657,0.06720746282459801,PBPF,soup_scene1,70,old
614,12.599563121795654,0.06737851602846928,PBPF,soup_scene1,70,old
615,12.632724285125732,0.06752651110837468,PBPF,soup_scene1,70,old
616,12.645005464553833,0.06761675319721967,PBPF,soup_scene1,70,old
617,12.657390832901001,0.06781981946990023,PBPF,soup_scene1,70,old
618,12.680351495742798,0.06793820956621116,PBPF,soup_scene1,70,old
619,12.692505598068237,0.068101952172485,PBPF,soup_scene1,70,old
620,12.703401327133179,0.06815851611985817,PBPF,soup_scene1,70,old
621,12.719622135162354,0.06827198722814759,PBPF,soup_scene1,70,old
622,12.727804899215698,0.06847570377805338,PBPF,soup_scene1,70,old
623,12.749306678771973,0.06872883132794616,PBPF,soup_scene1,70,old
624,12.75732159614563,0.06875593552776157,PBPF,soup_scene1,70,old
625,12.76534390449524,0.06876230499769112,PBPF,soup_scene1,70,old
626,12.791175365447998,0.0687958964266352,PBPF,soup_scene1,70,old
627,12.832916975021362,0.06941932573312515,PBPF,soup_scene1,70,old
628,12.856356143951416,0.06996806562058806,PBPF,soup_scene1,70,old
629,12.879246950149536,0.07050039436169998,PBPF,soup_scene1,70,old
630,12.920247316360474,0.07109372316051359,PBPF,soup_scene1,70,old
631,12.932276010513306,0.07109372316051359,PBPF,soup_scene1,70,old
632,12.981884956359863,0.07151965331536253,PBPF,soup_scene1,70,old
633,13.051149129867554,0.07294034222295609,PBPF,soup_scene1,70,old
634,13.083173751831055,0.07354954426030032,PBPF,soup_scene1,70,old
635,13.199833869934082,0.06897725940409083,PBPF,soup_scene1,70,old
636,13.247919082641602,0.06994960254418318,PBPF,soup_scene1,70,old
637,13.312442779541016,0.07026915412270154,PBPF,soup_scene1,70,old
638,13.36272382736206,0.07036594431207126,PBPF,soup_scene1,70,old
639,13.386377573013306,0.0718751224047615,PBPF,soup_scene1,70,old
640,13.427298069000244,0.07194699452838922,PBPF,soup_scene1,70,old
641,13.443472623825073,0.07279179793209427,PBPF,soup_scene1,70,old
642,13.456057071685791,0.07279179793209427,PBPF,soup_scene1,70,old
643,13.472471237182617,0.07308564439274884,PBPF,soup_scene1,70,old
644,13.49759840965271,0.07366317527802729,PBPF,soup_scene1,70,old
645,13.510064125061035,0.07366317527802729,PBPF,soup_scene1,70,old
646,13.529940605163574,0.07385871310296585,PBPF,soup_scene1,70,old
647,13.55504846572876,0.07429632455923647,PBPF,soup_scene1,70,old
648,13.677077531814575,0.07659049642832438,PBPF,soup_scene1,70,old
649,13.716294288635254,0.07718735967703312,PBPF,soup_scene1,70,old
650,13.745858669281006,0.0779771825206681,PBPF,soup_scene1,70,old
651,13.776103734970093,0.07834412245467647,PBPF,soup_scene1,70,old
652,13.797322511672974,0.0791244712136319,PBPF,soup_scene1,70,old
653,13.834929466247559,0.0800890199404026,PBPF,soup_scene1,70,old
654,13.847672939300537,0.08030071064071106,PBPF,soup_scene1,70,old
655,13.861484050750732,0.08072861769675199,PBPF,soup_scene1,70,old
656,13.90436577796936,0.08173926051987356,PBPF,soup_scene1,70,old
657,13.912961483001709,0.08205366711419443,PBPF,soup_scene1,70,old
658,13.923638820648193,0.08251460533748128,PBPF,soup_scene1,70,old
659,13.947312593460083,0.08287714915253053,PBPF,soup_scene1,70,old
660,13.955726385116577,0.08319862680017995,PBPF,soup_scene1,70,old
661,13.983164548873901,0.08362155570603642,PBPF,soup_scene1,70,old
662,14.002241373062134,0.08406268725505336,PBPF,soup_scene1,70,old
663,14.018762826919556,0.08460843337828045,PBPF,soup_scene1,70,old
664,14.050559282302856,0.08571965171466174,PBPF,soup_scene1,70,old
665,14.078238725662231,0.08619128220768679,PBPF,soup_scene1,70,old
666,14.098484516143799,0.08700501733300144,PBPF,soup_scene1,70,old
667,14.123990297317505,0.08716867574260798,PBPF,soup_scene1,70,old
668,14.137457132339478,0.08759304934914817,PBPF,soup_scene1,70,old
669,14.14590048789978,0.08759304934914817,PBPF,soup_scene1,70,old
670,14.181507349014282,0.08814649895365978,PBPF,soup_scene1,70,old
671,14.200792074203491,0.08842941923964535,PBPF,soup_scene1,70,old
672,14.2361581325531,0.08883822324106805,PBPF,soup_scene1,70,old
673,14.259552717208862,0.08890382409954958,PBPF,soup_scene1,70,old
674,14.272977352142334,0.08891429337433525,PBPF,soup_scene1,70,old
675,14.301727056503296,0.07709454178658857,PBPF,soup_scene1,70,old
676,14.325648307800293,0.07711495799891814,PBPF,soup_scene1,70,old
677,14.350701332092285,0.07712361340049047,PBPF,soup_scene1,70,old
678,14.366652011871338,0.07710092747828694,PBPF,soup_scene1,70,old
679,14.393593788146973,0.07713219031430692,PBPF,soup_scene1,70,old
680,14.43306016921997,0.07712075201530874,PBPF,soup_scene1,70,old
681,14.488025188446045,0.0771181772818414,PBPF,soup_scene1,70,old
682,14.499992609024048,0.07714088822849609,PBPF,soup_scene1,70,old
683,14.511021137237549,0.07711761645901534,PBPF,soup_scene1,70,old
684,14.528043270111084,0.07714009645288807,PBPF,soup_scene1,70,old
685,14.535278081893921,0.07714009645288807,PBPF,soup_scene1,70,old
686,14.542074918746948,0.07714009645288807,PBPF,soup_scene1,70,old
687,14.572288751602173,0.07714009645288807,PBPF,soup_scene1,70,old
688,14.584303617477417,0.07714834045263327,PBPF,soup_scene1,70,old
689,14.591314315795898,0.07713907091218097,PBPF,soup_scene1,70,old
690,14.607858896255493,0.07701732894910489,PBPF,soup_scene1,70,old
691,14.617728471755981,0.07712988190721931,PBPF,soup_scene1,70,old
692,14.644200325012207,0.07715345266356992,PBPF,soup_scene1,70,old
693,14.704842805862427,0.07743823251135608,PBPF,soup_scene1,70,old
694,14.737485408782959,0.07753228597250113,PBPF,soup_scene1,70,old
695,14.765565395355225,0.07768012022806,PBPF,soup_scene1,70,old
696,14.792469501495361,0.07793656667012995,PBPF,soup_scene1,70,old
697,14.807459354400635,0.07793656667012995,PBPF,soup_scene1,70,old
698,14.872754573822021,0.07917214395247477,PBPF,soup_scene1,70,old
699,14.888767004013062,0.07944437612591498,PBPF,soup_scene1,70,old
700,14.929753541946411,0.08003164503394461,PBPF,soup_scene1,70,old
701,14.960455894470215,0.08062367709188893,PBPF,soup_scene1,70,old
702,14.96855092048645,0.08084383974294615,PBPF,soup_scene1,70,old
703,14.97632360458374,0.0807751423462621,PBPF,soup_scene1,70,old
704,14.99284815788269,0.0813070818992387,PBPF,soup_scene1,70,old
705,15.009355306625366,0.08169929809340089,PBPF,soup_scene1,70,old
706,15.056774616241455,0.08253341674768218,PBPF,soup_scene1,70,old
707,15.079988479614258,0.08305212226350889,PBPF,soup_scene1,70,old
708,15.107959508895874,0.08336864277453788,PBPF,soup_scene1,70,old
709,15.119064092636108,0.08363068857466949,PBPF,soup_scene1,70,old
710,15.138401746749878,0.08392101830819022,PBPF,soup_scene1,70,old
711,15.147733449935913,0.08398225307640919,PBPF,soup_scene1,70,old
712,15.154658317565918,0.08398225307640919,PBPF,soup_scene1,70,old
713,15.188850164413452,0.07189642947866605,PBPF,soup_scene1,70,old
714,15.197494268417358,0.07189642947866605,PBPF,soup_scene1,70,old
715,15.214199542999268,0.07218435919539343,PBPF,soup_scene1,70,old
716,15.221505403518677,0.07214542063139161,PBPF,soup_scene1,70,old
717,15.268619298934937,0.07275700510853851,PBPF,soup_scene1,70,old
718,15.285530805587769,0.07302474137613002,PBPF,soup_scene1,70,old
719,15.29765796661377,0.07311030316669856,PBPF,soup_scene1,70,old
720,15.305379629135132,0.07323684509941428,PBPF,soup_scene1,70,old
721,15.321433544158936,0.07327922569343666,PBPF,soup_scene1,70,old
722,15.329836368560791,0.07336505447897662,PBPF,soup_scene1,70,old
723,15.348780155181885,0.07354638236765813,PBPF,soup_scene1,70,old
724,15.363733291625977,0.07370695168574092,PBPF,soup_scene1,70,old
725,15.383016347885132,0.07382899028581155,PBPF,soup_scene1,70,old
726,15.395007133483887,0.07384615521013027,PBPF,soup_scene1,70,old
727,15.4067862033844,0.07406155618288773,PBPF,soup_scene1,70,old
728,15.436567068099976,0.0740879925408253,PBPF,soup_scene1,70,old
729,15.444265365600586,0.07409368082284015,PBPF,soup_scene1,70,old
730,15.464201211929321,0.07437977027473659,PBPF,soup_scene1,70,old
731,15.484961748123169,0.07457138233570096,PBPF,soup_scene1,70,old
732,15.498014450073242,0.07477533350520654,PBPF,soup_scene1,70,old
733,15.525793552398682,0.07501523874750433,PBPF,soup_scene1,70,old
734,15.544533491134644,0.07514027024743415,PBPF,soup_scene1,70,old
735,15.555649518966675,0.07529087676375104,PBPF,soup_scene1,70,old
736,15.563547611236572,0.07529087676375104,PBPF,soup_scene1,70,old
737,15.572669744491577,0.07546811976154716,PBPF,soup_scene1,70,old
738,15.580730676651001,0.0755717551760699,PBPF,soup_scene1,70,old
739,15.58887267112732,0.07567080024544989,PBPF,soup_scene1,70,old
740,15.597367286682129,0.07577055263768434,PBPF,soup_scene1,70,old
741,15.609791994094849,0.07593744846013835,PBPF,soup_scene1,70,old
742,15.618553400039673,0.07598443483227882,PBPF,soup_scene1,70,old
743,15.628065586090088,0.07608658050664721,PBPF,soup_scene1,70,old
744,15.64011001586914,0.07616138857086348,PBPF,soup_scene1,70,old
745,15.648550271987915,0.07627292223375493,PBPF,soup_scene1,70,old
746,15.656926155090332,0.0764908597133548,PBPF,soup_scene1,70,old
747,15.666093826293945,0.07663700825672526,PBPF,soup_scene1,70,old
748,15.674442052841187,0.07664953713543271,PBPF,soup_scene1,70,old
749,15.683670043945312,0.07688502303301065,PBPF,soup_scene1,70,old
750,15.692078351974487,0.07694702140942293,PBPF,soup_scene1,70,old
751,15.702184438705444,0.07705523871372547,PBPF,soup_scene1,70,old
752,15.714720010757446,0.07710662817635323,PBPF,soup_scene1,70,old
753,15.723170280456543,0.07736557142809602,PBPF,soup_scene1,70,old
754,15.731629848480225,0.0774526623952183,PBPF,soup_scene1,70,old
755,15.74038052558899,0.07733579672862119,PBPF,soup_scene1,70,old
756,15.749781847000122,0.07750591513453424,PBPF,soup_scene1,70,old
757,15.75871205329895,0.07764178035416772,PBPF,soup_scene1,70,old
758,15.766680479049683,0.07762284869377714,PBPF,soup_scene1,70,old
759,15.775696992874146,0.07784796799374874,PBPF,soup_scene1,70,old
760,15.784677267074585,0.07809280402087082,PBPF,soup_scene1,70,old
761,15.793545484542847,0.0780740151574659,PBPF,soup_scene1,70,old
762,15.80284833908081,0.07808477055836706,PBPF,soup_scene1,70,old
763,15.81122088432312,0.07815043489243424,PBPF,soup_scene1,70,old
764,15.823620080947876,0.07837744972252236,PBPF,soup_scene1,70,old
765,15.83995270729065,0.07854056089149065,PBPF,soup_scene1,70,old
766,15.855778455734253,0.07866204477879142,PBPF,soup_scene1,70,old
767,15.872110605239868,0.078961531091466,PBPF,soup_scene1,70,old
768,15.881504774093628,0.0790509948723998,PBPF,soup_scene1,70,old
769,15.90897822380066,0.07930949181412637,PBPF,soup_scene1,70,old
770,15.9323148727417,0.0793258235524945,PBPF,soup_scene1,70,old
771,15.959362506866455,0.07974811518509649,PBPF,soup_scene1,70,old
772,15.982282638549805,0.08016312681963737,PBPF,soup_scene1,70,old
773,16.003716945648193,0.08033383337283,PBPF,soup_scene1,70,old
774,16.01026463508606,0.08033383337283,PBPF,soup_scene1,70,old
775,16.030540466308594,0.0806016271309619,PBPF,soup_scene1,70,old
776,16.051735639572144,0.08084091419432168,PBPF,soup_scene1,70,old
777,16.081835508346558,0.08144741689634262,PBPF,soup_scene1,70,old
778,16.1163969039917,0.08185635443248608,PBPF,soup_scene1,70,old
779,16.16789937019348,0.07206443491970838,PBPF,soup_scene1,70,old
780,16.1853506565094,0.07210751936310765,PBPF,soup_scene1,70,old
781,16.205167770385742,0.07229990212163286,PBPF,soup_scene1,70,old
782,16.237513780593872,0.07274064149066584,PBPF,soup_scene1,70,old
783,16.27932095527649,0.07310432919622717,PBPF,soup_scene1,70,old
784,16.314157962799072,0.07348541331816451,PBPF,soup_scene1,70,old
785,16.345691919326782,0.07360808060440867,PBPF,soup_scene1,70,old
786,16.386017560958862,0.07394200660147955,PBPF,soup_scene1,70,old
787,16.409547805786133,0.07395401085847081,PBPF,soup_scene1,70,old
788,16.435598373413086,0.0745222767633496,PBPF,soup_scene1,70,old
789,16.49361276626587,0.0756202567720772,PBPF,soup_scene1,70,old
790,16.510019302368164,0.0756202567720772,PBPF,soup_scene1,70,old
791,16.532576084136963,0.07595950127620503,PBPF,soup_scene1,70,old
792,16.544856786727905,0.07630550887054278,PBPF,soup_scene1,70,old
793,16.576154232025146,0.07645545588475154,PBPF,soup_scene1,70,old
794,16.612683296203613,0.07684879631538938,PBPF,soup_scene1,70,old
795,16.656934022903442,0.07711459052060778,PBPF,soup_scene1,70,old
796,16.699880838394165,0.07795287044625467,PBPF,soup_scene1,70,old
797,16.724207162857056,0.07886882532545983,PBPF,soup_scene1,70,old
798,16.73992133140564,0.07901373939021428,PBPF,soup_scene1,70,old
799,16.749072790145874,0.07962237759492698,PBPF,soup_scene1,70,old
800,16.759705305099487,0.07972472628431992,PBPF,soup_scene1,70,old
801,16.767898321151733,0.07955077408234705,PBPF,soup_scene1,70,old
802,16.783446550369263,0.07949346771062345,PBPF,soup_scene1,70,old
803,16.816373825073242,0.07990411692930276,PBPF,soup_scene1,70,old
804,16.875882387161255,0.08050621546382072,PBPF,soup_scene1,70,old
805,16.882685899734497,0.08102571508231692,PBPF,soup_scene1,70,old
806,16.925432205200195,0.0818326633425321,PBPF,soup_scene1,70,old
807,16.9763765335083,0.0818326633425321,PBPF,soup_scene1,70,old
808,16.995957851409912,0.08322454621220096,PBPF,soup_scene1,70,old
809,17.002720832824707,0.08338004605700898,PBPF,soup_scene1,70,old
810,17.008949279785156,0.08348911157142833,PBPF,soup_scene1,70,old
811,17.019834995269775,0.0836231854158763,PBPF,soup_scene1,70,old
812,17.03680920600891,0.08384350008473017,PBPF,soup_scene1,70,old
813,17.04991054534912,0.08419646930191613,PBPF,soup_scene1,70,old
814,17.0578556060791,0.08419827308716513,PBPF,soup_scene1,70,old
815,17.066282987594604,0.08434224527581607,PBPF,soup_scene1,70,old
816,17.07401943206787,0.0844677597163162,PBPF,soup_scene1,70,old
817,17.08144497871399,0.08454973504685892,PBPF,soup_scene1,70,old
818,17.08850359916687,0.08476010401981199,PBPF,soup_scene1,70,old
819,17.09499955177307,0.08477018310113181,PBPF,soup_scene1,70,old
820,17.10091996192932,0.08477018310113181,PBPF,soup_scene1,70,old
821,17.106687784194946,0.08477018310113181,PBPF,soup_scene1,70,old
822,17.114169597625732,0.07417150382014384,PBPF,soup_scene1,70,old
823,17.120282411575317,0.07426971315423475,PBPF,soup_scene1,70,old
824,17.126776933670044,0.07426971315423475,PBPF,soup_scene1,70,old
825,17.13298463821411,0.07437578344097168,PBPF,soup_scene1,70,old
826,17.139441967010498,0.07439798375848218,PBPF,soup_scene1,70,old
827,17.145784378051758,0.07439798375848218,PBPF,soup_scene1,70,old
828,17.15217685699463,0.07434530978729371,PBPF,soup_scene1,70,old
829,17.159204959869385,0.07447097804383837,PBPF,soup_scene1,70,old
830,17.165863275527954,0.07447097804383837,PBPF,soup_scene1,70,old
831,17.1725492477417,0.07501437619812665,PBPF,soup_scene1,70,old
832,17.179197072982788,0.07452962176812836,PBPF,soup_scene1,70,old
833,17.185953378677368,0.07463878182505553,PBPF,soup_scene1,70,old
834,17.194079160690308,0.07463886722644764,PBPF,soup_scene1,70,old
835,17.20211625099182,0.07473651543590148,PBPF,soup_scene1,70,old
836,17.210138082504272,0.0748846660089552,PBPF,soup_scene1,70,old
837,17.217023849487305,0.0748846660089552,PBPF,soup_scene1,70,old
838,17.225433349609375,0.07492258015088922,PBPF,soup_scene1,70,old
839,17.23360276222229,0.07495991048003196,PBPF,soup_scene1,70,old
840,17.24184513092041,0.07528709776156164,PBPF,soup_scene1,70,old
841,17.249998807907104,0.07549732694716008,PBPF,soup_scene1,70,old
842,17.2576584815979,0.075490913005951,PBPF,soup_scene1,70,old
843,17.26556921005249,0.07560076026676031,PBPF,soup_scene1,70,old
844,17.273749113082886,0.07601264707380818,PBPF,soup_scene1,70,old
845,17.2811496257782,0.07614839326413277,PBPF,soup_scene1,70,old
846,17.289135217666626,0.07627081817598522,PBPF,soup_scene1,70,old
847,17.29667067527771,0.07635691922264676,PBPF,soup_scene1,70,old
848,17.304807424545288,0.07654144060425977,PBPF,soup_scene1,70,old
849,17.313352346420288,0.07669320585645331,PBPF,soup_scene1,70,old
850,17.321760654449463,0.07702456611445017,PBPF,soup_scene1,70,old
851,17.330225467681885,0.07706281033194319,PBPF,soup_scene1,70,old
852,17.339102268218994,0.07703674038289013,PBPF,soup_scene1,70,old
853,17.346988677978516,0.0721089662220516,PBPF,soup_scene1,70,old
854,17.354268312454224,0.07218571288362648,PBPF,soup_scene1,70,old
855,17.361249685287476,0.07230632835680627,PBPF,soup_scene1,70,old
856,17.3685884475708,0.07226956148921691,PBPF,soup_scene1,70,old
857,17.37548804283142,0.07226687328912579,PBPF,soup_scene1,70,old
858,17.382713794708252,0.07226157460155094,PBPF,soup_scene1,70,old
859,17.390100479125977,0.07233788327249105,PBPF,soup_scene1,70,old
860,17.398335456848145,0.07229526402527879,PBPF,soup_scene1,70,old
861,17.40703821182251,0.07241523065635115,PBPF,soup_scene1,70,old
862,17.418068408966064,0.07254599236467996,PBPF,soup_scene1,70,old
863,17.429165363311768,0.07248287666770059,PBPF,soup_scene1,70,old
864,17.438000917434692,0.07259705098542657,PBPF,soup_scene1,70,old
865,17.445576429367065,0.07260942945307358,PBPF,soup_scene1,70,old
866,17.452061891555786,0.07265116223253447,PBPF,soup_scene1,70,old
867,17.456963300704956,0.07265116223253447,PBPF,soup_scene1,70,old
868,17.46183156967163,0.07268021697392058,PBPF,soup_scene1,70,old
869,17.46650505065918,0.07268021697392058,PBPF,soup_scene1,70,old
870,17.472373485565186,0.07287501364832114,PBPF,soup_scene1,70,old
871,17.4778790473938,0.07278643567028567,PBPF,soup_scene1,70,old
872,17.48339033126831,0.07285187183202821,PBPF,soup_scene1,70,old
873,17.488622426986694,0.07285187183202821,PBPF,soup_scene1,70,old
874,17.49366307258606,0.07295463027022807,PBPF,soup_scene1,70,old
875,17.4983127117157,0.07295463027022807,PBPF,soup_scene1,70,old
876,17.503193378448486,0.07295463027022807,PBPF,soup_scene1,70,old
877,17.508779764175415,0.07230264226585974,PBPF,soup_scene1,70,old
878,17.514092922210693,0.07228692662007938,PBPF,soup_scene1,70,old
879,17.518876791000366,0.07220769971436504,PBPF,soup_scene1,70,old
880,17.523743391036987,0.07220769971436504,PBPF,soup_scene1,70,old
881,17.528183937072754,0.07220769971436504,PBPF,soup_scene1,70,old
882,17.533065795898438,0.07237509592536014,PBPF,soup_scene1,70,old
883,17.537775993347168,0.07237509592536014,PBPF,soup_scene1,70,old
884,17.542834997177124,0.07240611682136251,PBPF,soup_scene1,70,old
885,17.54750370979309,0.07240611682136251,PBPF,soup_scene1,70,old
886,17.552236557006836,0.07240611682136251,PBPF,soup_scene1,70,old
887,17.55699849128723,0.07242829074392788,PBPF,soup_scene1,70,old
888,17.561877250671387,0.07246313875061457,PBPF,soup_scene1,70,old
889,17.566389799118042,0.07245729076535384,PBPF,soup_scene1,70,old
890,17.57095980644226,0.07245729076535384,PBPF,soup_scene1,70,old
891,17.575742721557617,0.07238092197131481,PBPF,soup_scene1,70,old
892,17.580033540725708,0.07238092197131481,PBPF,soup_scene1,70,old
893,17.58472752571106,0.07236518836323652,PBPF,soup_scene1,70,old
894,17.589436292648315,0.07240035284461749,PBPF,soup_scene1,70,old
895,17.594112873077393,0.07240035284461749,PBPF,soup_scene1,70,old
896,17.598620414733887,0.07241351995403399,PBPF,soup_scene1,70,old
897,17.60339069366455,0.07243356652323568,PBPF,soup_scene1,70,old
898,17.608027696609497,0.07250733909313452,PBPF,soup_scene1,70,old
899,17.61256742477417,0.07250733909313452,PBPF,soup_scene1,70,old
900,17.6171977519989,0.0724571938026874,PBPF,soup_scene1,70,old
901,17.621649980545044,0.0724571938026874,PBPF,soup_scene1,70,old
902,17.626673460006714,0.07254224757226535,PBPF,soup_scene1,70,old
903,17.631629705429077,0.0726170423716597,PBPF,soup_scene1,70,old
904,17.636389017105103,0.07265075495060562,PBPF,soup_scene1,70,old
905,17.64133882522583,0.07274542958370218,PBPF,soup_scene1,70,old
906,17.646337747573853,0.07262410715119393,PBPF,soup_scene1,70,old
907,17.65139079093933,0.07426365564097591,PBPF,soup_scene1,70,old
908,17.65623664855957,0.07434656052881988,PBPF,soup_scene1,70,old
909,17.662153482437134,0.07439500548754047,PBPF,soup_scene1,70,old
910,17.66668725013733,0.07440144009222574,PBPF,soup_scene1,70,old
911,17.670942783355713,0.07441738812135289,PBPF,soup_scene1,70,old
912,17.675457239151,0.07442760961820076,PBPF,soup_scene1,70,old
913,17.680366277694702,0.07442760961820076,PBPF,soup_scene1,70,old
914,17.684985876083374,0.07444775342850192,PBPF,soup_scene1,70,old
915,17.690845251083374,0.07444775342850192,PBPF,soup_scene1,70,old
916,17.69586443901062,0.07446142242041501,PBPF,soup_scene1,70,old
917,17.700916528701782,0.07446463561951219,PBPF,soup_scene1,70,old
918,17.706427574157715,0.0743452580811045,PBPF,soup_scene1,70,old
919,17.713960886001587,0.07445609011639905,PBPF,soup_scene1,70,old
920,17.72109317779541,0.074526586153268,PBPF,soup_scene1,70,old
921,17.72899603843689,0.07453658152201673,PBPF,soup_scene1,70,old
922,17.736112594604492,0.07461846358455022,PBPF,soup_scene1,70,old
923,17.742981672286987,0.07466814068865946,PBPF,soup_scene1,70,old
924,17.749663829803467,0.07466814068865946,PBPF,soup_scene1,70,old
925,17.75661325454712,0.07470613342372445,PBPF,soup_scene1,70,old
926,17.763303518295288,0.07474869449798541,PBPF,soup_scene1,70,old
927,17.769401788711548,0.07460847152050774,PBPF,soup_scene1,70,old
928,17.776203393936157,0.07462048624264632,PBPF,soup_scene1,70,old
929,17.782902240753174,0.07467410193334537,PBPF,soup_scene1,70,old
930,17.789536952972412,0.07467551841822202,PBPF,soup_scene1,70,old
931,17.796255826950073,0.0748866065646297,PBPF,soup_scene1,70,old
932,17.802700996398926,0.07496514852677018,PBPF,soup_scene1,70,old
933,17.808820724487305,0.07496514852677018,PBPF,soup_scene1,70,old
934,17.81574273109436,0.07489070438023418,PBPF,soup_scene1,70,old
935,17.822983741760254,0.07500959866503303,PBPF,soup_scene1,70,old
936,17.830180168151855,0.07518918978818522,PBPF,soup_scene1,70,old
937,17.836710453033447,0.07511716209017624,PBPF,soup_scene1,70,old
938,17.84342050552368,0.07534458646428381,PBPF,soup_scene1,70,old
939,17.849957704544067,0.07529860825368635,PBPF,soup_scene1,70,old
940,17.856634378433228,0.07529860825368635,PBPF,soup_scene1,70,old
941,17.864038228988647,0.07557943204827978,PBPF,soup_scene1,70,old
942,17.871350526809692,0.07556917650145036,PBPF,soup_scene1,70,old
943,17.878289222717285,0.07523857411569805,PBPF,soup_scene1,70,old
944,17.88493299484253,0.07539002851668096,PBPF,soup_scene1,70,old
945,17.891772508621216,0.07529783984266968,PBPF,soup_scene1,70,old
946,17.899200201034546,0.07541022749412316,PBPF,soup_scene1,70,old
947,17.906357765197754,0.07539203189183162,PBPF,soup_scene1,70,old
948,17.913498401641846,0.07547133027258511,PBPF,soup_scene1,70,old
949,17.919724941253662,0.07547133027258511,PBPF,soup_scene1,70,old
950,17.931952476501465,0.0756082717766834,PBPF,soup_scene1,70,old
951,17.93979001045227,0.0756386740114658,PBPF,soup_scene1,70,old
952,17.94694995880127,0.07565779896340076,PBPF,soup_scene1,70,old
953,17.95668077468872,0.07566111628538395,PBPF,soup_scene1,70,old
954,17.96649193763733,0.07565919621826711,PBPF,soup_scene1,70,old
955,18.01142168045044,0.07573300174376926,PBPF,soup_scene1,70,old
956,18.07338309288025,0.07590035257701577,PBPF,soup_scene1,70,old
957,18.108115196228027,0.0760994822544472,PBPF,soup_scene1,70,old
958,18.123879432678223,0.0760994822544472,PBPF,soup_scene1,70,old
959,18.130393266677856,0.0760994822544472,PBPF,soup_scene1,70,old
960,18.179975986480713,0.07619695659865675,PBPF,soup_scene1,70,old
961,18.204076766967773,0.07619695659865675,PBPF,soup_scene1,70,old
962,18.22006320953369,0.07619695659865675,PBPF,soup_scene1,70,old
963,18.243925094604492,0.07619695659865675,PBPF,soup_scene1,70,old
964,18.27185344696045,0.07620445880848627,PBPF,soup_scene1,70,old
965,18.295881986618042,0.07620445880848627,PBPF,soup_scene1,70,old
966,18.31188988685608,0.07620445880848627,PBPF,soup_scene1,70,old
967,18.344119548797607,0.07620445880848627,PBPF,soup_scene1,70,old
968,18.355855703353882,0.07620445880848627,PBPF,soup_scene1,70,old
969,18.380046129226685,0.07620445880848627,PBPF,soup_scene1,70,old
970,18.411858797073364,0.07622079577907774,PBPF,soup_scene1,70,old
971,18.432082653045654,0.07622079577907774,PBPF,soup_scene1,70,old
972,18.443859338760376,0.07622079577907774,PBPF,soup_scene1,70,old
973,18.475767374038696,0.07622079577907774,PBPF,soup_scene1,70,old
974,18.490840673446655,0.07622079577907774,PBPF,soup_scene1,70,old
975,18.503945350646973,0.07622079577907774,PBPF,soup_scene1,70,old
976,18.5255389213562,0.07620391043167876,PBPF,soup_scene1,70,old
977,18.53516912460327,0.07620391043167876,PBPF,soup_scene1,70,old
978,18.57608914375305,0.07620391043167876,PBPF,soup_scene1,70,old
979,18.584170818328857,0.07622034500619576,PBPF,soup_scene1,70,old
980,18.59472417831421,0.07622034500619576,PBPF,soup_scene1,70,old
981,18.60843062400818,0.07622034500619576,PBPF,soup_scene1,70,old
982,18.632439851760864,0.07622034500619576,PBPF,soup_scene1,70,old
983,18.650959491729736,0.07622998317604378,PBPF,soup_scene1,70,old
984,18.69421410560608,0.07622998317604378,PBPF,soup_scene1,70,old
985,18.755834341049194,0.0760873729771119,PBPF,soup_scene1,70,old
986,18.84841823577881,0.0760337338599912,PBPF,soup_scene1,70,old
987,18.856156826019287,0.07608200841289321,PBPF,soup_scene1,70,old
988,18.886781454086304,0.07603383440461847,PBPF,soup_scene1,70,old
989,18.904085874557495,0.07604156188387882,PBPF,soup_scene1,70,old
990,19.000633716583252,0.07609276334114293,PBPF,soup_scene1,70,old
991,19.021241664886475,0.07606753353958612,PBPF,soup_scene1,70,old
992,19.053539276123047,0.07618131371911076,PBPF,soup_scene1,70,old
993,19.075997591018677,0.07618131371911076,PBPF,soup_scene1,70,old
994,19.094569444656372,0.07606391947980577,PBPF,soup_scene1,70,old
995,19.11839747428894,0.07605667398507927,PBPF,soup_scene1,70,old
996,19.15331745147705,0.0761741732428827,PBPF,soup_scene1,70,old
997,19.209296226501465,0.07605647605165854,PBPF,soup_scene1,70,old
998,19.236201763153076,0.07606936004729438,PBPF,soup_scene1,70,old
999,19.268065929412842,0.07619314185010716,PBPF,soup_scene1,70,old
1000,19.310487270355225,0.07605501090685367,PBPF,soup_scene1,70,old
1001,19.399993419647217,0.07605333026118499,PBPF,soup_scene1,70,old
1002,19.429237842559814,0.07619140142020958,PBPF,soup_scene1,70,old
1003,19.458290815353394,0.07618581006077683,PBPF,soup_scene1,70,old
1004,19.48814630508423,0.07620189425943139,PBPF,soup_scene1,70,old
1005,19.49988293647766,0.07606635521432939,PBPF,soup_scene1,70,old
1006,19.54372549057007,0.07618899042686932,PBPF,soup_scene1,70,old
1007,19.5847384929657,0.07616871622446073,PBPF,soup_scene1,70,old
1008,19.599990129470825,0.07605466089836105,PBPF,soup_scene1,70,old
1009,19.61210536956787,0.07605466089836105,PBPF,soup_scene1,70,old
1010,19.631022453308105,0.07604960949982408,PBPF,soup_scene1,70,old
1011,19.637572050094604,0.076051667433724,PBPF,soup_scene1,70,old
1012,19.657866716384888,0.07605270559289933,PBPF,soup_scene1,70,old
1013,19.668254137039185,0.07605270559289933,PBPF,soup_scene1,70,old
1014,19.724222660064697,0.07616375366644519,PBPF,soup_scene1,70,old
1015,19.755982160568237,0.07618768988495658,PBPF,soup_scene1,70,old
1016,19.767945528030396,0.07618768988495658,PBPF,soup_scene1,70,old
1017,19.774704694747925,0.07618768988495658,PBPF,soup_scene1,70,old
1018,19.78823232650757,0.07605554858409437,PBPF,soup_scene1,70,old
1019,19.81021785736084,0.07605462287478212,PBPF,soup_scene1,70,old
1020,19.836049795150757,0.07605462287478212,PBPF,soup_scene1,70,old
1021,19.84248971939087,0.07605064668005246,PBPF,soup_scene1,70,old
1022,19.863909482955933,0.07618668495723833,PBPF,soup_scene1,70,old
1023,19.90021824836731,0.07617147223844516,PBPF,soup_scene1,70,old
1024,19.9067542552948,0.07607825300210262,PBPF,soup_scene1,70,old
1025,19.917741537094116,0.07618746527026307,PBPF,soup_scene1,70,old
1026,19.92589259147644,0.07618746527026307,PBPF,soup_scene1,70,old
1027,19.943976402282715,0.07618460865749489,PBPF,soup_scene1,70,old
1028,19.950345516204834,0.07618460865749489,PBPF,soup_scene1,70,old
1029,19.96393632888794,0.07618460865749489,PBPF,soup_scene1,70,old
1030,19.970155954360962,0.07618460865749489,PBPF,soup_scene1,70,old
1031,19.98110032081604,0.07618460865749489,PBPF,soup_scene1,70,old
1032,19.99201464653015,0.07618460865749489,PBPF,soup_scene1,70,old
1033,20.009258270263672,0.07618413381545157,PBPF,soup_scene1,70,old
1034,20.032503366470337,0.07560569003520151,PBPF,soup_scene1,70,old
1035,20.03973078727722,0.07560569003520151,PBPF,soup_scene1,70,old
1036,20.047921180725098,0.07560569003520151,PBPF,soup_scene1,70,old
1037,20.058979511260986,0.07560569003520151,PBPF,soup_scene1,70,old
1038,20.064943075180054,0.07560569003520151,PBPF,soup_scene1,70,old
1039,20.070805072784424,0.07560569003520151,PBPF,soup_scene1,70,old
1040,20.076709747314453,0.07560569003520151,PBPF,soup_scene1,70,old
1041,20.08787751197815,0.07560569003520151,PBPF,soup_scene1,70,old
1042,20.093929767608643,0.07560569003520151,PBPF,soup_scene1,70,old
1043,20.099806785583496,0.07560569003520151,PBPF,soup_scene1,70,old
1044,20.110280990600586,0.07560569003520151,PBPF,soup_scene1,70,old
1045,20.11624312400818,0.07560569003520151,PBPF,soup_scene1,70,old
1046,20.128046989440918,0.07560569003520151,PBPF,soup_scene1,70,old
1047,20.134543418884277,0.07560569003520151,PBPF,soup_scene1,70,old
1048,20.14046573638916,0.07560569003520151,PBPF,soup_scene1,70,old
1049,20.160808086395264,0.07560569003520151,PBPF,soup_scene1,70,old
1050,20.17203950881958,0.07560569003520151,PBPF,soup_scene1,70,old
1051,20.178572416305542,0.07560569003520151,PBPF,soup_scene1,70,old
1052,20.188749074935913,0.07560569003520151,PBPF,soup_scene1,70,old
1053,20.195160627365112,0.07560569003520151,PBPF,soup_scene1,70,old
1054,20.20120096206665,0.07560569003520151,PBPF,soup_scene1,70,old
1055,20.207056760787964,0.07560569003520151,PBPF,soup_scene1,70,old
1056,20.21746063232422,0.07560569003520151,PBPF,soup_scene1,70,old
1057,20.227892637252808,0.07560569003520151,PBPF,soup_scene1,70,old
1058,20.234483003616333,0.07560569003520151,PBPF,soup_scene1,70,old
1059,20.240352869033813,0.07560569003520151,PBPF,soup_scene1,70,old
1060,20.250898122787476,0.07560569003520151,PBPF,soup_scene1,70,old
1061,20.256872177124023,0.07560569003520151,PBPF,soup_scene1,70,old
1062,20.26273822784424,0.07560569003520151,PBPF,soup_scene1,70,old
1063,20.26858377456665,0.07560569003520151,PBPF,soup_scene1,70,old
1064,20.27906894683838,0.07560569003520151,PBPF,soup_scene1,70,old
1065,20.28517746925354,0.07560569003520151,PBPF,soup_scene1,70,old
1066,20.29098081588745,0.07560569003520151,PBPF,soup_scene1,70,old
1067,20.30121946334839,0.07560569003520151,PBPF,soup_scene1,70,old
1068,20.30749273300171,0.07560569003520151,PBPF,soup_scene1,70,old
1069,20.31593680381775,0.07560569003520151,PBPF,soup_scene1,70,old
1070,20.32219958305359,0.07560569003520151,PBPF,soup_scene1,70,old
1071,20.32814359664917,0.07560569003520151,PBPF,soup_scene1,70,old
1072,20.346546173095703,0.07560569003520151,PBPF,soup_scene1,70,old
1073,20.361292362213135,0.07560569003520151,PBPF,soup_scene1,70,old
1074,20.367547273635864,0.07560569003520151,PBPF,soup_scene1,70,old
1075,20.404667854309082,0.07560569003520151,PBPF,soup_scene1,70,old
1076,20.410906076431274,0.07560569003520151,PBPF,soup_scene1,70,old
1077,20.416973114013672,0.07560569003520151,PBPF,soup_scene1,70,old
1078,20.42867636680603,0.07560569003520151,PBPF,soup_scene1,70,old
1079,20.435310125350952,0.07560569003520151,PBPF,soup_scene1,70,old
1080,20.441906690597534,0.07560569003520151,PBPF,soup_scene1,70,old
1081,20.44802951812744,0.07560569003520151,PBPF,soup_scene1,70,old
1082,20.46401357650757,0.07560569003520151,PBPF,soup_scene1,70,old
1083,20.470813989639282,0.07560569003520151,PBPF,soup_scene1,70,old
1084,20.476671934127808,0.07560569003520151,PBPF,soup_scene1,70,old
1085,20.48706555366516,0.07560569003520151,PBPF,soup_scene1,70,old
1086,20.493075847625732,0.07560569003520151,PBPF,soup_scene1,70,old
1087,20.499011278152466,0.07560569003520151,PBPF,soup_scene1,70,old
1088,20.507824182510376,0.07560569003520151,PBPF,soup_scene1,70,old
1089,20.518880367279053,0.07560569003520151,PBPF,soup_scene1,70,old
1090,20.52479887008667,0.07560569003520151,PBPF,soup_scene1,70,old
1091,20.530681133270264,0.07560569003520151,PBPF,soup_scene1,70,old
1092,20.5366473197937,0.07560569003520151,PBPF,soup_scene1,70,old
1093,20.54253053665161,0.07560569003520151,PBPF,soup_scene1,70,old
1094,20.54860496520996,0.07560569003520151,PBPF,soup_scene1,70,old
1095,20.55454397201538,0.07560569003520151,PBPF,soup_scene1,70,old
1096,20.565075635910034,0.07560569003520151,PBPF,soup_scene1,70,old
1097,20.570927381515503,0.07560569003520151,PBPF,soup_scene1,70,old
1098,20.57729721069336,0.07560569003520151,PBPF,soup_scene1,70,old
1099,20.583229064941406,0.07560569003520151,PBPF,soup_scene1,70,old
1100,20.589141607284546,0.07560569003520151,PBPF,soup_scene1,70,old
1101,20.594958066940308,0.07560569003520151,PBPF,soup_scene1,70,old
1102,20.605168104171753,0.07560569003520151,PBPF,soup_scene1,70,old
1103,20.611257314682007,0.07560569003520151,PBPF,soup_scene1,70,old
1104,20.61713171005249,0.07560569003520151,PBPF,soup_scene1,70,old
1105,20.623010396957397,0.07560569003520151,PBPF,soup_scene1,70,old
1106,20.62896156311035,0.07560569003520151,PBPF,soup_scene1,70,old
1107,20.63947367668152,0.07560569003520151,PBPF,soup_scene1,70,old
1108,20.645458459854126,0.07560569003520151,PBPF,soup_scene1,70,old
1109,20.651262998580933,0.07560569003520151,PBPF,soup_scene1,70,old
1110,20.657156944274902,0.07560569003520151,PBPF,soup_scene1,70,old
1111,20.663023233413696,0.07560569003520151,PBPF,soup_scene1,70,old
1112,20.673560619354248,0.07560569003520151,PBPF,soup_scene1,70,old
1113,20.679410457611084,0.07560569003520151,PBPF,soup_scene1,70,old
1114,20.685404539108276,0.07560569003520151,PBPF,soup_scene1,70,old
1115,20.69200038909912,0.07560569003520151,PBPF,soup_scene1,70,old
1116,20.697880029678345,0.07560569003520151,PBPF,soup_scene1,70,old
1117,20.703704595565796,0.07560569003520151,PBPF,soup_scene1,70,old
1118,20.709556579589844,0.07560569003520151,PBPF,soup_scene1,70,old
1119,20.715476274490356,0.07560569003520151,PBPF,soup_scene1,70,old
1120,20.721585512161255,0.07560569003520151,PBPF,soup_scene1,70,old
1121,20.73569679260254,0.07560569003520151,PBPF,soup_scene1,70,old
1122,20.742080211639404,0.07560569003520151,PBPF,soup_scene1,70,old
1123,20.747925758361816,0.07560569003520151,PBPF,soup_scene1,70,old
1124,20.753774166107178,0.07560569003520151,PBPF,soup_scene1,70,old
1125,20.75960063934326,0.07560569003520151,PBPF,soup_scene1,70,old
1126,20.76551914215088,0.07560569003520151,PBPF,soup_scene1,70,old
1127,20.771244764328003,0.07560569003520151,PBPF,soup_scene1,70,old
1128,20.777125120162964,0.07560569003520151,PBPF,soup_scene1,70,old
1129,20.79171347618103,0.07560569003520151,PBPF,soup_scene1,70,old
1130,20.798255681991577,0.07560569003520151,PBPF,soup_scene1,70,old
1131,20.82403326034546,0.07560569003520151,PBPF,soup_scene1,70,old
1132,20.830496072769165,0.07560569003520151,PBPF,soup_scene1,70,old
1133,20.83639144897461,0.07560569003520151,PBPF,soup_scene1,70,old
1134,20.842194318771362,0.07560569003520151,PBPF,soup_scene1,70,old
1135,20.848108291625977,0.07560569003520151,PBPF,soup_scene1,70,old
1136,20.853928565979004,0.07560569003520151,PBPF,soup_scene1,70,old
1137,20.8597195148468,0.07560569003520151,PBPF,soup_scene1,70,old
1138,20.870218515396118,0.07560569003520151,PBPF,soup_scene1,70,old
1139,20.880422115325928,0.07560569003520151,PBPF,soup_scene1,70,old
1140,20.899336576461792,0.07560569003520151,PBPF,soup_scene1,70,old
1141,20.914942741394043,0.07560569003520151,PBPF,soup_scene1,70,old
1142,20.9317889213562,0.07560569003520151,PBPF,soup_scene1,70,old
