1,0.020067214965820312,0.023811143562624593,PBPF
3,0.13173699378967285,0.023811143562624593,PBPF
5,0.1972663402557373,0.023811143562624593,PBPF
7,0.23238658905029297,0.023811143562624593,PBPF
9,0.2667849063873291,0.023811143562624593,PBPF
11,0.32340002059936523,0.023811143562624593,PBPF
13,0.3993403911590576,0.023811143562624593,PBPF
15,0.486954927444458,0.023811143562624593,PBPF
17,0.5289185047149658,0.023811143562624593,PBPF
19,0.5718917846679688,0.023811143562624593,PBPF
21,0.616858720779419,0.023811143562624593,PBPF
23,0.649273157119751,0.023811143562624593,PBPF
25,0.680706262588501,0.023811143562624593,PBPF
27,0.7127649784088135,0.023811143562624593,PBPF
29,0.7457127571105957,0.023811143562624593,PBPF
31,0.7824876308441162,0.023811143562624593,PBPF
33,0.8320236206054688,0.023811143562624593,PBPF
35,0.8617620468139648,0.023811143562624593,PBPF
37,0.8937723636627197,0.023811143562624593,PBPF
39,0.9355199337005615,0.023811143562624593,PBPF
41,0.985936164855957,0.023811143562624593,PBPF
43,1.0253016948699951,0.023811143562624593,PBPF
45,1.0864863395690918,0.023811143562624593,PBPF
47,1.1213417053222656,0.023811143562624593,PBPF
49,1.159614086151123,0.023811143562624593,PBPF
51,1.195478916168213,0.023811143562624593,PBPF
53,1.2390804290771484,0.023811143562624593,PBPF
55,1.308286428451538,0.023811143562624593,PBPF
57,1.3879327774047852,0.023811143562624593,PBPF
59,1.4720001220703125,0.023811143562624593,PBPF
61,1.551128625869751,0.023811143562624593,PBPF
63,1.6287117004394531,0.023811143562624593,PBPF
65,1.692767858505249,0.023811143562624593,PBPF
67,1.7712664604187012,0.023811143562624593,PBPF
69,1.84427809715271,0.023811143562624593,PBPF
71,1.9510245323181152,0.023811143562624593,PBPF
73,2.018862247467041,0.023811143562624593,PBPF
75,2.083923101425171,0.023811143562624593,PBPF
77,2.112842082977295,0.023811143562624593,PBPF
79,2.1429708003997803,0.023811143562624593,PBPF
81,2.2179672718048096,0.023811143562624593,PBPF
83,2.264690399169922,0.023811143562624593,PBPF
85,2.2983431816101074,0.023811143562624593,PBPF
87,2.340883731842041,0.023811143562624593,PBPF
89,2.385402202606201,0.023811143562624593,PBPF
91,2.4246857166290283,0.023811143562624593,PBPF
93,2.460993766784668,0.023811143562624593,PBPF
95,2.498915672302246,0.023811143562624593,PBPF
97,2.5939602851867676,0.023811143562624593,PBPF
99,2.6448330879211426,0.023811143562624593,PBPF
101,2.733386278152466,0.023811143562624593,PBPF
103,2.78446888923645,0.023811143562624593,PBPF
105,2.8221192359924316,0.023811143562624593,PBPF
107,2.8574414253234863,0.023811143562624593,PBPF
109,2.9143145084381104,0.023811143562624593,PBPF
111,2.9639737606048584,0.023811143562624593,PBPF
113,3.0284695625305176,0.023811143562624593,PBPF
115,3.1076982021331787,0.023811143562624593,PBPF
117,3.155219793319702,0.023811143562624593,PBPF
119,3.2023913860321045,0.023811143562624593,PBPF
121,3.2614505290985107,0.023811143562624593,PBPF
123,3.3044490814208984,0.023811143562624593,PBPF
125,3.34564471244812,0.023811143562624593,PBPF
127,3.398686170578003,0.023811143562624593,PBPF
129,3.442533016204834,0.023811143562624593,PBPF
131,3.495237350463867,0.023811143562624593,PBPF
133,3.5384435653686523,0.023811143562624593,PBPF
135,3.58412504196167,0.023811143562624593,PBPF
137,3.6574530601501465,0.023811143562624593,PBPF
139,3.730193853378296,0.023811143562624593,PBPF
141,3.758784294128418,0.023811143562624593,PBPF
143,3.793459892272949,0.023811143562624593,PBPF
145,3.864574909210205,0.023811143562624593,PBPF
147,3.9214484691619873,0.023811143562624593,PBPF
149,3.9571077823638916,0.023811143562624593,PBPF
151,4.006832599639893,0.023811143562624593,PBPF
153,4.072338104248047,0.023811143562624593,PBPF
155,4.113748073577881,0.023811143562624593,PBPF
157,4.1446449756622314,0.023811143562624593,PBPF
159,4.181290626525879,0.023811143562624593,PBPF
161,4.211660146713257,0.023811143562624593,PBPF
163,4.269455432891846,0.023811143562624593,PBPF
165,4.3363425731658936,0.023811143562624593,PBPF
167,4.383925914764404,0.023811143562624593,PBPF
169,4.442736387252808,0.023811143562624593,PBPF
171,4.515155076980591,0.023811143562624593,PBPF
173,4.549386262893677,0.023811143562624593,PBPF
175,4.585301399230957,0.023811143562624593,PBPF
177,4.647254705429077,0.023811143562624593,PBPF
179,4.710481882095337,0.023811143562624593,PBPF
181,4.7473838329315186,0.023811143562624593,PBPF
183,4.776384353637695,0.023811143562624593,PBPF
185,4.874793767929077,0.023811143562624593,PBPF
187,4.907779693603516,0.023811143562624593,PBPF
189,4.9388532638549805,0.023811143562624593,PBPF
191,5.002676486968994,0.023811143562624593,PBPF
193,5.082994222640991,0.023811143562624593,PBPF
195,5.116692304611206,0.023811143562624593,PBPF
197,5.187832355499268,0.023811143562624593,PBPF
199,5.250791311264038,0.023811143562624593,PBPF
201,5.283111333847046,0.023811143562624593,PBPF
203,5.384805679321289,0.023811143562624593,PBPF
205,5.458817005157471,0.023811143562624593,PBPF
207,5.482465982437134,0.023811143562624593,PBPF
209,5.515131950378418,0.023811143562624593,PBPF
211,5.578012704849243,0.023811143562624593,PBPF
213,5.6413490772247314,0.023811143562624593,PBPF
215,5.687009811401367,0.023811143562624593,PBPF
217,5.766512870788574,0.023811143562624593,PBPF
219,5.832375764846802,0.023811143562624593,PBPF
221,5.880246162414551,0.023811143562624593,PBPF
223,5.927060842514038,0.023811143562624593,PBPF
225,6.002407073974609,0.023811143562624593,PBPF
227,6.075567245483398,0.023811143562624593,PBPF
229,6.145282983779907,0.023811143562624593,PBPF
231,6.177743911743164,0.023811143562624593,PBPF
233,6.225665092468262,0.023811143562624593,PBPF
235,6.283268451690674,0.023811143562624593,PBPF
237,6.330050706863403,0.023811143562624593,PBPF
239,6.390062093734741,0.023811143562624593,PBPF
241,6.4334142208099365,0.023811143562624593,PBPF
243,6.4946300983428955,0.023811143562624593,PBPF
245,6.538543462753296,0.023811143562624593,PBPF
247,6.57565712928772,0.023811143562624593,PBPF
249,6.59699010848999,0.023811143562624593,PBPF
251,6.633450746536255,0.023811143562624593,PBPF
253,6.6844162940979,0.023811143562624593,PBPF
255,6.715583801269531,0.023811143562624593,PBPF
257,6.7394328117370605,0.023811143562624593,PBPF
259,6.776535272598267,0.023811143562624593,PBPF
261,6.809883117675781,0.023811143562624593,PBPF
263,6.831590414047241,0.023811143562624593,PBPF
265,6.854699373245239,0.023811143562624593,PBPF
267,6.882680416107178,0.023811143562624593,PBPF
269,6.934454441070557,0.023811143562624593,PBPF
271,6.98479151725769,0.023811143562624593,PBPF
273,7.05021858215332,0.023811143562624593,PBPF
275,7.0757176876068115,0.023811143562624593,PBPF
277,7.136545181274414,0.023811143562624593,PBPF
279,7.170892715454102,0.023811143562624593,PBPF
281,7.20430326461792,0.023811143562624593,PBPF
283,7.256466388702393,0.023811143562624593,PBPF
285,7.311086416244507,0.023811143562624593,PBPF
287,7.372478723526001,0.023811143562624593,PBPF
289,7.407874822616577,0.023811143562624593,PBPF
291,7.438586235046387,0.023811143562624593,PBPF
293,7.463583707809448,0.023811143562624593,PBPF
295,7.488833904266357,0.023811143562624593,PBPF
297,7.521466016769409,0.023811143562624593,PBPF
299,7.548079013824463,0.023811143562624593,PBPF
301,7.574565887451172,0.023811143562624593,PBPF
303,7.598573207855225,0.023811143562624593,PBPF
305,7.626138210296631,0.023811143562624593,PBPF
307,7.64932107925415,0.023811143562624593,PBPF
309,7.711774826049805,0.023811143562624593,PBPF
311,7.770203113555908,0.023811143562624593,PBPF
313,7.836881875991821,0.023811143562624593,PBPF
315,7.9593470096588135,0.023811143562624593,PBPF
317,8.040287017822266,0.023811143562624593,PBPF
319,8.131637811660767,0.023811143562624593,PBPF
321,8.221606492996216,0.023811143562624593,PBPF
323,8.30838918685913,0.023811143562624593,PBPF
325,8.40342092514038,0.023811143562624593,PBPF
327,8.487913370132446,0.023811143562624593,PBPF
329,8.568190813064575,0.023811143562624593,PBPF
331,8.6550452709198,0.023811143562624593,PBPF
333,8.725423574447632,0.023811143562624593,PBPF
335,8.799583673477173,0.023811143562624593,PBPF
337,8.885077238082886,0.023811143562624593,PBPF
339,8.954581260681152,0.023811143562624593,PBPF
341,9.010302066802979,0.023811143562624593,PBPF
343,9.040153741836548,0.023811143562624593,PBPF
345,9.074301958084106,0.023811143562624593,PBPF
347,9.122827529907227,0.023811143562624593,PBPF
349,9.15759539604187,0.023811143562624593,PBPF
351,9.196228742599487,0.023811143562624593,PBPF
353,9.231306791305542,0.023811143562624593,PBPF
355,9.263977766036987,0.023811143562624593,PBPF
357,9.297216653823853,0.023811143562624593,PBPF
359,9.339445114135742,0.023811143562624593,PBPF
361,9.408898115158081,0.023811143562624593,PBPF
363,9.474237442016602,0.023811143562624593,PBPF
365,9.554911851882935,0.023811143562624593,PBPF
367,9.64121961593628,0.023811143562624593,PBPF
369,9.69948148727417,0.023811143562624593,PBPF
371,9.759967565536499,0.023811143562624593,PBPF
373,9.820685148239136,0.023811143562624593,PBPF
375,9.879593849182129,0.023811143562624593,PBPF
377,9.954381704330444,0.023811143562624593,PBPF
379,10.010415077209473,0.023811143562624593,PBPF
381,10.069490194320679,0.023811143562624593,PBPF
383,10.136852025985718,0.023811143562624593,PBPF
385,10.192352533340454,0.023811143562624593,PBPF
387,10.249114990234375,0.023811143562624593,PBPF
389,10.318898439407349,0.023811143562624593,PBPF
391,10.38187026977539,0.023811143562624593,PBPF
393,10.436579465866089,0.023811143562624593,PBPF
395,10.493425130844116,0.023811143562624593,PBPF
397,10.552974700927734,0.023811143562624593,PBPF
399,10.606772661209106,0.023811143562624593,PBPF
401,10.661797523498535,0.023811143562624593,PBPF
403,10.71509051322937,0.023811143562624593,PBPF
405,10.772213220596313,0.023811143562624593,PBPF
407,10.825805425643921,0.023811143562624593,PBPF
409,10.8793306350708,0.023811143562624593,PBPF
411,10.941918134689331,0.023811143562624593,PBPF
413,11.001341819763184,0.023811143562624593,PBPF
415,11.059010744094849,0.023811143562624593,PBPF
417,11.145801544189453,0.023811143562624593,PBPF
419,11.205542802810669,0.023811143562624593,PBPF
421,11.276500701904297,0.023811143562624593,PBPF
423,11.309999704360962,0.023811143562624593,PBPF
425,11.34068512916565,0.023811143562624593,PBPF
427,11.361413717269897,0.023811143562624593,PBPF
429,11.389851808547974,0.023811143562624593,PBPF
431,11.443968772888184,0.023811143562624593,PBPF
433,11.516247987747192,0.023811143562624593,PBPF
435,11.569042205810547,0.023811143562624593,PBPF
437,11.635902881622314,0.023811143562624593,PBPF
439,11.707863569259644,0.023811143562624593,PBPF
441,11.759704113006592,0.023811143562624593,PBPF
443,11.824487686157227,0.023811143562624593,PBPF
445,11.882519006729126,0.023811143562624593,PBPF
447,11.946064472198486,0.023811143562624593,PBPF
449,12.004644870758057,0.023811143562624593,PBPF
451,12.062819719314575,0.023811143562624593,PBPF
453,12.120114088058472,0.023811143562624593,PBPF
455,12.182119131088257,0.023811143562624593,PBPF
457,12.236625671386719,0.023811143562624593,PBPF
459,12.28883171081543,0.03400780316031438,PBPF
461,12.352661848068237,0.03400780316031438,PBPF
463,12.407958507537842,0.03400780316031438,PBPF
465,12.451375246047974,0.03400780316031438,PBPF
467,12.51264500617981,0.03400780316031438,PBPF
469,12.584186792373657,0.03400780316031438,PBPF
471,12.67059063911438,0.03400780316031438,PBPF
473,12.74851107597351,0.03400780316031438,PBPF
475,12.81482744216919,0.03400780316031438,PBPF
477,12.878257989883423,0.03400780316031438,PBPF
479,12.945796728134155,0.03400780316031438,PBPF
481,13.015785694122314,0.03400780316031438,PBPF
483,13.082596063613892,0.03400780316031438,PBPF
485,13.165168046951294,0.02347329429673579,PBPF
487,13.24158501625061,0.02347329429673579,PBPF
489,13.325984239578247,0.02347329429673579,PBPF
491,13.42217755317688,0.02347329429673579,PBPF
493,13.527872562408447,0.02347329429673579,PBPF
495,13.611640691757202,0.02347329429673579,PBPF
497,13.70222544670105,0.0227042568434595,PBPF
499,13.774167537689209,0.0227042568434595,PBPF
501,13.837595224380493,0.0227042568434595,PBPF
503,13.918134450912476,0.0227042568434595,PBPF
505,13.986829042434692,0.0227042568434595,PBPF
507,14.066205978393555,0.0227042568434595,PBPF
509,14.129870414733887,0.0227042568434595,PBPF
511,14.204303741455078,0.0227042568434595,PBPF
513,14.27152681350708,0.0227042568434595,PBPF
515,14.363184452056885,0.02701440566143841,PBPF
517,14.420777797698975,0.02701440566143841,PBPF
519,14.471717357635498,0.02701440566143841,PBPF
521,14.55167269706726,0.024896468438485867,PBPF
523,14.597692966461182,0.024896468438485867,PBPF
525,14.653983116149902,0.024896468438485867,PBPF
527,14.724695920944214,0.022824763482513315,PBPF
529,14.797292709350586,0.022208203560657964,PBPF
531,14.87040901184082,0.022208203560657964,PBPF
533,14.91494107246399,0.019826514529959337,PBPF
535,14.957377910614014,0.019826514529959337,PBPF
537,14.98548936843872,0.019826514529959337,PBPF
539,15.025550365447998,0.019826514529959337,PBPF
541,15.05796504020691,0.019826514529959337,PBPF
543,15.08966875076294,0.019826514529959337,PBPF
545,15.164067029953003,0.017308273453914395,PBPF
547,15.243631839752197,0.017308273453914395,PBPF
549,15.291866779327393,0.017308273453914395,PBPF
551,15.358174562454224,0.017308273453914395,PBPF
553,15.436578273773193,0.015734269727173344,PBPF
555,15.527004480361938,0.015734269727173344,PBPF
557,15.607295513153076,0.01408229100496302,PBPF
559,15.647649049758911,0.01408229100496302,PBPF
561,15.684532642364502,0.01408229100496302,PBPF
563,15.748573541641235,0.01408229100496302,PBPF
565,15.793562412261963,0.01408229100496302,PBPF
567,15.829055309295654,0.013127774506957962,PBPF
569,15.874689817428589,0.013127774506957962,PBPF
571,15.911007642745972,0.013127774506957962,PBPF
573,15.97923994064331,0.013127774506957962,PBPF
575,16.057894945144653,0.011917600542899856,PBPF
577,16.10647988319397,0.011917600542899856,PBPF
579,16.152491092681885,0.011917600542899856,PBPF
581,16.18243718147278,0.011917600542899856,PBPF
583,16.221569061279297,0.011917600542899856,PBPF
585,16.263434410095215,0.011917600542899856,PBPF
587,16.292354106903076,0.01345399478156712,PBPF
589,16.325348615646362,0.01345399478156712,PBPF
591,16.36011528968811,0.01345399478156712,PBPF
593,16.399235725402832,0.01345399478156712,PBPF
595,16.43977689743042,0.01345399478156712,PBPF
597,16.48674488067627,0.01345399478156712,PBPF
599,16.51288914680481,0.01345399478156712,PBPF
601,16.538626432418823,0.01345399478156712,PBPF
603,16.569072484970093,0.016246866375084164,PBPF
605,16.59655261039734,0.01793783087556977,PBPF
607,16.651430130004883,0.01793783087556977,PBPF
609,16.719438076019287,0.01793783087556977,PBPF
611,16.78298783302307,0.01793783087556977,PBPF
613,16.84524631500244,0.020212472497281937,PBPF
615,16.91493511199951,0.020212472497281937,PBPF
617,16.980937480926514,0.020212472497281937,PBPF
619,17.048408031463623,0.02269680918390642,PBPF
621,17.125635385513306,0.02269680918390642,PBPF
623,17.179319143295288,0.010548672712421497,PBPF
625,17.215231895446777,0.010548672712421497,PBPF
627,17.25649642944336,0.010548672712421497,PBPF
629,17.290457487106323,0.013083594174956576,PBPF
631,17.341230630874634,0.013083594174956576,PBPF
633,17.371586322784424,0.013083594174956576,PBPF
635,17.41200280189514,0.013083594174956576,PBPF
637,17.439748764038086,0.013083594174956576,PBPF
639,17.47982931137085,0.013083594174956576,PBPF
641,17.52428889274597,0.015944831910387758,PBPF
643,17.548389434814453,0.015944831910387758,PBPF
645,17.58109474182129,0.015944831910387758,PBPF
647,17.610044479370117,0.015944831910387758,PBPF
649,17.668359518051147,0.015944831910387758,PBPF
651,17.71259903907776,0.015944831910387758,PBPF
653,17.74042534828186,0.018945704282233796,PBPF
655,17.77134370803833,0.018945704282233796,PBPF
657,17.807363748550415,0.018945704282233796,PBPF
659,17.83579111099243,0.018945704282233796,PBPF
661,17.870561361312866,0.018945704282233796,PBPF
663,17.950693607330322,0.018945704282233796,PBPF
665,18.042710542678833,0.01419619919075498,PBPF
667,18.114542961120605,0.01419619919075498,PBPF
669,18.221871614456177,0.017956122564530167,PBPF
671,18.266101837158203,0.017956122564530167,PBPF
673,18.330597639083862,0.017956122564530167,PBPF
675,18.384626150131226,0.017956122564530167,PBPF
677,18.446204900741577,0.017956122564530167,PBPF
679,18.48900818824768,0.020161388650423013,PBPF
681,18.54835844039917,0.017959034954276407,PBPF
683,18.573023557662964,0.017959034954276407,PBPF
685,18.62045693397522,0.017959034954276407,PBPF
687,18.66257929801941,0.017959034954276407,PBPF
689,18.716634035110474,0.017959034954276407,PBPF
691,18.75340962409973,0.017959034954276407,PBPF
693,18.784358024597168,0.017959034954276407,PBPF
695,18.85384726524353,0.01858390624613837,PBPF
697,18.9009051322937,0.01858390624613837,PBPF
699,18.997376680374146,0.01858390624613837,PBPF
701,19.08255100250244,0.01858390624613837,PBPF
703,19.13004970550537,0.019442263466818443,PBPF
705,19.17238473892212,0.019442263466818443,PBPF
707,19.230143308639526,0.019442263466818443,PBPF
709,19.284261465072632,0.019442263466818443,PBPF
711,19.36765766143799,0.020172258110028783,PBPF
713,19.427021026611328,0.020172258110028783,PBPF
715,19.479509830474854,0.020172258110028783,PBPF
717,19.548428773880005,0.020172258110028783,PBPF
719,19.615354776382446,0.020371461568841374,PBPF
721,19.688922882080078,0.020371461568841374,PBPF
723,19.757941484451294,0.020371461568841374,PBPF
725,19.853294610977173,0.0203712445693681,PBPF
727,19.937958478927612,0.0203712445693681,PBPF
729,20.011632442474365,0.0203712445693681,PBPF
731,20.07949686050415,0.020371971985660247,PBPF
733,20.138412475585938,0.020371971985660247,PBPF
735,20.202818155288696,0.020371971985660247,PBPF
737,20.26820659637451,0.020371971985660247,PBPF
739,20.331727981567383,0.020371968512552623,PBPF
741,20.39180278778076,0.020371968512552623,PBPF
743,20.454049110412598,0.020371968512552623,PBPF
745,20.535745859146118,0.020371968512552623,PBPF
747,20.613341808319092,0.020891150431777954,PBPF
749,20.663552045822144,0.01180906986406274,PBPF
751,20.713924884796143,0.01180906986406274,PBPF
753,20.759390354156494,0.01180906986406274,PBPF
755,20.806572914123535,0.01180906986406274,PBPF
757,20.89071488380432,0.01277288106738562,PBPF
759,20.938925743103027,0.01277288106738562,PBPF
761,20.959891080856323,0.01277288106738562,PBPF
763,20.982900142669678,0.01277288106738562,PBPF
765,21.00476598739624,0.01277288106738562,PBPF
767,21.042248010635376,0.01277288106738562,PBPF
769,21.124340057373047,0.01468697834834885,PBPF
771,21.17738151550293,0.01468697834834885,PBPF
773,21.2216899394989,0.01468697834834885,PBPF
775,21.314464330673218,0.009748497355692269,PBPF
777,21.39236068725586,0.011762908229694528,PBPF
779,21.45420241355896,0.011762908229694528,PBPF
781,21.514538764953613,0.011762908229694528,PBPF
783,21.545685052871704,0.011762908229694528,PBPF
785,21.589085578918457,0.011762908229694528,PBPF
787,21.656442880630493,0.015215456124505073,PBPF
789,21.717516660690308,0.015215456124505073,PBPF
791,21.757190942764282,0.015215456124505073,PBPF
793,21.780468225479126,0.015215456124505073,PBPF
795,21.813840627670288,0.015215456124505073,PBPF
797,21.83642315864563,0.015215456124505073,PBPF
799,21.860492706298828,0.015215456124505073,PBPF
801,21.898699522018433,0.018786155411793716,PBPF
803,21.95071816444397,0.018786155411793716,PBPF
805,21.986655473709106,0.018786155411793716,PBPF
807,22.013360023498535,0.018786155411793716,PBPF
809,22.039098024368286,0.018786155411793716,PBPF
811,22.063069105148315,0.012314699801104794,PBPF
813,22.093966722488403,0.012314699801104794,PBPF
815,22.15209197998047,0.014847922440289733,PBPF
817,22.18541121482849,0.014847922440289733,PBPF
819,22.217514753341675,0.014847922440289733,PBPF
821,22.24150323867798,0.014847922440289733,PBPF
823,22.281028747558594,0.014847922440289733,PBPF
825,22.307105779647827,0.014847922440289733,PBPF
827,22.3488507270813,0.01758160591337256,PBPF
829,22.40171527862549,0.01758160591337256,PBPF
831,22.4459867477417,0.01758160591337256,PBPF
833,22.476632356643677,0.01758160591337256,PBPF
835,22.50225067138672,0.01758160591337256,PBPF
837,22.543435096740723,0.01758160591337256,PBPF
839,22.586122274398804,0.01758160591337256,PBPF
841,22.61675214767456,0.01758160591337256,PBPF
843,22.643325567245483,0.01758160591337256,PBPF
845,22.72850489616394,0.012907023660902902,PBPF
847,22.755112886428833,0.012907023660902902,PBPF
849,22.781615018844604,0.012907023660902902,PBPF
851,22.80654525756836,0.012907023660902902,PBPF
853,22.82990837097168,0.012907023660902902,PBPF
855,22.851789712905884,0.012907023660902902,PBPF
857,22.874950647354126,0.012907023660902902,PBPF
859,22.901533603668213,0.012907023660902902,PBPF
861,22.925125122070312,0.012907023660902902,PBPF
863,22.962273120880127,0.016246082987645478,PBPF
865,23.014134645462036,0.016246082987645478,PBPF
867,23.044307470321655,0.016246082987645478,PBPF
869,23.066736698150635,0.016246082987645478,PBPF
871,23.09056544303894,0.016246082987645478,PBPF
873,23.122214317321777,0.016246082987645478,PBPF
875,23.19996476173401,0.020077528678044177,PBPF
877,23.25645089149475,0.020077528678044177,PBPF
879,23.277414321899414,0.020077528678044177,PBPF
881,23.29883909225464,0.020077528678044177,PBPF
883,23.320719003677368,0.020077528678044177,PBPF
885,23.35419225692749,0.020077528678044177,PBPF
887,23.404062747955322,0.024513540467924963,PBPF
889,23.479333877563477,0.024513540467924963,PBPF
891,23.50337243080139,0.024513540467924963,PBPF
893,23.53299832344055,0.024513540467924963,PBPF
895,23.561241388320923,0.024513540467924963,PBPF
897,23.585709810256958,0.024513540467924963,PBPF
899,23.62451481819153,0.028836661283560796,PBPF
901,23.64915704727173,0.028836661283560796,PBPF
903,23.671336889266968,0.028836661283560796,PBPF
905,23.699423789978027,0.025007161936719795,PBPF
907,23.745166063308716,0.025007161936719795,PBPF
909,23.780283212661743,0.025007161936719795,PBPF
911,23.810831546783447,0.025007161936719795,PBPF
913,23.84432101249695,0.025007161936719795,PBPF
915,23.87518072128296,0.025007161936719795,PBPF
917,23.905745267868042,0.025007161936719795,PBPF
919,23.93591070175171,0.025007161936719795,PBPF
921,23.964770555496216,0.02965106925390949,PBPF
923,24.023716688156128,0.02965106925390949,PBPF
925,24.07104802131653,0.02965106925390949,PBPF
927,24.1316339969635,0.02965106925390949,PBPF
929,24.194436073303223,0.02965106925390949,PBPF
931,24.251834392547607,0.03443562915324575,PBPF
933,24.310194730758667,0.03443562915324575,PBPF
935,24.368431329727173,0.03443562915324575,PBPF
937,24.458544731140137,0.02680390287757947,PBPF
939,24.52633833885193,0.02680390287757947,PBPF
941,24.58193588256836,0.029638198403047177,PBPF
943,24.655437707901,0.029638198403047177,PBPF
945,24.69932222366333,0.029638198403047177,PBPF
947,24.76758122444153,0.029638198403047177,PBPF
949,24.826448678970337,0.03337924355407109,PBPF
951,24.875622034072876,0.03337924355407109,PBPF
953,24.92388892173767,0.03337924355407109,PBPF
955,24.972097158432007,0.03337924355407109,PBPF
957,25.020113229751587,0.03337924355407109,PBPF
959,25.070124864578247,0.03337924355407109,PBPF
961,25.13899326324463,0.025804313038535573,PBPF
963,25.20013928413391,0.025804313038535573,PBPF
965,25.256685972213745,0.025804313038535573,PBPF
967,25.31504201889038,0.025804313038535573,PBPF
969,25.387628316879272,0.028393551907367826,PBPF
971,25.448086738586426,0.028393551907367826,PBPF
973,25.51066565513611,0.028393551907367826,PBPF
975,25.5849130153656,0.028393551907367826,PBPF
977,25.651556730270386,0.028393551907367826,PBPF
979,25.723641872406006,0.03128129965401368,PBPF
981,25.787915229797363,0.03128129965401368,PBPF
983,25.841572999954224,0.03128129965401368,PBPF
985,25.906834363937378,0.03128129965401368,PBPF
987,25.982786893844604,0.027841694541391585,PBPF
989,26.036165475845337,0.027841694541391585,PBPF
991,26.096481561660767,0.027841694541391585,PBPF
993,26.15695023536682,0.027841694541391585,PBPF
995,26.214292526245117,0.027841694541391585,PBPF
997,26.28722596168518,0.02991294159068275,PBPF
999,26.33316659927368,0.02991294159068275,PBPF
1001,26.37711262702942,0.02991294159068275,PBPF
1003,26.41253638267517,0.02991294159068275,PBPF
1005,26.441545486450195,0.02991294159068275,PBPF
1007,26.489412784576416,0.02991294159068275,PBPF
1009,26.54951548576355,0.03233617909266542,PBPF
1011,26.61732006072998,0.03233617909266542,PBPF
1013,26.642471075057983,0.03233617909266542,PBPF
1015,26.68435788154602,0.03233617909266542,PBPF
1017,26.720482110977173,0.03233617909266542,PBPF
1019,26.785284280776978,0.029545002331527397,PBPF
1021,26.82685899734497,0.029545002331527397,PBPF
1023,26.855812311172485,0.029545002331527397,PBPF
1025,26.896255254745483,0.029545002331527397,PBPF
1027,26.93121314048767,0.029545002331527397,PBPF
1029,26.9620943069458,0.029545002331527397,PBPF
1031,27.019517183303833,0.03210847603200015,PBPF
1033,27.045854091644287,0.03210847603200015,PBPF
1035,27.073585987091064,0.03210847603200015,PBPF
1037,27.115886688232422,0.03210847603200015,PBPF
1039,27.16289973258972,0.03210847603200015,PBPF
1041,27.208787202835083,0.03210847603200015,PBPF
1043,27.233880281448364,0.03210847603200015,PBPF
1045,27.264216423034668,0.03210847603200015,PBPF
1047,27.28957724571228,0.03210847603200015,PBPF
1049,27.3560049533844,0.03421320376760973,PBPF
1051,27.399514198303223,0.03421320376760973,PBPF
1053,27.43643569946289,0.03421320376760973,PBPF
1055,27.46945309638977,0.024998503151983268,PBPF
1057,27.507134437561035,0.024998503151983268,PBPF
1059,27.54801869392395,0.024998503151983268,PBPF
1061,27.582423448562622,0.024998503151983268,PBPF
1063,27.61765694618225,0.024998503151983268,PBPF
1065,27.64643144607544,0.026155757823322207,PBPF
1067,27.68759322166443,0.026155757823322207,PBPF
1069,27.716893434524536,0.026155757823322207,PBPF
1071,27.75281023979187,0.026155757823322207,PBPF
1073,27.773464918136597,0.026155757823322207,PBPF
1075,27.816415309906006,0.026155757823322207,PBPF
1077,27.84874415397644,0.026155757823322207,PBPF
1079,27.88943314552307,0.02665088219575881,PBPF
1081,27.915595769882202,0.02665088219575881,PBPF
1083,27.94289517402649,0.02665088219575881,PBPF
1085,27.972702026367188,0.02665088219575881,PBPF
1087,28.01195240020752,0.02665088219575881,PBPF
1089,28.05957818031311,0.02665088219575881,PBPF
1091,28.123961210250854,0.0266563077765198,PBPF
1093,28.1718692779541,0.0266563077765198,PBPF
1095,28.19700336456299,0.0266563077765198,PBPF
1097,28.24066185951233,0.0266563077765198,PBPF
1099,28.288769960403442,0.0266563077765198,PBPF
1101,28.343130350112915,0.02665597886312887,PBPF
1103,28.37803339958191,0.02665597886312887,PBPF
1105,28.40598154067993,0.02665597886312887,PBPF
1107,28.437246799468994,0.022818622530808224,PBPF
1109,28.477346420288086,0.022818622530808224,PBPF
1111,28.506954669952393,0.022818625092668056,PBPF
1113,28.568405628204346,0.022818625092668056,PBPF
1115,28.636834859848022,0.022818625092668056,PBPF
1117,28.70142960548401,0.022818625092668056,PBPF
1119,28.75602388381958,0.022818625092668056,PBPF
1121,28.804167985916138,0.022818625092668056,PBPF
1123,28.87859272956848,0.022818625092668056,PBPF
1125,28.9311203956604,0.022818625092668056,PBPF
1127,29.000926971435547,0.020838264576797074,PBPF
1129,29.06841516494751,0.020838264576797074,PBPF
1131,29.111315965652466,0.020838264576797074,PBPF
1133,29.166547775268555,0.020838264576797074,PBPF
1135,29.23427152633667,0.02076186073967201,PBPF
1137,29.283632516860962,0.02076186073967201,PBPF
1139,29.346701622009277,0.02076186073967201,PBPF
1141,29.4093177318573,0.02076186073967201,PBPF
1143,29.503688097000122,0.020645175744800348,PBPF
1145,29.574161052703857,0.019352390355779375,PBPF
1147,29.62021565437317,0.019352390355779375,PBPF
1149,29.672801971435547,0.019352390355779375,PBPF
1151,29.755877256393433,0.01905933313998651,PBPF
1153,29.856316089630127,0.01905933313998651,PBPF
1155,29.911083221435547,0.01905933313998651,PBPF
1157,29.995977640151978,0.0186355668823705,PBPF
1159,30.04740285873413,0.0186355668823705,PBPF
1161,30.116702795028687,0.0186355668823705,PBPF
1163,30.203439950942993,0.01686581491172168,PBPF
1165,30.25455594062805,0.01686581491172168,PBPF
1167,30.301522254943848,0.0167794134355686,PBPF
1169,30.3939688205719,0.013218455009737975,PBPF
1171,30.453075647354126,0.013218455009737975,PBPF
1173,30.50739288330078,0.013218455009737975,PBPF
1175,30.59298849105835,0.013058927879829044,PBPF
1177,30.65678596496582,0.013058927879829044,PBPF
1179,30.709192752838135,0.013058927879829044,PBPF
1181,30.783372163772583,0.01820886914393195,PBPF
1183,30.855088233947754,0.01820886914393195,PBPF
1185,30.932013034820557,0.024251145965414438,PBPF
1187,31.006706953048706,0.02032300730611261,PBPF
1189,31.0386860370636,0.02032300730611261,PBPF
1191,31.064921140670776,0.02032300730611261,PBPF
1193,31.09234619140625,0.02032300730611261,PBPF
1195,31.177781581878662,0.02365145664780213,PBPF
1197,31.235709190368652,0.02365145664780213,PBPF
1199,31.295811653137207,0.02365145664780213,PBPF
1201,31.386210918426514,0.027241036370544543,PBPF
1203,31.444093227386475,0.027241036370544543,PBPF
1205,31.496927738189697,0.027241036370544543,PBPF
1207,31.58787488937378,0.031082168267054813,PBPF
1209,31.668821573257446,0.031082168267054813,PBPF
1211,31.71518063545227,0.031082168267054813,PBPF
1213,31.744451999664307,0.031082168267054813,PBPF
1215,31.771523237228394,0.02373651999372101,PBPF
1217,31.84881854057312,0.027193013104914655,PBPF
1219,31.91156506538391,0.027193013104914655,PBPF
1221,31.958937168121338,0.027193013104914655,PBPF
1223,32.07172417640686,0.03060584563822205,PBPF
1225,32.11592388153076,0.03060584563822205,PBPF
1227,32.14261317253113,0.03060584563822205,PBPF
1229,32.175331354141235,0.03060584563822205,PBPF
1231,32.230926752090454,0.03060584563822205,PBPF
1233,32.29206895828247,0.03612024858966357,PBPF
1235,32.37728714942932,0.03612024858966357,PBPF
1237,32.41845178604126,0.03612024858966357,PBPF
1239,32.46486520767212,0.02856089168428014,PBPF
1241,32.54663968086243,0.03285653158684364,PBPF
1243,32.61166167259216,0.03285653158684364,PBPF
1245,32.66716814041138,0.03285653158684364,PBPF
1247,32.71179723739624,0.03285653158684364,PBPF
1249,32.74366593360901,0.03285653158684364,PBPF
1251,32.813241481781006,0.03793598343322806,PBPF
1253,32.903265714645386,0.03793598343322806,PBPF
1255,32.973217248916626,0.03793598343322806,PBPF
1257,33.043543577194214,0.03793598343322806,PBPF
1259,33.11199879646301,0.04243072711482207,PBPF
1261,33.14805006980896,0.04243072711482207,PBPF
1263,33.18081331253052,0.04243072711482207,PBPF
1265,33.207863092422485,0.04243072711482207,PBPF
1267,33.23987817764282,0.04243072711482207,PBPF
1269,33.275389432907104,0.04243072711482207,PBPF
1271,33.30485558509827,0.04243072711482207,PBPF
1273,33.33158826828003,0.04243072711482207,PBPF
1275,33.365137815475464,0.04606333003296121,PBPF
1277,33.393596172332764,0.04606333003296121,PBPF
1279,33.42078137397766,0.04606333003296121,PBPF
1281,33.44605493545532,0.04606333003296121,PBPF
1283,33.472509145736694,0.04606333003296121,PBPF
1285,33.49703049659729,0.04606333003296121,PBPF
1287,33.53552198410034,0.04606333003296121,PBPF
1289,33.56227660179138,0.04606333003296121,PBPF
1291,33.5979528427124,0.04606333003296121,PBPF
1293,33.65052008628845,0.048466533196412004,PBPF
1295,33.69376182556152,0.04650124050326169,PBPF
1297,33.72206377983093,0.04650124050326169,PBPF
1299,33.7674994468689,0.04650124050326169,PBPF
1301,33.814454317092896,0.04650124050326169,PBPF
1303,33.84491419792175,0.04650124050326169,PBPF
1305,33.88331604003906,0.04650124050326169,PBPF
1307,33.93448042869568,0.04650124050326169,PBPF
1309,33.9733464717865,0.04891614253605806,PBPF
1311,34.0272855758667,0.04891614253605806,PBPF
1313,34.089444398880005,0.04891614253605806,PBPF
1315,34.141265630722046,0.04891614253605806,PBPF
1317,34.18385148048401,0.04891614253605806,PBPF
1319,34.243558406829834,0.04891614253605806,PBPF
1321,34.321398973464966,0.05112190188931502,PBPF
1323,34.36662006378174,0.05112190188931502,PBPF
1325,34.40479588508606,0.05112190188931502,PBPF
1327,34.43493843078613,0.05112190188931502,PBPF
1329,34.46604776382446,0.05112190188931502,PBPF
1331,34.50928974151611,0.03923696236806313,PBPF
1333,34.559942960739136,0.03923696236806313,PBPF
1335,34.61550736427307,0.03923696236806313,PBPF
1337,34.669644832611084,0.03923696236806313,PBPF
1339,34.72632670402527,0.03923696236806313,PBPF
1341,34.80483055114746,0.04049649989052572,PBPF
1343,34.89554524421692,0.04049649989052572,PBPF
1345,34.93292164802551,0.04049649989052572,PBPF
1347,34.988938331604004,0.04049649989052572,PBPF
1349,35.070141077041626,0.04121916743189564,PBPF
1351,35.11894941329956,0.03707481561309814,PBPF
1353,35.1657280921936,0.03707481561309814,PBPF
1355,35.22230267524719,0.03707481561309814,PBPF
1357,35.309489011764526,0.03709182664759279,PBPF
1359,35.353415966033936,0.03709182664759279,PBPF
1361,35.415061473846436,0.03709182664759279,PBPF
1363,35.460954904556274,0.03709182664759279,PBPF
1365,35.51271080970764,0.03709182664759279,PBPF
1367,35.56127142906189,0.03709182664759279,PBPF
1369,35.61300802230835,0.03709246944927368,PBPF
1371,35.680198669433594,0.03709246944927368,PBPF
1373,35.731104373931885,0.03709246944927368,PBPF
1375,35.784730434417725,0.03709246944927368,PBPF
1377,35.828338623046875,0.03709246944927368,PBPF
1379,35.879209756851196,0.03709246944927368,PBPF
1381,35.954389572143555,0.037093053436800555,PBPF
1383,36.02484941482544,0.03020133415566395,PBPF
1385,36.07241868972778,0.03020133415566395,PBPF
1387,36.126757860183716,0.03020133415566395,PBPF
1389,36.1716103553772,0.03020133415566395,PBPF
1391,36.22539019584656,0.03020133415566395,PBPF
1393,36.30142784118652,0.03020174221042803,PBPF
1395,36.37405490875244,0.03020174221042803,PBPF
1397,36.426870822906494,0.03020174221042803,PBPF
1399,36.48728942871094,0.03020174221042803,PBPF
1401,36.5216863155365,0.03020174221042803,PBPF
1403,36.60113978385925,0.0302019517019013,PBPF
1405,36.65789747238159,0.029193395338784064,PBPF
1407,36.715590476989746,0.029193395338784064,PBPF
1409,36.7520797252655,0.029193395338784064,PBPF
1411,36.794880628585815,0.029193395338784064,PBPF
1413,36.82789349555969,0.029193395338784064,PBPF
1415,36.88169765472412,0.029193395338784064,PBPF
1417,36.94839525222778,0.029253604849420804,PBPF
1419,36.99674654006958,0.029253604849420804,PBPF
1421,37.03469491004944,0.029253604849420804,PBPF
1423,37.08311748504639,0.029253604849420804,PBPF
1425,37.18757891654968,0.029648189732212633,PBPF
1427,37.260931730270386,0.029648189732212633,PBPF
1429,37.32652735710144,0.029648189732212633,PBPF
1431,37.386216163635254,0.029788985559166002,PBPF
1433,37.439815282821655,0.029788985559166002,PBPF
1435,37.468693017959595,0.029788985559166002,PBPF
1437,37.49926018714905,0.029788985559166002,PBPF
1439,37.54205560684204,0.029788985559166002,PBPF
1441,37.60035181045532,0.029788985559166002,PBPF
1443,37.654969453811646,0.030274600945943437,PBPF
1445,37.71159338951111,0.030274600945943437,PBPF
1447,37.769529581069946,0.026233151361468553,PBPF
1449,37.79724740982056,0.026233151361468553,PBPF
1451,37.83362293243408,0.026233151361468553,PBPF
1453,37.863040924072266,0.026233151361468553,PBPF
1455,37.9076189994812,0.025963334005343227,PBPF
1457,37.95353126525879,0.025963334005343227,PBPF
1459,37.99460172653198,0.025963334005343227,PBPF
1461,38.02760434150696,0.025963334005343227,PBPF
1463,38.0556902885437,0.025963334005343227,PBPF
1465,38.096266984939575,0.025963334005343227,PBPF
1467,38.12171459197998,0.025963334005343227,PBPF
1469,38.14895009994507,0.025963334005343227,PBPF
1471,38.179194927215576,0.025963334005343227,PBPF
1473,38.22960305213928,0.025963334005343227,PBPF
1475,38.278544187545776,0.025456304904620492,PBPF
1477,38.32547044754028,0.024386795846610226,PBPF
1479,38.356263637542725,0.024386795846610226,PBPF
1481,38.382280349731445,0.024386795846610226,PBPF
1483,38.42489552497864,0.024386795846610226,PBPF
1485,38.45889210700989,0.024386795846610226,PBPF
1487,38.49314641952515,0.024386795846610226,PBPF
1489,38.54258370399475,0.02407040234759599,PBPF
1491,38.5945565700531,0.02407040234759599,PBPF
1493,38.6221067905426,0.02407040234759599,PBPF
1495,38.65069937705994,0.02407040234759599,PBPF
1497,38.67999768257141,0.02407040234759599,PBPF
1499,38.7216317653656,0.02407040234759599,PBPF
1501,38.78828167915344,0.02496714605721996,PBPF
1503,38.83644771575928,0.02496714605721996,PBPF
1505,38.866554737091064,0.02496714605721996,PBPF
1507,38.913142681121826,0.02496714605721996,PBPF
1509,38.95333290100098,0.02496714605721996,PBPF
1511,39.01183462142944,0.02691905080794315,PBPF
1513,39.054166316986084,0.02691905080794315,PBPF
1515,39.09636664390564,0.02691905080794315,PBPF
1517,39.15939998626709,0.027229884904127,PBPF
1519,39.223414182662964,0.02910528397465868,PBPF
1521,39.28915095329285,0.02910528397465868,PBPF
1523,39.35274147987366,0.02910528397465868,PBPF
1525,39.416404485702515,0.03209127977262987,PBPF
1527,39.473018169403076,0.03209127977262987,PBPF
1529,39.53678226470947,0.03209127977262987,PBPF
1531,39.61126351356506,0.03209127977262987,PBPF
1533,39.66389846801758,0.03533243233894607,PBPF
1535,39.72662806510925,0.03533243233894607,PBPF
1537,39.795074462890625,0.03533243233894607,PBPF
1539,39.85845136642456,0.039291181532329425,PBPF
1541,39.92302083969116,0.033280060510903695,PBPF
1543,39.98755502700806,0.033280060510903695,PBPF
1545,40.06831097602844,0.033280060510903695,PBPF
1547,40.12676501274109,0.03589066687822843,PBPF
1549,40.19453430175781,0.03589066687822843,PBPF
1551,40.26157069206238,0.03589066687822843,PBPF
1553,40.32658839225769,0.03589066687822843,PBPF
1555,40.38881587982178,0.03951086511303509,PBPF
1557,40.4735050201416,0.03472546682848115,PBPF
1559,40.53579330444336,0.03472546682848115,PBPF
1561,40.578319787979126,0.03472546682848115,PBPF
1563,40.601850748062134,0.03472546682848115,PBPF
1565,40.67138671875,0.03717042316564191,PBPF
1567,40.72652220726013,0.03717042316564191,PBPF
1569,40.7815465927124,0.03717042316564191,PBPF
1571,40.822646617889404,0.03717042316564191,PBPF
1573,40.87385892868042,0.03717042316564191,PBPF
1575,40.902899742126465,0.03717042316564191,PBPF
1577,40.92800521850586,0.040711334227698556,PBPF
1579,40.98017954826355,0.040711334227698556,PBPF
1581,41.03696298599243,0.040711334227698556,PBPF
1583,41.083959102630615,0.040711334227698556,PBPF
1585,41.14336538314819,0.04488045257920284,PBPF
1587,41.17892265319824,0.04488045257920284,PBPF
1589,41.23486351966858,0.04488045257920284,PBPF
1591,41.28930115699768,0.04488045257920284,PBPF
1593,41.313671588897705,0.04488045257920284,PBPF
1595,41.34941363334656,0.04935771315467073,PBPF
1597,41.41646337509155,0.04714518877567722,PBPF
1599,41.476086378097534,0.04714518877567722,PBPF
1601,41.541006088256836,0.04714518877567722,PBPF
1603,41.582279682159424,0.04714518877567722,PBPF
1605,41.611523389816284,0.05015750660867958,PBPF
1607,41.675272703170776,0.05015750660867958,PBPF
1609,41.743879079818726,0.05015750660867958,PBPF
1611,41.81098532676697,0.05015750660867958,PBPF
1613,41.86841320991516,0.052767597418135706,PBPF
1615,41.93423366546631,0.052767597418135706,PBPF
1617,41.997177839279175,0.052767597418135706,PBPF
1619,42.05809259414673,0.04835454596137312,PBPF
1621,42.11782622337341,0.04835454596137312,PBPF
1623,42.19110298156738,0.04835454596137312,PBPF
1625,42.227606773376465,0.04835454596137312,PBPF
1627,42.251442432403564,0.04981450294158529,PBPF
1629,42.28754639625549,0.04981450294158529,PBPF
1631,42.32064771652222,0.04981450294158529,PBPF
1633,42.35375428199768,0.04981450294158529,PBPF
1635,42.41571235656738,0.04981450294158529,PBPF
1637,42.47462272644043,0.04981450294158529,PBPF
1639,42.507659912109375,0.051354656907436305,PBPF
1641,42.52998089790344,0.051354656907436305,PBPF
1643,42.5708372592926,0.051354656907436305,PBPF
1645,42.595184564590454,0.051354656907436305,PBPF
1647,42.62590932846069,0.050728166005249896,PBPF
1649,42.693695068359375,0.050728166005249896,PBPF
1651,42.7555878162384,0.050728166005249896,PBPF
1653,42.79003715515137,0.050728166005249896,PBPF
1655,42.84757137298584,0.05143997698990108,PBPF
1657,42.913151264190674,0.05143997698990108,PBPF
1659,42.973106145858765,0.05143997698990108,PBPF
1661,43.02981758117676,0.05143997698990108,PBPF
1663,43.088263273239136,0.05143997698990108,PBPF
1665,43.14508581161499,0.05145636167601342,PBPF
1667,43.200541734695435,0.05145636167601342,PBPF
1669,43.25805902481079,0.048083542952691724,PBPF
1671,43.32039785385132,0.048083542952691724,PBPF
1673,43.374181032180786,0.048083542952691724,PBPF
1675,43.421565532684326,0.048081153377306916,PBPF
1677,43.46911549568176,0.048081153377306916,PBPF
1679,43.53037786483765,0.048081153377306916,PBPF
1681,43.59413480758667,0.048081153377306916,PBPF
1683,43.65904092788696,0.048082453765605944,PBPF
1685,43.710604190826416,0.048082453765605944,PBPF
1687,43.78479623794556,0.048082453765605944,PBPF
1689,43.85638213157654,0.048082453765605944,PBPF
1691,43.90706396102905,0.0480889494464665,PBPF
1693,43.96530294418335,0.0480889494464665,PBPF
1695,44.02660846710205,0.0480889494464665,PBPF
1697,44.07720947265625,0.04357556552737426,PBPF
1699,44.14351034164429,0.04357556552737426,PBPF
1701,44.19553732872009,0.04357716634937325,PBPF
1703,44.25635504722595,0.04357716634937325,PBPF
1705,44.318439960479736,0.04357716634937325,PBPF
1707,44.38573169708252,0.04357716634937325,PBPF
1709,44.44050192832947,0.04359029861101439,PBPF
1711,44.467843770980835,0.04359029861101439,PBPF
1713,44.514976501464844,0.04359029861101439,PBPF
1715,44.55097246170044,0.04359029861101439,PBPF
1717,44.59660315513611,0.04359029861101439,PBPF
1719,44.66256070137024,0.04359029861101439,PBPF
1721,44.72320055961609,0.04363014748551854,PBPF
1723,44.78926610946655,0.04363014748551854,PBPF
1725,44.83956289291382,0.04363014748551854,PBPF
1727,44.89241123199463,0.04259146504609947,PBPF
1729,44.94688034057617,0.04259146504609947,PBPF
