0,0.0026857852935791016,0.1672409414876066,PBPF
2,0.032595157623291016,0.1672409414876066,PBPF
4,0.10816574096679688,0.1672409414876066,PBPF
6,0.1750040054321289,0.1672409414876066,PBPF
8,0.2432096004486084,0.1672409414876066,PBPF
10,0.30718111991882324,0.1672409414876066,PBPF
12,0.38170480728149414,0.1672409414876066,PBPF
14,0.4362475872039795,0.1672409414876066,PBPF
16,0.5164175033569336,0.1672409414876066,PBPF
18,0.565049409866333,0.1672409414876066,PBPF
20,0.6305079460144043,0.1672409414876066,PBPF
22,0.7241487503051758,0.1672409414876066,PBPF
24,0.7926526069641113,0.1672409414876066,PBPF
26,0.8644435405731201,0.1672409414876066,PBPF
28,0.9514815807342529,0.1672409414876066,PBPF
30,1.0323638916015625,0.1672409414876066,PBPF
32,1.0994722843170166,0.1672409414876066,PBPF
34,1.1857657432556152,0.1672409414876066,PBPF
36,1.2589704990386963,0.1672409414876066,PBPF
38,1.291999340057373,0.1672409414876066,PBPF
40,1.3452668190002441,0.1672409414876066,PBPF
42,1.4790761470794678,0.1672409414876066,PBPF
44,1.577913761138916,0.1672409414876066,PBPF
46,1.640754222869873,0.1672409414876066,PBPF
48,1.747253656387329,0.1672409414876066,PBPF
50,1.837677240371704,0.1672409414876066,PBPF
52,1.924476146697998,0.1672409414876066,PBPF
54,2.011209011077881,0.1672409414876066,PBPF
56,2.110455274581909,0.1672409414876066,PBPF
58,2.200648546218872,0.1672409414876066,PBPF
60,2.3051018714904785,0.1672409414876066,PBPF
62,2.379352569580078,0.1672409414876066,PBPF
64,2.4641263484954834,0.1672409414876066,PBPF
66,2.594911813735962,0.1672409414876066,PBPF
68,2.6976990699768066,0.1672409414876066,PBPF
70,2.7845144271850586,0.1672409414876066,PBPF
72,2.8872106075286865,0.1672409414876066,PBPF
74,2.9765119552612305,0.1672409414876066,PBPF
76,3.101205825805664,0.1672409414876066,PBPF
78,3.1724131107330322,0.1672409414876066,PBPF
80,3.2692174911499023,0.1672409414876066,PBPF
82,3.371225118637085,0.1672409414876066,PBPF
84,3.464092254638672,0.1672409414876066,PBPF
86,3.547490358352661,0.1672409414876066,PBPF
88,3.6434249877929688,0.1672409414876066,PBPF
90,3.7293524742126465,0.1672409414876066,PBPF
92,3.8163979053497314,0.1672409414876066,PBPF
94,3.9053235054016113,0.1672409414876066,PBPF
96,3.9936106204986572,0.1672409414876066,PBPF
98,4.075335502624512,0.1672409414876066,PBPF
100,4.153626441955566,0.1672409414876066,PBPF
102,4.237625598907471,0.1672409414876066,PBPF
104,4.322668075561523,0.1672409414876066,PBPF
106,4.406942129135132,0.1672409414876066,PBPF
108,4.504886627197266,0.1672409414876066,PBPF
110,4.560244560241699,0.1672409414876066,PBPF
112,4.6314685344696045,0.1672409414876066,PBPF
114,4.701866388320923,0.1672409414876066,PBPF
116,4.788541078567505,0.1672409414876066,PBPF
118,4.8663458824157715,0.1672409414876066,PBPF
120,4.951167821884155,0.1672409414876066,PBPF
122,5.007331848144531,0.1672409414876066,PBPF
124,5.046266078948975,0.1672409414876066,PBPF
126,5.14005708694458,0.1672409414876066,PBPF
128,5.2231855392456055,0.1672409414876066,PBPF
130,5.3081817626953125,0.1672409414876066,PBPF
132,5.3811705112457275,0.1672409414876066,PBPF
134,5.453620195388794,0.1672409414876066,PBPF
136,5.518659591674805,0.1672409414876066,PBPF
138,5.565084218978882,0.1672409414876066,PBPF
140,5.639650344848633,0.1672409414876066,PBPF
142,5.686095237731934,0.1672409414876066,PBPF
144,5.774662256240845,0.1672409414876066,PBPF
146,5.853410482406616,0.1672409414876066,PBPF
148,5.9297404289245605,0.1672409414876066,PBPF
150,6.011039972305298,0.1672409414876066,PBPF
152,6.090887546539307,0.1672409414876066,PBPF
154,6.1574766635894775,0.1672409414876066,PBPF
156,6.239928245544434,0.1672409414876066,PBPF
158,6.325708866119385,0.1672409414876066,PBPF
160,6.40537428855896,0.1672409414876066,PBPF
162,6.4752538204193115,0.1672409414876066,PBPF
164,6.55637001991272,0.1672409414876066,PBPF
166,6.626919746398926,0.1672409414876066,PBPF
168,6.692243814468384,0.1672409414876066,PBPF
170,6.780536413192749,0.1672409414876066,PBPF
172,6.860223770141602,0.1672409414876066,PBPF
174,6.931192636489868,0.1672409414876066,PBPF
176,7.008607864379883,0.1672409414876066,PBPF
178,7.089595317840576,0.1672409414876066,PBPF
180,7.160444498062134,0.1672409414876066,PBPF
182,7.23984694480896,0.1672409414876066,PBPF
184,7.3004310131073,0.1672409414876066,PBPF
186,7.358046054840088,0.1672409414876066,PBPF
188,7.425211191177368,0.1672409414876066,PBPF
190,7.488904714584351,0.1672409414876066,PBPF
192,7.562079191207886,0.1672409414876066,PBPF
194,7.625643730163574,0.1672409414876066,PBPF
196,7.7026519775390625,0.1672409414876066,PBPF
198,7.766014099121094,0.1672409414876066,PBPF
200,7.831214189529419,0.1672409414876066,PBPF
202,7.906281232833862,0.1672409414876066,PBPF
204,7.9716267585754395,0.1672409414876066,PBPF
206,8.034291744232178,0.1672409414876066,PBPF
208,8.107870101928711,0.1672409414876066,PBPF
210,8.176048755645752,0.1672409414876066,PBPF
212,8.248880386352539,0.1672409414876066,PBPF
214,8.307638883590698,0.1672409414876066,PBPF
216,8.362211227416992,0.1672409414876066,PBPF
218,8.42262578010559,0.1672409414876066,PBPF
220,8.480283975601196,0.1672409414876066,PBPF
222,8.549187421798706,0.1672409414876066,PBPF
224,8.605379581451416,0.1672409414876066,PBPF
226,8.663187980651855,0.1672409414876066,PBPF
228,8.721307516098022,0.1672409414876066,PBPF
230,8.788052797317505,0.1672409414876066,PBPF
232,8.843629360198975,0.1672409414876066,PBPF
234,8.90276050567627,0.1672409414876066,PBPF
236,8.970596075057983,0.1672409414876066,PBPF
238,9.025239944458008,0.1672409414876066,PBPF
240,9.080287456512451,0.1672409414876066,PBPF
242,9.165586709976196,0.1672409414876066,PBPF
244,9.24934697151184,0.1672409414876066,PBPF
246,9.331218004226685,0.1672409414876066,PBPF
248,9.398937225341797,0.1672409414876066,PBPF
250,9.472797155380249,0.1672409414876066,PBPF
252,9.552723407745361,0.1672409414876066,PBPF
254,9.621580123901367,0.1672409414876066,PBPF
256,9.702118396759033,0.1672409414876066,PBPF
258,9.783825159072876,0.1672409414876066,PBPF
260,9.867873668670654,0.1672409414876066,PBPF
262,9.96191668510437,0.1672409414876066,PBPF
264,10.02315902709961,0.1672409414876066,PBPF
266,10.069135904312134,0.1672409414876066,PBPF
268,10.141043663024902,0.1672409414876066,PBPF
270,10.214351177215576,0.1672409414876066,PBPF
272,10.282694578170776,0.1672409414876066,PBPF
274,10.331115245819092,0.1672409414876066,PBPF
276,10.408238410949707,0.1672409414876066,PBPF
278,10.46104884147644,0.1672409414876066,PBPF
280,10.51743769645691,0.1672409414876066,PBPF
282,10.551416158676147,0.1672409414876066,PBPF
284,10.583119630813599,0.1672409414876066,PBPF
286,10.604399681091309,0.1672409414876066,PBPF
288,10.630520582199097,0.1672409414876066,PBPF
290,10.652452230453491,0.1672409414876066,PBPF
292,10.68888783454895,0.1672409414876066,PBPF
294,10.72452425956726,0.1672409414876066,PBPF
296,10.762457609176636,0.1672409414876066,PBPF
298,10.785648822784424,0.1672409414876066,PBPF
300,10.821180820465088,0.1672409414876066,PBPF
302,10.84770393371582,0.1672409414876066,PBPF
304,10.885417938232422,0.1672409414876066,PBPF
306,10.912312746047974,0.1672409414876066,PBPF
308,10.93650507926941,0.1672409414876066,PBPF
310,10.96218466758728,0.1672409414876066,PBPF
312,11.002420902252197,0.1672409414876066,PBPF
314,11.027218580245972,0.1672409414876066,PBPF
316,11.051515102386475,0.1672409414876066,PBPF
318,11.085456848144531,0.1672409414876066,PBPF
320,11.133976221084595,0.1672409414876066,PBPF
322,11.20287799835205,0.1672409414876066,PBPF
324,11.262848854064941,0.1672409414876066,PBPF
326,11.319462537765503,0.1672409414876066,PBPF
328,11.389270305633545,0.1672409414876066,PBPF
330,11.442767858505249,0.1672409414876066,PBPF
332,11.513886213302612,0.1672409414876066,PBPF
334,11.570566892623901,0.144998213491756,PBPF
336,11.62766718864441,0.144998213491756,PBPF
338,11.70258378982544,0.144998213491756,PBPF
340,11.761637210845947,0.144998213491756,PBPF
342,11.83926248550415,0.144998213491756,PBPF
344,11.924957990646362,0.144998213491756,PBPF
346,11.992477416992188,0.144998213491756,PBPF
348,12.04894208908081,0.144998213491756,PBPF
350,12.119698762893677,0.12721315024352364,PBPF
352,12.17490005493164,0.12721315024352364,PBPF
354,12.250454187393188,0.12721315024352364,PBPF
356,12.306847333908081,0.12721315024352364,PBPF
358,12.361818075180054,0.12721315024352364,PBPF
360,12.419487476348877,0.12721315024352364,PBPF
362,12.474042654037476,0.12721315024352364,PBPF
364,12.530395269393921,0.12721315024352364,PBPF
366,12.585202693939209,0.12721315024352364,PBPF
368,12.649690866470337,0.12721315024352364,PBPF
370,12.711666107177734,0.15423185556371255,PBPF
372,12.768378734588623,0.15423185556371255,PBPF
374,12.84248661994934,0.15423185556371255,PBPF
376,12.913743257522583,0.15423185556371255,PBPF
378,12.999724864959717,0.15423185556371255,PBPF
380,13.04755425453186,0.15423185556371255,PBPF
382,13.107090473175049,0.15423185556371255,PBPF
384,13.186183214187622,0.15423185556371255,PBPF
386,13.244408130645752,0.15423185556371255,PBPF
388,13.325119972229004,0.11345961093249457,PBPF
390,13.38407278060913,0.11345961093249457,PBPF
392,13.466843128204346,0.11345961093249457,PBPF
394,13.532789945602417,0.11345961093249457,PBPF
396,13.611873388290405,0.11345961093249457,PBPF
398,13.66981053352356,0.11345961093249457,PBPF
400,13.734869480133057,0.11345961093249457,PBPF
402,13.791131258010864,0.11345961093249457,PBPF
404,13.845959424972534,0.10939607155120434,PBPF
406,13.873630046844482,0.10939607155120434,PBPF
408,13.899273872375488,0.10939607155120434,PBPF
410,13.93357539176941,0.10939607155120434,PBPF
412,13.972429275512695,0.10939607155120434,PBPF
414,14.01454758644104,0.10939607155120434,PBPF
416,14.045504331588745,0.10939607155120434,PBPF
418,14.06700611114502,0.10939607155120434,PBPF
420,14.088135480880737,0.10939607155120434,PBPF
422,14.109066009521484,0.10939607155120434,PBPF
424,14.148346662521362,0.10939607155120434,PBPF
426,14.19456934928894,0.10939607155120434,PBPF
428,14.232284545898438,0.10939607155120434,PBPF
430,14.267743110656738,0.10939607155120434,PBPF
432,14.304963827133179,0.07808867380037476,PBPF
434,14.335765600204468,0.07808867380037476,PBPF
436,14.362955093383789,0.07808867380037476,PBPF
438,14.392861366271973,0.07808867380037476,PBPF
440,14.422620058059692,0.07808867380037476,PBPF
442,14.450946807861328,0.07808867380037476,PBPF
444,14.47987699508667,0.07808867380037476,PBPF
446,14.55018949508667,0.10162393674541548,PBPF
448,14.59103512763977,0.10162393674541548,PBPF
450,14.625126838684082,0.10162393674541548,PBPF
452,14.663098573684692,0.13660845152627665,PBPF
454,14.69090485572815,0.13660845152627665,PBPF
456,14.733999490737915,0.13660845152627665,PBPF
458,14.774758100509644,0.13660845152627665,PBPF
460,14.800961017608643,0.14151007939389615,PBPF
462,14.825928211212158,0.14151007939389615,PBPF
464,14.898572444915771,0.16839053888650302,PBPF
466,14.944120645523071,0.16839053888650302,PBPF
468,14.972925662994385,0.16839053888650302,PBPF
470,14.997543573379517,0.16839053888650302,PBPF
472,15.01943826675415,0.16839053888650302,PBPF
474,15.115696430206299,0.20307073065776216,PBPF
476,15.162696123123169,0.20307073065776216,PBPF
478,15.187779903411865,0.20307073065776216,PBPF
480,15.216344118118286,0.20307073065776216,PBPF
482,15.275617599487305,0.23478097881045112,PBPF
484,15.328649044036865,0.23478097881045112,PBPF
486,15.356362581253052,0.23478097881045112,PBPF
488,15.39096999168396,0.23152921584862884,PBPF
490,15.451299905776978,0.2576464442063928,PBPF
492,15.49574899673462,0.2576464442063928,PBPF
494,15.516794443130493,0.2576464442063928,PBPF
496,15.546005725860596,0.2576464442063928,PBPF
498,15.571560144424438,0.2576464442063928,PBPF
500,15.603779554367065,0.2576464442063928,PBPF
502,15.662289381027222,0.287811631087342,PBPF
504,15.72191333770752,0.287811631087342,PBPF
506,15.758151292800903,0.287811631087342,PBPF
508,15.800675392150879,0.287811631087342,PBPF
510,15.867307901382446,0.3130487410124472,PBPF
512,15.94159483909607,0.3130487410124472,PBPF
514,16.000629663467407,0.24088211586981512,PBPF
516,16.051939964294434,0.24088211586981512,PBPF
518,16.102150201797485,0.24088211586981512,PBPF
520,16.16233229637146,0.2769456127554646,PBPF
522,16.22290587425232,0.2769456127554646,PBPF
524,16.277795791625977,0.2769456127554646,PBPF
526,16.320032119750977,0.2769456127554646,PBPF
528,16.34064745903015,0.2769456127554646,PBPF
530,16.36389136314392,0.2769456127554646,PBPF
532,16.386659860610962,0.2769456127554646,PBPF
534,16.435137033462524,0.2769456127554646,PBPF
536,16.490989208221436,0.3098246878029576,PBPF
538,16.55269694328308,0.2271620698523149,PBPF
540,16.604233264923096,0.2271620698523149,PBPF
542,16.661255598068237,0.2271620698523149,PBPF
544,16.72132658958435,0.2509078081080389,PBPF
546,16.774291276931763,0.2509078081080389,PBPF
548,16.83094882965088,0.2509078081080389,PBPF
550,16.894177436828613,0.2509078081080389,PBPF
552,16.94707417488098,0.27281322113229667,PBPF
554,16.973531246185303,0.27281322113229667,PBPF
556,17.017157793045044,0.27281322113229667,PBPF
558,17.075711250305176,0.27281322113229667,PBPF
560,17.141956090927124,0.19818007039712082,PBPF
562,17.20868182182312,0.20883393889867286,PBPF
564,17.263776779174805,0.20883393889867286,PBPF
566,17.320448398590088,0.20883393889867286,PBPF
568,17.38877034187317,0.2114790020334718,PBPF
570,17.45237898826599,0.2114790020334718,PBPF
572,17.514840841293335,0.2114790020334718,PBPF
574,17.58085346221924,0.2116149239128733,PBPF
576,17.638864040374756,0.2116149239128733,PBPF
578,17.693848371505737,0.1703974704127269,PBPF
580,17.753589868545532,0.1703974704127269,PBPF
582,17.816831827163696,0.17047821244204897,PBPF
584,17.873464822769165,0.17047821244204897,PBPF
586,17.93253254890442,0.17047821244204897,PBPF
588,17.993536949157715,0.1706025776391451,PBPF
590,18.04704451560974,0.1706025776391451,PBPF
592,18.110657691955566,0.1706025776391451,PBPF
594,18.171072244644165,0.17065506662812968,PBPF
596,18.228907346725464,0.17065506662812968,PBPF
598,18.28385281562805,0.17065506662812968,PBPF
600,18.33816623687744,0.11151380534179456,PBPF
602,18.37959122657776,0.11151380534179456,PBPF
604,18.429879426956177,0.11135002657971871,PBPF
606,18.495760440826416,0.11135002657971871,PBPF
608,18.549580574035645,0.11135002657971871,PBPF
610,18.607955932617188,0.11135002657971871,PBPF
612,18.66103196144104,0.11135002657971871,PBPF
614,18.71422028541565,0.11135002657971871,PBPF
616,18.77859139442444,0.11151744129545538,PBPF
618,18.833252668380737,0.11151744129545538,PBPF
620,18.892752408981323,0.11151744129545538,PBPF
622,18.955812215805054,0.11144073718485359,PBPF
624,19.01399564743042,0.07690051257350472,PBPF
626,19.075411081314087,0.07690051257350472,PBPF
628,19.129490852355957,0.07690051257350472,PBPF
630,19.15158247947693,0.07690051257350472,PBPF
632,19.17556643486023,0.07690051257350472,PBPF
634,19.199044704437256,0.07690051257350472,PBPF
636,19.225550174713135,0.07701200021803256,PBPF
638,19.291127681732178,0.07701200021803256,PBPF
640,19.34906244277954,0.07701200021803256,PBPF
642,19.401058673858643,0.07701200021803256,PBPF
644,19.451077938079834,0.07701200021803256,PBPF
646,19.51740598678589,0.07712371183996147,PBPF
648,19.564460515975952,0.07712371183996147,PBPF
650,19.621906280517578,0.07712371183996147,PBPF
652,19.684340953826904,0.07712371183996147,PBPF
654,19.740684032440186,0.08303711296210547,PBPF
656,19.799887895584106,0.08303711296210547,PBPF
658,19.871984720230103,0.08303711296210547,PBPF
660,19.93370032310486,0.08303711296210547,PBPF
662,19.994481563568115,0.08091589411081568,PBPF
664,20.07042145729065,0.08091589411081568,PBPF
666,20.127379179000854,0.08091589411081568,PBPF
668,20.17882466316223,0.08091589411081568,PBPF
670,20.23713707923889,0.08125555496432302,PBPF
672,20.294793128967285,0.08125555496432302,PBPF
674,20.340735912322998,0.08125555496432302,PBPF
676,20.40022611618042,0.08959175920774332,PBPF
678,20.443192958831787,0.08959175920774332,PBPF
680,20.502561807632446,0.09364309962525041,PBPF
682,20.560367584228516,0.09364309962525041,PBPF
684,20.626253366470337,0.0942614134105959,PBPF
686,20.68325662612915,0.0942614134105959,PBPF
688,20.748838186264038,0.0942614134105959,PBPF
690,20.825996160507202,0.0942614134105959,PBPF
692,20.876838207244873,0.0942614134105959,PBPF
694,20.9421808719635,0.09426491829306283,PBPF
696,21.015113830566406,0.09426491829306283,PBPF
698,21.077150344848633,0.09426491829306283,PBPF
700,21.1414852142334,0.1010819834718868,PBPF
702,21.18622612953186,0.1010819834718868,PBPF
704,21.25769281387329,0.10108626484907735,PBPF
706,21.311895847320557,0.10108626484907735,PBPF
708,21.368921518325806,0.10108626484907735,PBPF
710,21.471869945526123,0.10107584704858041,PBPF
712,21.58042335510254,0.10107584704858041,PBPF
714,21.66804003715515,0.10107584704858041,PBPF
716,21.72955012321472,0.10111657528072637,PBPF
718,21.81611943244934,0.08925355198901119,PBPF
720,21.900758743286133,0.08925355198901119,PBPF
722,21.978446006774902,0.08925355198901119,PBPF
724,22.051027297973633,0.08916920354722624,PBPF
726,22.08039116859436,0.08916920354722624,PBPF
728,22.145179271697998,0.08916920354722624,PBPF
730,22.168821573257446,0.08916920354722624,PBPF
732,22.214133262634277,0.08916920354722624,PBPF
734,22.25953483581543,0.08916920354722624,PBPF
736,22.306476831436157,0.0895810859922701,PBPF
738,22.360705852508545,0.0895810859922701,PBPF
740,22.42374897003174,0.0895810859922701,PBPF
742,22.48051691055298,0.05135074125030581,PBPF
744,22.539445400238037,0.051990419292222256,PBPF
746,22.597088098526,0.051990419292222256,PBPF
748,22.6610586643219,0.051990419292222256,PBPF
750,22.701092004776,0.052296820295171464,PBPF
752,22.75118374824524,0.052296820295171464,PBPF
754,22.810686588287354,0.052296820295171464,PBPF
756,22.852829933166504,0.052296820295171464,PBPF
758,22.912426233291626,0.05233176971822484,PBPF
760,22.961358547210693,0.05233176971822484,PBPF
762,23.014086484909058,0.05233176971822484,PBPF
764,23.040374040603638,0.05233176971822484,PBPF
766,23.078936338424683,0.05233176971822484,PBPF
768,23.13624095916748,0.05240858221984279,PBPF
770,23.155141353607178,0.05240858221984279,PBPF
772,23.203335762023926,0.05240858221984279,PBPF
774,23.243569374084473,0.05240858221984279,PBPF
776,23.31880474090576,0.05319837645534786,PBPF
778,23.38116765022278,0.05314739017749215,PBPF
780,23.426112413406372,0.05314739017749215,PBPF
782,23.474205493927002,0.05314739017749215,PBPF
784,23.525134801864624,0.05314739017749215,PBPF
786,23.58173131942749,0.05314739017749215,PBPF
788,23.615129470825195,0.05313449719537644,PBPF
790,23.643421411514282,0.05313449719537644,PBPF
792,23.71143627166748,0.05313449719537644,PBPF
794,23.748990774154663,0.05313449719537644,PBPF
796,23.794093370437622,0.05313449719537644,PBPF
798,23.833240747451782,0.0530812098690463,PBPF
800,23.882378816604614,0.0530812098690463,PBPF
802,23.954638242721558,0.053452461939122564,PBPF
804,24.001470804214478,0.053452461939122564,PBPF
806,24.034492015838623,0.053452461939122564,PBPF
808,24.065740823745728,0.053452461939122564,PBPF
810,24.08979558944702,0.053452461939122564,PBPF
812,24.112770795822144,0.053452461939122564,PBPF
814,24.139896631240845,0.053452461939122564,PBPF
816,24.177460432052612,0.05328417363187565,PBPF
818,24.20124363899231,0.05328417363187565,PBPF
820,24.226722955703735,0.05328417363187565,PBPF
822,24.25122618675232,0.05328417363187565,PBPF
824,24.276428937911987,0.05328417363187565,PBPF
826,24.300408840179443,0.05328417363187565,PBPF
828,24.330182552337646,0.05328417363187565,PBPF
830,24.355077505111694,0.05328417363187565,PBPF
832,24.382097482681274,0.05328417363187565,PBPF
834,24.42027759552002,0.05328417363187565,PBPF
836,24.471182107925415,0.04520883318244273,PBPF
838,24.51886248588562,0.04520883318244273,PBPF
840,24.548421144485474,0.04520883318244273,PBPF
842,24.60822319984436,0.04520883318244273,PBPF
844,24.671659231185913,0.056200924697818344,PBPF
846,24.768125534057617,0.05469476160475395,PBPF
848,24.828514337539673,0.05469476160475395,PBPF
850,24.85813617706299,0.05469476160475395,PBPF
852,24.892566680908203,0.05469476160475395,PBPF
854,24.926844596862793,0.05469476160475395,PBPF
856,24.95853352546692,0.05469476160475395,PBPF
858,24.98606514930725,0.05469476160475395,PBPF
860,25.07044816017151,0.05533841700200881,PBPF
862,25.109694957733154,0.05533841700200881,PBPF
864,25.140308380126953,0.05533841700200881,PBPF
866,25.174246549606323,0.05533841700200881,PBPF
868,25.25180745124817,0.05606464711993109,PBPF
870,25.303585529327393,0.05606464711993109,PBPF
872,25.337188720703125,0.05606464711993109,PBPF
874,25.414287090301514,0.05588330748507264,PBPF
876,25.496314764022827,0.05588330748507264,PBPF
878,25.54284930229187,0.08851629101675229,PBPF
880,25.716861248016357,0.08856834536628,PBPF
882,25.77917742729187,0.08856834536628,PBPF
884,25.866984844207764,0.0884538413767677,PBPF
886,25.9433376789093,0.0884538413767677,PBPF
888,26.01954412460327,0.0886691161798332,PBPF
890,26.084156274795532,0.0886691161798332,PBPF
892,26.178681135177612,0.09130244155795708,PBPF
894,26.255357027053833,0.09126371252343368,PBPF
896,26.318260431289673,0.09126371252343368,PBPF
898,26.367310285568237,0.09126371252343368,PBPF
900,26.39403486251831,0.09126371252343368,PBPF
902,26.422551155090332,0.09126371252343368,PBPF
904,26.453137397766113,0.09126371252343368,PBPF
906,26.482253789901733,0.09126371252343368,PBPF
908,26.52878999710083,0.09107670918710564,PBPF
910,26.56616997718811,0.09107670918710564,PBPF
912,26.597999334335327,0.09107670918710564,PBPF
914,26.657087326049805,0.09107670918710564,PBPF
916,26.689584970474243,0.09107670918710564,PBPF
918,26.71507740020752,0.09107670918710564,PBPF
920,26.770912647247314,0.07260508537459653,PBPF
922,26.818315267562866,0.07260508537459653,PBPF
924,26.86573100090027,0.07297056373541277,PBPF
926,26.92191457748413,0.07297056373541277,PBPF
928,26.97115731239319,0.07297056373541277,PBPF
930,27.02536106109619,0.07297056373541277,PBPF
932,27.075880527496338,0.07297056373541277,PBPF
934,27.140928745269775,0.07287805471250053,PBPF
936,27.191301584243774,0.07287805471250053,PBPF
938,27.244115114212036,0.07287805471250053,PBPF
940,27.291707515716553,0.07287805471250053,PBPF
942,27.392924070358276,0.07226430445844301,PBPF
944,27.49405312538147,0.08034462998285363,PBPF
946,27.55240035057068,0.08032668212719951,PBPF
948,27.58656406402588,0.08032668212719951,PBPF
950,27.621480464935303,0.08032668212719951,PBPF
952,27.657076358795166,0.08032668212719951,PBPF
954,27.6932532787323,0.08032668212719951,PBPF
956,27.76218867301941,0.08081735914607169,PBPF
958,27.847857236862183,0.08081735914607169,PBPF
960,27.940328359603882,0.08077894452382672,PBPF
962,28.01459765434265,0.08077894452382672,PBPF
964,28.059765577316284,0.08077894452382672,PBPF
966,28.145532369613647,0.0808817663427357,PBPF
968,28.230550289154053,0.0808817663427357,PBPF
970,28.289185762405396,0.09311514978378899,PBPF
972,28.34592032432556,0.09311514978378899,PBPF
974,28.398350477218628,0.09311514978378899,PBPF
976,28.436288595199585,0.09311514978378899,PBPF
978,28.498575925827026,0.09311514978378899,PBPF
980,28.524664163589478,0.09311684288048028,PBPF
982,28.544697999954224,0.09311684288048028,PBPF
984,28.593119859695435,0.09311684288048028,PBPF
986,28.63832187652588,0.09311684288048028,PBPF
988,28.669218063354492,0.09311684288048028,PBPF
990,28.716304779052734,0.09311684288048028,PBPF
992,28.769357204437256,0.09311684288048028,PBPF
994,28.816949129104614,0.09311684288048028,PBPF
996,28.867371320724487,0.093119697882182,PBPF
998,28.91142177581787,0.093119697882182,PBPF
1000,28.974427223205566,0.09523634608115206,PBPF
1002,29.013858795166016,0.09523634608115206,PBPF
1004,29.056730270385742,0.09523634608115206,PBPF
1006,29.091880083084106,0.09523634608115206,PBPF
1008,29.13969397544861,0.09525732990850866,PBPF
1010,29.185364484786987,0.09525732990850866,PBPF
1012,29.238537311553955,0.09525732990850866,PBPF
1014,29.277449131011963,0.09525732990850866,PBPF
1016,29.30772876739502,0.09525732990850866,PBPF
1018,29.34419846534729,0.09525732990850866,PBPF
1020,29.378215789794922,0.09525732990850866,PBPF
1022,29.41861391067505,0.09525732990850866,PBPF
1024,29.457048892974854,0.09525732990850866,PBPF
1026,29.485145092010498,0.09525732990850866,PBPF
1028,29.517541646957397,0.09525732990850866,PBPF
1030,29.54624629020691,0.09525732990850866,PBPF
1032,29.6066472530365,0.0617322070888795,PBPF
1034,29.640349626541138,0.0617322070888795,PBPF
1036,29.66792368888855,0.0617322070888795,PBPF
1038,29.714126348495483,0.0617322070888795,PBPF
1040,29.75243067741394,0.0617322070888795,PBPF
1042,29.79241156578064,0.06120302616821416,PBPF
1044,29.8264217376709,0.06120302616821416,PBPF
1046,29.858238220214844,0.06120302616821416,PBPF
1048,29.898410320281982,0.06120302616821416,PBPF
1050,29.93348479270935,0.06120302616821416,PBPF
1052,29.961711168289185,0.06120302616821416,PBPF
1054,29.99900460243225,0.06120302616821416,PBPF
1056,30.03444004058838,0.06120302616821416,PBPF
1058,30.059386491775513,0.060232825819828584,PBPF
1060,30.092865467071533,0.060232825819828584,PBPF
1062,30.1204252243042,0.060232825819828584,PBPF
1064,30.14291477203369,0.060232825819828584,PBPF
1066,30.168365716934204,0.060232825819828584,PBPF
1068,30.195462942123413,0.060232825819828584,PBPF
1070,30.221073627471924,0.060232825819828584,PBPF
1072,30.24575901031494,0.060232825819828584,PBPF
1074,30.27309226989746,0.060232825819828584,PBPF
1076,30.315908432006836,0.05894106784779307,PBPF
1078,30.350353240966797,0.04683394111352701,PBPF
1080,30.38077974319458,0.04683394111352701,PBPF
1082,30.411046266555786,0.04683394111352701,PBPF
1084,30.4416925907135,0.04683394111352701,PBPF
1086,30.47518539428711,0.04683394111352701,PBPF
1088,30.541935920715332,0.04683394111352701,PBPF
1090,30.594817399978638,0.046847053195292254,PBPF
1092,30.64161443710327,0.046847053195292254,PBPF
1094,30.671212196350098,0.046847053195292254,PBPF
1096,30.703381061553955,0.046847053195292254,PBPF
1098,30.752588272094727,0.046847053195292254,PBPF
1100,30.818445205688477,0.04672738891475525,PBPF
1102,30.875514268875122,0.04672738891475525,PBPF
1104,30.932751655578613,0.03205219269892279,PBPF
1106,30.967150449752808,0.03205219269892279,PBPF
1108,30.992663145065308,0.03205219269892279,PBPF
1110,31.055060148239136,0.04630611456475364,PBPF
1112,31.1024649143219,0.04630611456475364,PBPF
1114,31.14737343788147,0.04630611456475364,PBPF
1116,31.1808340549469,0.04630611456475364,PBPF
1118,31.21703004837036,0.04630611456475364,PBPF
1120,31.25820541381836,0.09346751379768214,PBPF
1122,31.29307246208191,0.09346751379768214,PBPF
1124,31.33723211288452,0.09346751379768214,PBPF
1126,31.39471745491028,0.09346751379768214,PBPF
1128,31.453258275985718,0.09346751379768214,PBPF
1130,31.50059175491333,0.13057882550084265,PBPF
1132,31.53052520751953,0.11523108142325,PBPF
1134,31.55626082420349,0.11523108142325,PBPF
1136,31.605749130249023,0.11523108142325,PBPF
1138,31.642286777496338,0.11523108142325,PBPF
1140,31.696110010147095,0.11523108142325,PBPF
1142,31.75157928466797,0.11523108142325,PBPF
1144,31.795748710632324,0.11523108142325,PBPF
1146,31.858364582061768,0.11914288038612852,PBPF
1148,31.89750361442566,0.11914288038612852,PBPF
1150,31.946274042129517,0.11914288038612852,PBPF
1152,31.98834729194641,0.11914288038612852,PBPF
1154,32.037002086639404,0.11914288038612852,PBPF
1156,32.08612275123596,0.11914288038612852,PBPF
1158,32.13266205787659,0.12080446019323077,PBPF
1160,32.18566370010376,0.12080446019323077,PBPF
1162,32.21568822860718,0.12080446019323077,PBPF
1164,32.2628059387207,0.12080446019323077,PBPF
1166,32.29945421218872,0.12080446019323077,PBPF
1168,32.32588601112366,0.12080446019323077,PBPF
1170,32.38182473182678,0.07732205022960947,PBPF
1172,32.41384696960449,0.0799086718559181,PBPF
1174,32.464967489242554,0.0799086718559181,PBPF
1176,32.5023353099823,0.0799086718559181,PBPF
1178,32.52756953239441,0.0799086718559181,PBPF
1180,32.5620973110199,0.0799086718559181,PBPF
1182,32.59501791000366,0.0799086718559181,PBPF
1184,32.62817931175232,0.0799086718559181,PBPF
1186,32.673728942871094,0.07863728260202851,PBPF
1188,32.69417905807495,0.07863728260202851,PBPF
1190,32.72360849380493,0.07863728260202851,PBPF
1192,32.75281000137329,0.07863728260202851,PBPF
1194,32.785030364990234,0.07863728260202851,PBPF
1196,32.81328058242798,0.07863728260202851,PBPF
1198,32.839744329452515,0.07863728260202851,PBPF
1200,32.87266945838928,0.07863728260202851,PBPF
1202,32.90429472923279,0.07863728260202851,PBPF
1204,32.93977427482605,0.07863728260202851,PBPF
1206,32.96870398521423,0.07863728260202851,PBPF
1208,33.01073098182678,0.07654937544929918,PBPF
1210,33.06732130050659,0.07654937544929918,PBPF
1212,33.10338497161865,0.07654937544929918,PBPF
1214,33.13078832626343,0.07654937544929918,PBPF
1216,33.15680265426636,0.07654937544929918,PBPF
1218,33.176878213882446,0.07654937544929918,PBPF
1220,33.202569246292114,0.07654937544929918,PBPF
1222,33.22908663749695,0.07654937544929918,PBPF
1224,33.263423204422,0.05111826044600498,PBPF
1226,33.29382514953613,0.05111826044600498,PBPF
1228,33.32727122306824,0.04908773919522158,PBPF
1230,33.35722303390503,0.04908773919522158,PBPF
1232,33.388877153396606,0.04908773919522158,PBPF
1234,33.41839027404785,0.04908773919522158,PBPF
1236,33.450703144073486,0.04908773919522158,PBPF
1238,33.47888231277466,0.04908773919522158,PBPF
1240,33.51520013809204,0.04908773919522158,PBPF
1242,33.56788158416748,0.04794487341180975,PBPF
1244,33.61232280731201,0.04794487341180975,PBPF
1246,33.66642689704895,0.04794487341180975,PBPF
1248,33.72565793991089,0.04794487341180975,PBPF
1250,33.776097774505615,0.04794487341180975,PBPF
1252,33.843281745910645,0.046097739731714604,PBPF
1254,33.90130829811096,0.046097739731714604,PBPF
1256,33.95742154121399,0.046097739731714604,PBPF
1258,34.03740382194519,0.046097739731714604,PBPF
1260,34.09851908683777,0.048636554827498735,PBPF
1262,34.161454916000366,0.048038743514439375,PBPF
1264,34.22871732711792,0.048038743514439375,PBPF
1266,34.261592388153076,0.048038743514439375,PBPF
1268,34.30807638168335,0.048038743514439375,PBPF
1270,34.33337044715881,0.048038743514439375,PBPF
1272,34.363868951797485,0.048038743514439375,PBPF
1274,34.41024088859558,0.05162749298591951,PBPF
1276,34.46392345428467,0.05162749298591951,PBPF
1278,34.50905919075012,0.05162749298591951,PBPF
1280,34.55311465263367,0.05162749298591951,PBPF
1282,34.58755683898926,0.05162749298591951,PBPF
1284,34.62031936645508,0.05513776623766642,PBPF
1286,34.685237884521484,0.05513776623766642,PBPF
1288,34.75296092033386,0.05513776623766642,PBPF
1290,34.83263349533081,0.05513776623766642,PBPF
1292,34.904196977615356,0.05513776623766642,PBPF
1294,34.96421813964844,0.031443373087050475,PBPF
1296,35.03567433357239,0.031443373087050475,PBPF
1298,35.060943365097046,0.031443373087050475,PBPF
1300,35.084659814834595,0.031443373087050475,PBPF
1302,35.110859632492065,0.031443373087050475,PBPF
1304,35.1352972984314,0.031443373087050475,PBPF
1306,35.15720891952515,0.031443373087050475,PBPF
1308,35.22344183921814,0.031291981881977016,PBPF
1310,35.265995502471924,0.031291981881977016,PBPF
1312,35.28564953804016,0.031291981881977016,PBPF
1314,35.3087432384491,0.031291981881977016,PBPF
1316,35.33539128303528,0.031291981881977016,PBPF
1318,35.353352308273315,0.031291981881977016,PBPF
1320,35.37696170806885,0.031291981881977016,PBPF
1322,35.43010234832764,0.03087518552051982,PBPF
1324,35.49488639831543,0.03087518552051982,PBPF
1326,35.5162250995636,0.03087518552051982,PBPF
1328,35.538248777389526,0.03087518552051982,PBPF
1330,35.558735370635986,0.03087518552051982,PBPF
1332,35.58507752418518,0.03087518552051982,PBPF
1334,35.609060525894165,0.05950916145194807,PBPF
1336,35.68780708312988,0.05950670913547196,PBPF
1338,35.73270320892334,0.05950670913547196,PBPF
1340,35.75651431083679,0.05950670913547196,PBPF
1342,35.79788613319397,0.05950670913547196,PBPF
1344,35.82234287261963,0.05950670913547196,PBPF
1346,35.856152057647705,0.05950670913547196,PBPF
1348,35.923259973526,0.05935412004547569,PBPF
1350,35.972718954086304,0.05935412004547569,PBPF
1352,36.01406979560852,0.05935412004547569,PBPF
1354,36.044859409332275,0.05935412004547569,PBPF
1356,36.08340311050415,0.05935412004547569,PBPF
1358,36.14794564247131,0.059536583558589484,PBPF
1360,36.19791889190674,0.059536583558589484,PBPF
1362,36.22232913970947,0.059536583558589484,PBPF
1364,36.26173233985901,0.059536583558589484,PBPF
1366,36.292460680007935,0.059536583558589484,PBPF
1368,36.33660912513733,0.059536583558589484,PBPF
1370,36.4369695186615,0.07551195392029975,PBPF
1372,36.51004242897034,0.07551195392029975,PBPF
1374,36.570876598358154,0.07551195392029975,PBPF
1376,36.640592098236084,0.07551050794267322,PBPF
1378,36.69167876243591,0.07551050794267322,PBPF
1380,36.735766887664795,0.07551050794267322,PBPF
1382,36.76806378364563,0.07551050794267322,PBPF
1384,36.85269331932068,0.07551691728196719,PBPF
1386,36.88458704948425,0.07551691728196719,PBPF
1388,36.91731381416321,0.07551691728196719,PBPF
1390,36.95008087158203,0.07551691728196719,PBPF
1392,36.98798394203186,0.07551691728196719,PBPF
1394,37.06794476509094,0.07551034235463483,PBPF
1396,37.15078258514404,0.07551034235463483,PBPF
1398,37.24081087112427,0.07551034235463483,PBPF
1400,37.27054286003113,0.07551034235463483,PBPF
1402,37.2976233959198,0.07551034235463483,PBPF
1404,37.32299613952637,0.07551152770329761,PBPF
1406,37.381269454956055,0.011982269033201653,PBPF
1408,37.41546320915222,0.011982269033201653,PBPF
1410,37.4520947933197,0.011982269033201653,PBPF
1412,37.49470829963684,0.011982269033201653,PBPF
1414,37.52779936790466,0.011982269033201653,PBPF
1416,37.565404176712036,0.011982269033201653,PBPF
1418,37.591206789016724,0.011982269033201653,PBPF
1420,37.659698724746704,0.012034909051941156,PBPF
1422,37.69586491584778,0.012034909051941156,PBPF
1424,37.7248101234436,0.012034909051941156,PBPF
1426,37.77493691444397,0.012034909051941156,PBPF
1428,37.82677698135376,0.012034909051941156,PBPF
1430,37.864806175231934,0.012034909051941156,PBPF
1432,37.89050579071045,0.012034909051941156,PBPF
1434,37.978811264038086,0.05000002288394434,PBPF
1436,38.01990842819214,0.05000002288394434,PBPF
1438,38.04837775230408,0.05000002288394434,PBPF
1440,38.0827431678772,0.05000002288394434,PBPF
1442,38.11483359336853,0.05000002288394434,PBPF
1444,38.140852212905884,0.05000002288394434,PBPF
1446,38.18246531486511,0.04983098211473891,PBPF
1448,38.235305070877075,0.04983098211473891,PBPF
1450,38.2757523059845,0.04983098211473891,PBPF
1452,38.322685956954956,0.04983098211473891,PBPF
1454,38.347923040390015,0.04983098211473891,PBPF
1456,38.39104080200195,0.04983098211473891,PBPF
1458,38.440821170806885,0.04983098211473891,PBPF
1460,38.51556086540222,0.04961457048526796,PBPF
1462,38.580039978027344,0.04119010082269359,PBPF
1464,38.652313470840454,0.04119010082269359,PBPF
1466,38.715110778808594,0.04119010082269359,PBPF
1468,38.78243827819824,0.041462377663260774,PBPF
1470,38.841354846954346,0.041462377663260774,PBPF
1472,38.91522932052612,0.041462377663260774,PBPF
1474,38.989665269851685,0.041462377663260774,PBPF
1476,39.074490547180176,0.04303841588951851,PBPF
1478,39.15306353569031,0.04303841588951851,PBPF
1480,39.20564413070679,0.04303841588951851,PBPF
1482,39.28073859214783,0.04303841588951851,PBPF
1484,39.36871528625488,0.05709985937393025,PBPF
1486,39.44427824020386,0.05709985937393025,PBPF
1488,39.51700162887573,0.05709985937393025,PBPF
1490,39.55836343765259,0.05709985937393025,PBPF
1492,39.60951018333435,0.05709985937393025,PBPF
1494,39.64223051071167,0.057528469916223735,PBPF
1496,39.68393921852112,0.057528469916223735,PBPF
1498,39.7322154045105,0.057528469916223735,PBPF
1500,39.79834008216858,0.057528469916223735,PBPF
1502,39.86873531341553,0.057528469916223735,PBPF
1504,39.92603087425232,0.059103401751693596,PBPF
1506,39.977105140686035,0.059103401751693596,PBPF
1508,40.03856897354126,0.059103401751693596,PBPF
1510,40.09044170379639,0.059103401751693596,PBPF
1512,40.129387617111206,0.058874304260027266,PBPF
1514,40.17319440841675,0.058874304260027266,PBPF
1516,40.224196910858154,0.05329273940546653,PBPF
1518,40.26269054412842,0.05329273940546653,PBPF
1520,40.29259967803955,0.05329273940546653,PBPF
1522,40.33039355278015,0.05329273940546653,PBPF
1524,40.39715361595154,0.05166206579799226,PBPF
1526,40.446382999420166,0.05166206579799226,PBPF
1528,40.49170136451721,0.05166206579799226,PBPF
1530,40.5388400554657,0.05166206579799226,PBPF
1532,40.57803273200989,0.05166206579799226,PBPF
1534,40.658878803253174,0.05030388985304324,PBPF
1536,40.72277593612671,0.05030388985304324,PBPF
1538,40.761316776275635,0.05030388985304324,PBPF
1540,40.80316710472107,0.05030388985304324,PBPF
1542,40.88878083229065,0.05012583263466297,PBPF
1544,40.93963265419006,0.06671091244405147,PBPF
1546,40.98427200317383,0.06671091244405147,PBPF
1548,41.042391777038574,0.06671091244405147,PBPF
1550,41.12005019187927,0.06721250628173703,PBPF
1552,41.16203713417053,0.06721250628173703,PBPF
1554,41.20682692527771,0.06721250628173703,PBPF
1556,41.278400897979736,0.06825052931876208,PBPF
1558,41.3395049571991,0.06825052931876208,PBPF
1560,41.38229489326477,0.06825052931876208,PBPF
1562,41.42857527732849,0.06825052931876208,PBPF
1564,41.51087546348572,0.06819865153926674,PBPF
1566,41.55295372009277,0.06819865153926674,PBPF
1568,41.61580157279968,0.06819865153926674,PBPF
1570,41.67582654953003,0.03397268097623485,PBPF
1572,41.71005344390869,0.03364457400205989,PBPF
1574,41.74103403091431,0.03364457400205989,PBPF
1576,41.78697609901428,0.03364457400205989,PBPF
1578,41.836018323898315,0.03364457400205989,PBPF
1580,41.901329040527344,0.03364457400205989,PBPF
1582,41.95604944229126,0.03321013882166035,PBPF
1584,42.01043152809143,0.03321013882166035,PBPF
1586,42.05020523071289,0.03321013882166035,PBPF
1588,42.120386838912964,0.03321013882166035,PBPF
1590,42.16886639595032,0.03321013882166035,PBPF
1592,42.26163983345032,0.03311117379464701,PBPF
1594,42.30572748184204,0.03311117379464701,PBPF
1596,42.35111331939697,0.03311117379464701,PBPF
1598,42.39690971374512,0.03311117379464701,PBPF
1600,42.43763780593872,0.03311117379464701,PBPF
1602,42.48293352127075,0.06467024382838282,PBPF
1604,42.56634473800659,0.06511076189485188,PBPF
1606,42.6090772151947,0.06511076189485188,PBPF
1608,42.62997794151306,0.06511076189485188,PBPF
1610,42.66071939468384,0.06511076189485188,PBPF
1612,42.703545808792114,0.06511076189485188,PBPF
1614,42.72911882400513,0.06511076189485188,PBPF
1616,42.75344443321228,0.06511076189485188,PBPF
1618,42.77957725524902,0.06511076189485188,PBPF
1620,42.807011127471924,0.06511076189485188,PBPF
1622,42.89450693130493,0.06657654247080647,PBPF
1624,42.947293519973755,0.06657654247080647,PBPF
1626,43.003662109375,0.06657654247080647,PBPF
1628,43.04792261123657,0.06657654247080647,PBPF
1630,43.11548733711243,0.06657654247080647,PBPF
1632,43.15454077720642,0.07143967608383583,PBPF
1634,43.17896580696106,0.07143967608383583,PBPF
1636,43.26571798324585,0.071232715899896,PBPF
1638,43.34519100189209,0.071232715899896,PBPF
1640,43.420445680618286,0.071232715899896,PBPF
1642,43.494235038757324,0.07134855539872653,PBPF
1644,43.55722761154175,0.07134855539872653,PBPF
1646,43.64873266220093,0.07134855539872653,PBPF
1648,43.690913915634155,0.07134855539872653,PBPF
1650,43.73225998878479,0.07134855539872653,PBPF
1652,43.77665066719055,0.07134855539872653,PBPF
1654,43.82305073738098,0.0711305849745516,PBPF
1656,43.85203695297241,0.0711305849745516,PBPF
1658,43.90121555328369,0.0740949259592254,PBPF
1660,43.92967891693115,0.0740949259592254,PBPF
1662,43.97835993766785,0.0740949259592254,PBPF
1664,44.010082721710205,0.0740949259592254,PBPF
1666,44.03738474845886,0.0740949259592254,PBPF
1668,44.07226872444153,0.0740949259592254,PBPF
1670,44.10897612571716,0.0740949259592254,PBPF
1672,44.13965392112732,0.0740949259592254,PBPF
1674,44.17121362686157,0.0740949259592254,PBPF
1676,44.211477756500244,0.07410726352741914,PBPF
1678,44.24331712722778,0.07410726352741914,PBPF
1680,44.28629016876221,0.07410726352741914,PBPF
1682,44.32191061973572,0.07410726352741914,PBPF
1684,44.36141896247864,0.07410726352741914,PBPF
1686,44.39242458343506,0.07410726352741914,PBPF
1688,44.44878959655762,0.07410726352741914,PBPF
1690,44.532058238983154,0.0741124532782722,PBPF
1692,44.59305500984192,0.0741124532782722,PBPF
1694,44.650834798812866,0.0741124532782722,PBPF
1696,44.74333691596985,0.07440709039195426,PBPF
1698,44.80552315711975,0.07440709039195426,PBPF
1700,44.86203956604004,0.07440709039195426,PBPF
1702,44.9032838344574,0.07440709039195426,PBPF
1704,44.93575644493103,0.07440709039195426,PBPF
1706,44.9747154712677,0.07440709039195426,PBPF
1708,45.02760171890259,0.07745014149670126,PBPF
1710,45.088491439819336,0.07572424792204568,PBPF
1712,45.14069628715515,0.07572424792204568,PBPF
1714,45.214848279953,0.07572424792204568,PBPF
1716,45.274781942367554,0.07572424792204568,PBPF
1718,45.336649894714355,0.0758138712059111,PBPF
1720,45.401175022125244,0.0758138712059111,PBPF
1722,45.46858215332031,0.0758138712059111,PBPF
1724,45.5484402179718,0.0758138712059111,PBPF
1726,45.638123512268066,0.07696409344919353,PBPF
1728,45.69304966926575,0.07696409344919353,PBPF
1730,45.750431537628174,0.07696409344919353,PBPF
1732,45.81105279922485,0.10043414121253225,PBPF
1734,45.874122858047485,0.0943704759145998,PBPF
1736,45.949604511260986,0.0943704759145998,PBPF
1738,46.02854323387146,0.0943704759145998,PBPF
1740,46.079984188079834,0.09424342858614843,PBPF
1742,46.14839243888855,0.09424342858614843,PBPF
1744,46.177619218826294,0.09424342858614843,PBPF
1746,46.20724081993103,0.09424342858614843,PBPF
1748,46.23033833503723,0.09424342858614843,PBPF
1750,46.269389629364014,0.09424342858614843,PBPF
1752,46.2986626625061,0.09424342858614843,PBPF
1754,46.323599338531494,0.09424342858614843,PBPF
1756,46.34925866127014,0.09424342858614843,PBPF
1758,46.404144287109375,0.09527332325909654,PBPF
1760,46.45712852478027,0.09527332325909654,PBPF
1762,46.48018455505371,0.09527332325909654,PBPF
1764,46.50837230682373,0.060014735939971864,PBPF
1766,46.5383517742157,0.060014735939971864,PBPF
1768,46.562835693359375,0.060014735939971864,PBPF
1770,46.588775396347046,0.060014735939971864,PBPF
1772,46.61279058456421,0.060014735939971864,PBPF
1774,46.636075019836426,0.060014735939971864,PBPF
1776,46.660810232162476,0.060014735939971864,PBPF
1778,46.68711256980896,0.05983189329691552,PBPF
1780,46.73606991767883,0.05983189329691552,PBPF
1782,46.774648904800415,0.05983189329691552,PBPF
1784,46.79830527305603,0.05983189329691552,PBPF
1786,46.82189226150513,0.05983189329691552,PBPF
1788,46.84621262550354,0.05983189329691552,PBPF
1790,46.88558530807495,0.05983189329691552,PBPF
