1,0.011064767837524414,0.017411185637741005,obse
3,0.06547260284423828,0.02573828211446111,obse
5,0.11844849586486816,0.016497131542533287,obse
7,0.1520380973815918,0.023008136224168346,obse
9,0.21236610412597656,0.028687516098607806,obse
11,0.2896857261657715,0.021766156351747206,obse
13,0.39594388008117676,0.028534108764898005,obse
15,0.49503254890441895,0.036540902011572673,obse
17,0.5787379741668701,0.006889363186753509,obse
19,0.6811223030090332,0.04593269683439589,obse
21,0.7793447971343994,0.012245855226301417,obse
23,0.8545548915863037,0.01232601116262284,obse
25,0.9241161346435547,0.03373251221566154,obse
27,0.9926190376281738,0.02766788595493668,obse
29,1.0717010498046875,0.02176992795170295,obse
31,1.1478562355041504,0.03284303065149869,obse
33,1.2209863662719727,0.04056083740452865,obse
35,1.2822341918945312,0.02965099503424298,obse
37,1.3499724864959717,0.04700897361775681,obse
39,1.421405553817749,0.02786478624037288,obse
41,1.500065565109253,0.013186998803951301,obse
43,1.5267925262451172,0.01738458281551327,obse
45,1.5567755699157715,0.013832179641101639,obse
47,1.5869250297546387,0.009542820222155766,obse
49,1.6166017055511475,0.019909529195352105,obse
51,1.6949844360351562,0.03171137093332739,obse
53,1.7756035327911377,0.029855522833948673,obse
55,1.816744089126587,0.017378854127003115,obse
57,1.8492538928985596,0.025598810360773334,obse
59,1.9056951999664307,0.007070195900062406,obse
61,1.9977402687072754,0.03937677723499518,obse
63,2.081005811691284,0.02294204733095455,obse
65,2.1598639488220215,0.02377802984260063,obse
67,2.2353572845458984,0.03050278612401064,obse
69,2.2682602405548096,0.024955943963873493,obse
71,2.30407452583313,0.04043131256111905,obse
73,2.354556083679199,0.037945262837673834,obse
75,2.4320414066314697,0.01027328416969159,obse
77,2.4671082496643066,0.01917643760472955,obse
79,2.503826141357422,0.0451925598384513,obse
81,2.544703960418701,0.03533635295294184,obse
83,2.5782277584075928,0.013104312173199876,obse
85,2.6135387420654297,0.004192865685298331,obse
87,2.664674758911133,0.04991232509949881,obse
89,2.740124225616455,0.07170537129675193,obse
91,2.7747344970703125,0.003857024490424392,obse
93,2.807523727416992,0.013501510404921542,obse
95,2.842266798019409,0.031287057767914725,obse
97,2.8705811500549316,0.035425711878617545,obse
99,2.9001927375793457,0.03467926350827836,obse
101,2.933403730392456,0.025089768546533,obse
103,2.966986894607544,0.01230354626263375,obse
105,3.0059900283813477,0.021703666172894376,obse
107,3.068054676055908,0.028367279579313773,obse
109,3.1403722763061523,0.022370328017485203,obse
111,3.1778252124786377,0.018027756024178936,obse
113,3.2056827545166016,0.037780944366042464,obse
115,3.2375426292419434,0.03332049637412645,obse
117,3.2664339542388916,0.03915159757702232,obse
119,3.294072389602661,0.029441638326001007,obse
121,3.3522396087646484,0.02380004008696178,obse
123,3.4369757175445557,0.008835071705710431,obse
125,3.521745204925537,0.012769487520629575,obse
127,3.5964691638946533,0.0054682609348603506,obse
129,3.6415200233459473,0.02836842951583691,obse
131,3.6782851219177246,0.05944274756769548,obse
133,3.7678608894348145,0.019961696947297596,obse
135,3.8569796085357666,0.04236533476164095,obse
137,3.925011157989502,0.021033864412413738,obse
139,3.9872477054595947,0.0050288445165168885,obse
141,4.061312198638916,0.0589458981772903,obse
143,4.129953384399414,0.014213775524893047,obse
145,4.188539981842041,0.024721687305340738,obse
147,4.2466466426849365,0.014379239543837182,obse
149,4.3059327602386475,0.03836547240370383,obse
151,4.357712745666504,0.023256804418442377,obse
153,4.437943696975708,0.017725632640962045,obse
155,4.502201080322266,0.022148822271642138,obse
157,4.612096548080444,0.019965400454796754,obse
159,4.690600156784058,0.03763836278021654,obse
161,4.834462642669678,0.02216242411928417,obse
163,4.911409854888916,0.010465972205868578,obse
165,4.98930025100708,0.018300086114800076,obse
167,5.065797567367554,0.006697096066580275,obse
169,5.156153678894043,0.0032300879318663614,obse
171,5.212823390960693,0.013827881076198645,obse
173,5.255984544754028,0.007959710137182342,obse
175,5.300430774688721,0.06195184159918168,obse
177,5.335454940795898,0.027724410527099026,obse
179,5.368998050689697,0.030711502960779624,obse
181,5.395766735076904,0.049643174595613335,obse
183,5.425274610519409,0.02288296004597532,obse
185,5.459882020950317,0.024853213485460053,obse
187,5.525331735610962,0.01490003931637536,obse
189,5.594817638397217,0.018213848466957665,obse
191,5.650888204574585,0.02193416130113151,obse
193,5.711772441864014,0.013209277989826474,obse
195,5.8231329917907715,0.018899136630087993,obse
197,5.944790601730347,0.013623247893354997,obse
199,6.069530010223389,0.030347728681628286,obse
201,6.184309244155884,0.028012817857372183,obse
203,6.24545693397522,0.02281680262201578,obse
205,6.2908546924591064,0.010513903780428673,obse
207,6.31566309928894,0.01827520963181325,obse
209,6.3685407638549805,0.02989410487983027,obse
211,6.429913520812988,0.023740519175874115,obse
213,6.491134405136108,0.010466506486704726,obse
215,6.568751811981201,0.03854137201296304,obse
217,6.634305477142334,0.027771080576994445,obse
219,6.696712255477905,0.027771080576994445,obse
221,6.760971546173096,0.018152196507480057,obse
223,6.856224536895752,0.007770417737569234,obse
225,6.927753925323486,0.02826828132467351,obse
227,6.9961838722229,0.00981082936253974,obse
229,7.079880714416504,0.029881654533354163,obse
231,7.136349439620972,0.03657435883019612,obse
233,7.205816030502319,0.029072951568672317,obse
235,7.266357421875,0.017871641671864086,obse
237,7.326610088348389,0.020863638527361787,obse
239,7.398343324661255,0.027110640454526682,obse
241,7.451089382171631,0.012611031050324302,obse
243,7.4795145988464355,0.021568677823081334,obse
245,7.5617759227752686,0.020826621286892923,obse
247,7.5907142162323,0.029881817038478073,obse
249,7.619121313095093,0.003211465685946501,obse
251,7.646881818771362,0.03278023121161123,obse
253,7.688303470611572,0.012924326690081334,obse
255,7.723674058914185,0.023232383013902923,obse
257,7.7598490715026855,0.030490640563113184,obse
259,7.789921283721924,0.018635476535127114,obse
261,7.816767454147339,0.01589800117287417,obse
263,7.842821359634399,0.02331329526979652,obse
265,7.872145652770996,0.014472898304995997,obse
267,7.910072565078735,0.014137159633053837,obse
269,7.935302257537842,0.05407555318943409,obse
271,7.962281942367554,0.017527926813079634,obse
273,7.988255262374878,0.012681310501754573,obse
275,8.019532203674316,0.020320190408200954,obse
277,8.051021337509155,0.04834908545747721,obse
279,8.084945917129517,0.018368677666813705,obse
281,8.118050575256348,0.03096242762913839,obse
283,8.145838260650635,0.0239294446693432,obse
285,8.17695927619934,0.035860957281618595,obse
287,8.208508491516113,0.013168974159830933,obse
289,8.242192268371582,0.018371359507564886,obse
291,8.267911434173584,0.016543396229813212,obse
293,8.298460006713867,0.026053050241604654,obse
295,8.330190658569336,0.028378754391006542,obse
297,8.355537176132202,0.05903988434089034,obse
299,8.38640284538269,0.008409900865760326,obse
301,8.41891884803772,0.02261517146076572,obse
303,8.451884746551514,0.03812223947804729,obse
305,8.476942539215088,0.025788177537497486,obse
307,8.505493640899658,0.007773106434242222,obse
309,8.545032978057861,0.030001141647984734,obse
311,8.579252004623413,0.02653348642322935,obse
313,8.610769748687744,0.02619581057573257,obse
315,8.646459341049194,0.025078944894418267,obse
317,8.679555416107178,0.023268223342974775,obse
319,8.729278087615967,0.048655062374076324,obse
321,8.782970666885376,0.011170715374286449,obse
323,8.817242622375488,0.03393904587031301,obse
325,8.852804183959961,0.031867684147546295,obse
327,8.882774591445923,0.028831720810866168,obse
329,8.911455631256104,0.028727924656740702,obse
331,8.946608304977417,0.01400921211450223,obse
333,8.989343404769897,0.015219930719556192,obse
335,9.016607284545898,0.02784134648473718,obse
337,9.04511570930481,0.017607581746925737,obse
339,9.072371006011963,0.03875527779204866,obse
341,9.097148418426514,0.044563697320513455,obse
343,9.139742374420166,0.016228508767367006,obse
345,9.179980039596558,0.014110021336830755,obse
347,9.203082799911499,0.003468464377643556,obse
349,9.24655795097351,0.015782380446421575,obse
351,9.276209592819214,0.032765764738693304,obse
353,9.300512552261353,0.02752724909259229,obse
355,9.327627182006836,0.0205248723400063,obse
357,9.366167068481445,0.023774260528458883,obse
359,9.393064022064209,0.031470696260632,obse
361,9.420776128768921,0.028064643970924133,obse
363,9.453372716903687,0.017825178990791623,obse
365,9.48745846748352,0.04364370667757154,obse
367,9.516005516052246,0.013918029219075742,obse
369,9.54612421989441,0.0053015506976075545,obse
371,9.575263023376465,0.02557501180719545,obse
373,9.600593328475952,0.0371325113807166,obse
375,9.63014817237854,0.03529350433307873,obse
377,9.65229320526123,0.016024179234766633,obse
379,9.677030563354492,0.015875087141130093,obse
381,9.707122087478638,0.03657003537902294,obse
383,9.733608961105347,0.006972661136772554,obse
385,9.781364917755127,0.01847165795469149,obse
387,9.832652568817139,0.027404255772082713,obse
389,9.880881071090698,0.01582318105079789,obse
391,9.928900718688965,0.02644888056726749,obse
393,9.97665786743164,0.019934225996663096,obse
395,10.025740385055542,0.0032614050928706255,obse
397,10.076306581497192,0.007258054448121521,obse
399,10.139217615127563,0.019387555467353053,obse
401,10.199503421783447,0.019396361018975825,obse
403,10.261963605880737,0.03613070086380767,obse
405,10.314255714416504,0.04131907406147677,obse
407,10.369489669799805,0.03986028099612513,obse
409,10.434418201446533,0.02136106410024402,obse
411,10.486129522323608,0.009349592773010727,obse
413,10.547504425048828,0.006318303520942118,obse
415,10.611089706420898,0.02109507326974812,obse
417,10.665564775466919,0.007645666651330469,obse
419,10.723335266113281,0.03696728898943419,obse
421,10.77603530883789,0.02560321105911983,obse
423,10.835682392120361,0.03732680563714818,obse
425,10.893869161605835,0.028413400064037773,obse
427,10.943042993545532,0.025935950376336333,obse
429,10.995338201522827,0.0054749952893597435,obse
431,11.048339366912842,0.012301541983121429,obse
433,11.09955883026123,0.024549157896902946,obse
435,11.147724628448486,0.015621505664621962,obse
437,11.201631784439087,0.019972954222442888,obse
439,11.251215934753418,0.01750987762270579,obse
441,11.306531429290771,0.037980120407456006,obse
443,11.37112545967102,0.04921458030108057,obse
445,11.420399904251099,0.011883719683867281,obse
447,11.468933343887329,0.020408701714644373,obse
449,11.515824794769287,0.008435383730217511,obse
451,11.570721864700317,0.027622293213793746,obse
453,11.612804412841797,0.007812786501467084,obse
455,11.635545253753662,0.005681680479845332,obse
457,11.66468334197998,0.01601706497151322,obse
459,11.6930251121521,0.014613522376225296,obse
461,11.72442626953125,0.016847740439529954,obse
463,11.756015539169312,0.02475769963562696,obse
465,11.801658391952515,0.0228417566634694,obse
467,11.85475754737854,0.0181849771375799,obse
469,11.905102729797363,0.03578277691034003,obse
471,11.95456075668335,0.015794487862669924,obse
473,12.009241104125977,0.04350222295847192,obse
475,12.068437099456787,0.018961315383401678,obse
477,12.119532108306885,0.04281274296111573,obse
479,12.16545057296753,0.03062382076470551,obse
481,12.213445663452148,0.02047499216436683,obse
483,12.26581358909607,0.02801439712206833,obse
485,12.318141222000122,0.010969295698210068,obse
487,12.399083852767944,0.011481901325114889,obse
489,12.455388069152832,0.02565040686605644,obse
491,12.512092590332031,0.025495985729307967,obse
493,12.545199871063232,0.022143083072397297,obse
495,12.572688817977905,0.03927898373642403,obse
497,12.626269340515137,0.020916949269239444,obse
499,12.664832592010498,0.02394456864636177,obse
501,12.706549406051636,0.00876997235732816,obse
503,12.744747161865234,0.01910354837582636,obse
505,12.778784036636353,0.02804328048832527,obse
507,12.829967498779297,0.033475664665404796,obse
509,12.878153324127197,0.013634883165169994,obse
511,12.913792848587036,0.04514066045725149,obse
513,12.952214479446411,0.013848363224046548,obse
515,12.981669425964355,0.02815342645679456,obse
517,13.009277105331421,0.016015218299243416,obse
519,13.056731939315796,0.014502664306243768,obse
521,13.09017539024353,0.022576288949502716,obse
523,13.122163534164429,0.019197674639605672,obse
525,13.147490501403809,0.027698436262394606,obse
527,13.179709196090698,0.024154797483052298,obse
529,13.213114738464355,0.023717768821294158,obse
531,13.24074912071228,0.03149539996706575,obse
533,13.272200107574463,0.03497046870550691,obse
535,13.319437742233276,0.02454751881051898,obse
537,13.353115558624268,0.03333363912437077,obse
539,13.391151189804077,0.03634075717736257,obse
541,13.419785976409912,0.048185825173281654,obse
543,13.459693670272827,0.008252159766496986,obse
545,13.490532159805298,0.022226105973126898,obse
547,13.528337001800537,0.025179011678388652,obse
549,13.580078601837158,0.021510342129618793,obse
551,13.645501136779785,0.0043691034888738755,obse
553,13.692996978759766,0.047816404406753533,obse
555,13.750786304473877,0.0051861101014542225,obse
557,13.82684874534607,0.022506317112471766,obse
559,13.89543080329895,0.04498881429772412,obse
561,13.962290525436401,0.011851637189744984,obse
563,14.046272039413452,0.015883665348587622,obse
565,14.109480142593384,0.03968746080024586,obse
567,14.146070718765259,0.027928633663351313,obse
569,14.233034133911133,0.02488894549118166,obse
571,14.317435026168823,0.024590414715927208,obse
573,14.391546964645386,0.03749602434623591,obse
575,14.47068476676941,0.02302143735517073,obse
577,14.534744501113892,0.03347340435639829,obse
579,14.591233015060425,0.020147606905296087,obse
581,14.615118026733398,0.011565667479072714,obse
583,14.682756423950195,0.049339788453429484,obse
585,14.732760429382324,0.010340220687135864,obse
587,14.794841289520264,0.03641648386760569,obse
589,14.865723848342896,0.027365118317117364,obse
591,14.932223796844482,0.02259296016255421,obse
593,14.997150659561157,0.01572554723929188,obse
595,15.043542861938477,0.04206912032955503,obse
597,15.107144117355347,0.02287730952666872,obse
599,15.163825988769531,0.02728381551448762,obse
601,15.214144468307495,0.027679541662118674,obse
603,15.288407564163208,0.02485421994718501,obse
605,15.409700393676758,0.03006251393811913,obse
607,15.460546016693115,0.023659228203397067,obse
609,15.509817600250244,0.04170538099810333,obse
611,15.574486255645752,0.016632399548036386,obse
613,15.619568586349487,0.04859101878650874,obse
615,15.68781852722168,0.04275504373091292,obse
617,15.724542140960693,0.04118567334720901,obse
619,15.772932767868042,0.039908269702802604,obse
621,15.82119369506836,0.024695516155006748,obse
623,15.866514682769775,0.04006616796489147,obse
625,15.909354209899902,0.013010405602874458,obse
627,15.967064380645752,0.031989996742739696,obse
629,16.017022609710693,0.014767974238950354,obse
631,16.063627243041992,0.011007320936149326,obse
633,16.12026619911194,0.011367216464396772,obse
635,16.168663024902344,0.03768852214394523,obse
637,16.229620456695557,0.009468412096993362,obse
639,16.284497261047363,0.017043014779310705,obse
641,16.339579820632935,0.007612621177049844,obse
643,16.395927906036377,0.03733418642326689,obse
645,16.465725421905518,0.03420259008379825,obse
647,16.55060911178589,0.01485185412677034,obse
649,16.62841272354126,0.03200140366944776,obse
651,16.66165018081665,0.026486419493521773,obse
653,16.68054962158203,0.026486419493521773,obse
655,16.74005651473999,0.01722444345450073,obse
657,16.80743432044983,0.016486070881221067,obse
659,16.854531049728394,0.04364861212007259,obse
661,16.90801191329956,0.012219315151701708,obse
663,16.948232173919678,0.026185397960508415,obse
665,16.99813199043274,0.03417344079512822,obse
667,17.027262687683105,0.017924208224359695,obse
669,17.056095123291016,0.04361507922779041,obse
671,17.09040665626526,0.02281308553376411,obse
673,17.12298846244812,0.008631918954549532,obse
675,17.155739307403564,0.02508117391305248,obse
677,17.180049180984497,0.030977882153349928,obse
679,17.21239924430847,0.022987692733602856,obse
681,17.244627237319946,0.01956019103819377,obse
683,17.277337312698364,0.03283315326140612,obse
685,17.310291528701782,0.03609142705280917,obse
687,17.371617317199707,0.025579636658378712,obse
689,17.395918607711792,0.04978990648085592,obse
691,17.424753665924072,0.011639542842456828,obse
693,17.456334590911865,0.047822556406520354,obse
695,17.4773530960083,0.028249226479998748,obse
697,17.512633323669434,0.027445904714688003,obse
699,17.552685022354126,0.025702788112827363,obse
701,17.58273696899414,0.04966037105009104,obse
703,17.611587524414062,0.04966037105009104,obse
705,17.632869720458984,0.03361110204734106,obse
707,17.67453098297119,0.012609772655842462,obse
709,17.6984760761261,0.012609772655842462,obse
711,17.734797477722168,0.014816937183907032,obse
713,17.771027088165283,0.025077787251969488,obse
715,17.803144216537476,0.020251207858740645,obse
717,17.82605218887329,0.0229073767423148,obse
719,17.858163118362427,0.012387993270256761,obse
721,17.884377241134644,0.02809032805396989,obse
723,17.907986879348755,0.026283236462270963,obse
725,17.928249835968018,0.04609949893893981,obse
727,17.9654221534729,0.015272894070779324,obse
729,17.993807315826416,0.004395117262989331,obse
731,18.01612663269043,0.008113777091350092,obse
733,18.038544416427612,0.019692866628492598,obse
735,18.06285524368286,0.016014455871395484,obse
737,18.087956428527832,0.003428441366962724,obse
739,18.112173318862915,0.020927790095604446,obse
741,18.137649297714233,0.008900172083062848,obse
743,18.16760492324829,0.010601721314836181,obse
745,18.19244074821472,0.030181843833745652,obse
747,18.214000701904297,0.01806522980133894,obse
749,18.241337299346924,0.04146796953504701,obse
751,18.270840406417847,0.022830835931930395,obse
753,18.30068325996399,0.008309674072579699,obse
755,18.32642102241516,0.04597623906088708,obse
757,18.36158275604248,0.03314941207559964,obse
759,18.385483503341675,0.023103875401041588,obse
761,18.41641879081726,0.0243768152671533,obse
763,18.463867902755737,0.023940267297895605,obse
765,18.498592853546143,0.0464839190954477,obse
767,18.54031538963318,0.0464839190954477,obse
769,18.56539034843445,0.0464839190954477,obse
771,18.626261949539185,0.005479946597429532,obse
773,18.660130500793457,0.01198564784927525,obse
775,18.68793511390686,0.03301609888727983,obse
777,18.71338677406311,0.02354097342389057,obse
779,18.758277893066406,0.010466936751114646,obse
781,18.83194661140442,0.025202110605514774,obse
783,18.95988965034485,0.028181736245292535,obse
785,19.019725799560547,0.03324752581970221,obse
787,19.082404375076294,0.006548875188717973,obse
789,19.15684223175049,0.017366758781011675,obse
791,19.22440242767334,0.031838183561138336,obse
793,19.28971767425537,0.02294870003126048,obse
795,19.363829851150513,0.026169426959629597,obse
797,19.4459969997406,0.021819577383743398,obse
799,19.53332757949829,0.030079902400382153,obse
801,19.60585069656372,0.011593093546335836,obse
803,19.68183708190918,0.030855889609011727,obse
805,19.749674558639526,0.031616534817381046,obse
807,19.809799671173096,0.02337313143097691,obse
809,19.854646921157837,0.02134791058479645,obse
811,19.952520847320557,0.029839847694945423,obse
813,20.021229028701782,0.017745904876921743,obse
815,20.07523250579834,0.02916824745673244,obse
817,20.16484045982361,0.013522013272048735,obse
819,20.217677354812622,0.018186103850563722,obse
821,20.256022691726685,0.027564982258032597,obse
823,20.291399240493774,0.02103059454023311,obse
825,20.31576156616211,0.04223667611162538,obse
827,20.340964555740356,0.029526336224007705,obse
829,20.397176265716553,0.017524869773396654,obse
831,20.439565896987915,0.0319795738376616,obse
833,20.460832834243774,0.02896092002096011,obse
835,20.495177507400513,0.033671497241322144,obse
837,20.552417039871216,0.009730287873352299,obse
839,20.581700086593628,0.007831036046773498,obse
841,20.628886938095093,0.005957440906991606,obse
843,20.684191703796387,0.01838566025183305,obse
845,20.732402801513672,0.00526691734003489,obse
847,20.768198251724243,0.02772009551679407,obse
849,20.807957410812378,0.025754681537730657,obse
851,20.910905361175537,0.013356487397829502,obse
853,20.94867777824402,0.024638653575162255,obse
855,21.02380919456482,0.01657117441054625,obse
857,21.108503341674805,0.03431034175751348,obse
859,21.169525861740112,0.03077200600064903,obse
861,21.265177488327026,0.009845588618890988,obse
863,21.347928285598755,0.051226190140323986,obse
865,21.421123027801514,0.019582396568336224,obse
867,21.508365869522095,0.013738673800812206,obse
869,21.60852360725403,0.037344213062643475,obse
871,21.66628360748291,0.036829957222284083,obse
873,21.741684675216675,0.00832962613267463,obse
875,21.840120553970337,0.05073205852058525,obse
877,21.896706342697144,0.012606419601587086,obse
879,21.970659732818604,0.010747997534124778,obse
881,22.03873896598816,0.02423955547536952,obse
883,22.090162754058838,0.01016091132631592,obse
885,22.16163730621338,0.02679038843729891,obse
887,22.231447219848633,0.04096771966722144,obse
889,22.29548692703247,0.017332947931775332,obse
891,22.35459041595459,0.01594590762389212,obse
893,22.426836013793945,0.012633673389356071,obse
895,22.468092918395996,0.026253979547084916,obse
897,22.534443616867065,0.02274620532360065,obse
899,22.59463143348694,0.042052697636467316,obse
901,22.64318585395813,0.011920402659919269,obse
903,22.701992988586426,0.025608180720836798,obse
905,22.750850200653076,0.0020210006677671894,obse
907,22.812220811843872,0.0398912598669669,obse
909,22.863579988479614,0.042462383696104944,obse
911,22.939064502716064,0.00788626638180485,obse
913,22.995119333267212,0.03317064746016214,obse
915,23.052326202392578,0.02371125909680641,obse
917,23.110981464385986,0.019191966095402226,obse
919,23.1641366481781,0.028128913072891726,obse
921,23.19406032562256,0.007339710625708938,obse
923,23.236700296401978,0.012779631911808243,obse
925,23.330626964569092,0.0025203934224017443,obse
927,23.390361309051514,0.01667070951847171,obse
929,23.460307121276855,0.022233718839306606,obse
931,23.52524209022522,0.01212706217143939,obse
933,23.573336839675903,0.017562310442006686,obse
935,23.63474678993225,0.0260876051589696,obse
937,23.682442903518677,0.00806894063868557,obse
939,23.730571269989014,0.014785965423521738,obse
941,23.775195121765137,0.021821431653164313,obse
943,23.814708471298218,0.036631395999201816,obse
945,23.86735200881958,0.04287561114632179,obse
947,23.9229998588562,0.031938793295791475,obse
949,23.97282576560974,0.0077933937385361715,obse
951,24.03194236755371,0.030702957428403087,obse
953,24.091262578964233,0.02837995751783046,obse
955,24.15155267715454,0.029653540474389676,obse
957,24.22215962409973,0.022979875130867924,obse
959,24.27860379219055,0.01955508983171939,obse
961,24.338380098342896,0.02311551003972683,obse
963,24.396478414535522,0.01560766418158939,obse
965,24.437416791915894,0.0087559903227887,obse
967,24.463322401046753,0.025774992597952216,obse
969,24.502459287643433,0.012816936491750456,obse
971,24.55385398864746,0.044830320595030115,obse
973,24.624756336212158,0.028504077258231314,obse
975,24.690036296844482,0.017400875900357528,obse
977,24.75539779663086,0.02335064624519804,obse
979,24.81193447113037,0.02080689422681663,obse
981,24.88107466697693,0.00899620949596841,obse
983,24.941874742507935,0.03946814302972708,obse
985,25.007484197616577,0.021890071682941242,obse
987,25.064196825027466,0.0071570953580178485,obse
989,25.122325658798218,0.022192336745076105,obse
991,25.179073333740234,0.019229562153215526,obse
993,25.241828441619873,0.03349063861165895,obse
995,25.303353309631348,0.015479696506270459,obse
997,25.36286687850952,0.015070113280311527,obse
999,25.421820640563965,0.008193994252479029,obse
1001,25.483148097991943,0.02050958794421751,obse
1003,25.521450996398926,0.010886579986183635,obse
1005,25.54669976234436,0.02881676185353034,obse
1007,25.57129955291748,0.031006812458926277,obse
1009,25.642470836639404,0.014724403392535742,obse
1011,25.70121192932129,0.043513808195244884,obse
1013,25.76047396659851,0.01668546437409226,obse
1015,25.849821090698242,0.020343289446166785,obse
1017,25.938331365585327,0.01510246513744654,obse
1019,25.989235162734985,0.03791975882543092,obse
1021,26.04166865348816,0.02638679786068904,obse
1023,26.10261821746826,0.02454946915297103,obse
1025,26.156288862228394,0.005953348728357889,obse
1027,26.211416721343994,0.021212653615172484,obse
1029,26.270466089248657,0.055159324560833854,obse
1031,26.325075149536133,0.03545975200911182,obse
1033,26.387797594070435,0.026590429467368178,obse
1035,26.443450689315796,0.02699405239636212,obse
1037,26.49790930747986,0.017253515349617308,obse
1039,26.544750690460205,0.01852600087997681,obse
1041,26.609729051589966,0.012407480690910693,obse
1043,26.675800800323486,0.01300540090599903,obse
1045,26.732422351837158,0.04203803094991672,obse
1047,26.792749404907227,0.027354872594812098,obse
1049,26.857873916625977,0.024047544160940355,obse
1051,26.913171768188477,0.03278480724073876,obse
1053,26.961202383041382,0.026158697592353314,obse
1055,27.027077198028564,0.013606257190798202,obse
1057,27.08326768875122,0.0462718447551477,obse
1059,27.146629810333252,0.014149422414490971,obse
1061,27.200973987579346,0.03912834035951623,obse
1063,27.254804372787476,0.016268330165094866,obse
1065,27.31818962097168,0.01566105089288628,obse
1067,27.363579034805298,0.02535720250479985,obse
1069,27.427338123321533,0.009692047227009446,obse
1071,27.47902798652649,0.04549102099573039,obse
1073,27.529106855392456,0.02230819725217783,obse
1075,27.574941873550415,0.011037147788290182,obse
1077,27.621586084365845,0.006901810032545356,obse
1079,27.70141363143921,0.019056010651881037,obse
1081,27.7342472076416,0.024738049340244265,obse
1083,27.7923800945282,0.018720798247611973,obse
1085,27.85251021385193,0.02986631519522445,obse
1087,27.90635323524475,0.022372803099193726,obse
1089,27.935570240020752,0.014639017780349086,obse
1091,27.972037076950073,0.003539319946224489,obse
1093,28.01578450202942,0.01764323727261974,obse
1095,28.04397177696228,0.021464635786492332,obse
1097,28.077926874160767,0.006091360556992398,obse
1099,28.11783218383789,0.020902952770645918,obse
1101,28.172054052352905,0.013447361338873101,obse
1103,28.230162620544434,0.045514013521581076,obse
1105,28.31309413909912,0.005651617982145917,obse
1107,28.387118339538574,0.014131489813293567,obse
1109,28.44664192199707,0.021847439594934338,obse
1111,28.517345190048218,0.010694797614722765,obse
1113,28.627193927764893,0.005287908583430558,obse
1115,28.700082063674927,0.037978427472856194,obse
1117,28.758009910583496,0.052903570410131974,obse
1119,28.813854932785034,0.00393811285102081,obse
1121,28.871917009353638,0.012378986554003713,obse
1123,28.93854022026062,0.01713488905403329,obse
1125,28.994565963745117,0.026333317952769122,obse
1127,29.06999397277832,0.03922867776804641,obse
1129,29.1251060962677,0.019821120138068103,obse
1131,29.18311095237732,0.02200812219286616,obse
1133,29.242658615112305,0.017832086717111846,obse
1135,29.30825710296631,0.013564759002790333,obse
1137,29.380975246429443,0.0480989433370424,obse
1139,29.45502734184265,0.021101210308685676,obse
1141,29.537742614746094,0.03972257350676817,obse
1143,29.580265045166016,0.02377007375348896,obse
1145,29.628698348999023,0.0496515945464105,obse
1147,29.67639994621277,0.024843695354530435,obse
1149,29.753214597702026,0.011754281146268968,obse
1151,29.818199396133423,0.0496827805218635,obse
1153,29.8624107837677,0.045546033263665096,obse
1155,29.92440176010132,0.02062752585643874,obse
1157,30.024948835372925,0.04038523852732004,obse
1159,30.05937933921814,0.02120880172475344,obse
1161,30.093079328536987,0.01613169692648596,obse
1163,30.13292384147644,0.016560336541349367,obse
1165,30.162112712860107,0.004681173582908979,obse
1167,30.192067861557007,0.02515424402083113,obse
1169,30.21772074699402,0.027347928003706466,obse
1171,30.255586624145508,0.03775623100085747,obse
1173,30.302026510238647,0.04105589693163282,obse
1175,30.345505952835083,0.03260503977608979,obse
1177,30.381720781326294,0.01157808025782912,obse
1179,30.432503700256348,0.04460665622076254,obse
1181,30.461393356323242,0.011364896475152026,obse
1183,30.495523929595947,0.024165725547221246,obse
1185,30.52325749397278,0.057500016026862735,obse
1187,30.594900369644165,0.044151655257498236,obse
1189,30.643767833709717,0.035875414725075404,obse
1191,30.677200317382812,0.010289361222962427,obse
1193,30.711110830307007,0.008173974084562908,obse
1195,30.742271423339844,0.01972016295945918,obse
1197,30.773975610733032,0.018983686024118433,obse
1199,30.804018259048462,0.03965173884411984,obse
1201,30.87287402153015,0.01793734499708952,obse
1203,30.915323972702026,0.019644309930602094,obse
1205,30.940230131149292,0.030621249630852897,obse
1207,30.974039793014526,0.019239561902677327,obse
1209,31.018282651901245,0.007580430539824546,obse
1211,31.050490617752075,0.007540524622933334,obse
1213,31.099985599517822,0.02213564152866656,obse
1215,31.12733483314514,0.037644418953801495,obse
1217,31.166807889938354,0.018737297956368026,obse
1219,31.2048237323761,0.020710891023461596,obse
1221,31.244082927703857,0.008358912926571527,obse
1223,31.27933669090271,0.020278609125886967,obse
1225,31.320126056671143,0.010563465295394363,obse
1227,31.355247259140015,0.01236253464778297,obse
1229,31.395747423171997,0.01815681491156495,obse
1231,31.423943281173706,0.0066253143667649745,obse
1233,31.484472513198853,0.03335621596164047,obse
1235,31.54020881652832,0.01520413870122421,obse
1237,31.596515417099,0.021226064971538255,obse
1239,31.675812244415283,0.013962855252420739,obse
1241,31.736023664474487,0.04981576769343778,obse
1243,31.788406372070312,0.017371159389263747,obse
1245,31.845258235931396,0.031813421793197134,obse
1247,31.907636880874634,0.04441638592704015,obse
1249,31.982702255249023,0.006762442460431312,obse
1251,32.04817485809326,0.015877675132117904,obse
1253,32.08474135398865,0.030813818253066852,obse
1255,32.118183612823486,0.017288055793219445,obse
1257,32.14504146575928,0.024616096471742083,obse
1259,32.182570695877075,0.036857283765867783,obse
1261,32.23087978363037,0.036279083400018106,obse
1263,32.273674726486206,0.012525046571896493,obse
1265,32.31858229637146,0.04010263852594034,obse
1267,32.37359929084778,0.008311861964951274,obse
1269,32.446330547332764,0.025409060941701884,obse
1271,32.47811937332153,0.018039364997004616,obse
1273,32.50238490104675,0.046375517219979845,obse
1275,32.530184268951416,0.025773468250601814,obse
1277,32.55812954902649,0.03768913071231848,obse
1279,32.602622985839844,0.04786280371394094,obse
1281,32.63669157028198,0.012446609994155032,obse
1283,32.68119287490845,0.021099005237347524,obse
1285,32.74531078338623,0.025079372463025086,obse
1287,32.80666542053223,0.022602123404354482,obse
1289,32.860703468322754,0.010850180783829332,obse
1291,32.88536095619202,0.023869152352236377,obse
1293,32.94825553894043,0.03256063466772163,obse
1295,33.00489640235901,0.03800961100131219,obse
1297,33.07302522659302,0.03412373899223192,obse
1299,33.16243243217468,0.02023682772661759,obse
1301,33.211663246154785,0.009377103127101627,obse
1303,33.275333881378174,0.017681619022936877,obse
1305,33.36470699310303,0.0251738991403001,obse
1307,33.42641758918762,0.02956183162164593,obse
1309,33.48037075996399,0.03413260843859281,obse
1311,33.54424047470093,0.06218781517183167,obse
1313,33.62363624572754,0.02073823964542408,obse
1315,33.69036340713501,0.04121419849080873,obse
1317,33.733784675598145,0.009904826204644657,obse
1319,33.77487897872925,0.03144764505005298,obse
1321,33.857338666915894,0.03733318536128215,obse
1323,33.914109230041504,0.04183243817020445,obse
1325,33.96358299255371,0.021608448838988794,obse
1327,34.01339530944824,0.023114098573476693,obse
1329,34.08620357513428,0.044630864137491906,obse
1331,34.124897480010986,0.02877599069983924,obse
1333,34.21361756324768,0.03550407658425509,obse
1335,34.265745639801025,0.015536456701483589,obse
1337,34.32585883140564,0.029921533199432533,obse
1339,34.402504205703735,0.011692269377428186,obse
1341,34.477904081344604,0.027254886741219005,obse
1343,34.53824782371521,0.036573234195369,obse
1345,34.58184003829956,0.02299370811250776,obse
1347,34.6194384098053,0.027005582961716606,obse
1349,34.65485763549805,0.01843877312784385,obse
1351,34.68229079246521,0.0344520455872305,obse
1353,34.70956492424011,0.03992328819077584,obse
1355,34.7531533241272,0.014854795661396414,obse
1357,34.79481840133667,0.027530158898867545,obse
1359,34.832348346710205,0.023966574688881494,obse
1361,34.867501735687256,0.020594243328346473,obse
1363,34.90459132194519,0.006082673569717554,obse
1365,34.94830536842346,0.0173719740647167,obse
1367,34.985711336135864,0.034282148556440774,obse
1369,35.02346396446228,0.043081042415781125,obse
1371,35.08078980445862,0.033014852815416114,obse
1373,35.1195764541626,0.02883781267431834,obse
1375,35.15953350067139,0.019455167393190986,obse
1377,35.19900846481323,0.039629959786860604,obse
1379,35.230995893478394,0.015553113698775446,obse
1381,35.28392720222473,0.01711512511277197,obse
1383,35.327457427978516,0.028258935954149376,obse
1385,35.38457465171814,0.03193160565275238,obse
1387,35.431379079818726,0.02454275153611962,obse
1389,35.47303128242493,0.013289946868342405,obse
1391,35.523712158203125,0.01120896895768428,obse
1393,35.578070640563965,0.030767398861904192,obse
1395,35.62128949165344,0.030767398861904192,obse
1397,35.68692111968994,0.029319591634387264,obse
1399,35.730857372283936,0.012254011764036,obse
1401,35.762452125549316,0.03198835054097247,obse
1403,35.79466199874878,0.06475315202993791,obse
1405,35.825809955596924,0.026124730277879996,obse
1407,35.88721179962158,0.02048462944981278,obse
1409,35.91668367385864,0.02939120712951579,obse
1411,35.94995379447937,0.025048016029889982,obse
1413,36.0030996799469,0.018640524761255276,obse
1415,36.047236919403076,0.019890778393524006,obse
1417,36.076884031295776,0.013100373499081207,obse
1419,36.11794352531433,0.015385722919123993,obse
1421,36.16525936126709,0.028360005199360654,obse
1423,36.22712421417236,0.004800482013394103,obse
1425,36.256596326828,0.02331151868319012,obse
1427,36.316650390625,0.010630329764840674,obse
1429,36.365532875061035,0.02116268677341602,obse
1431,36.39550852775574,0.027520957211298547,obse
1433,36.44073939323425,0.009979771721257363,obse
1435,36.49593925476074,0.0509743887312674,obse
1437,36.52786564826965,0.0346652241524473,obse
1439,36.547632455825806,0.028144376529465897,obse
1441,36.57058310508728,0.05219902881374512,obse
1443,36.59581756591797,0.013493391642696901,obse
1445,36.624671459198,0.0189219859927243,obse
1447,36.65005421638489,0.030576198599546425,obse
1449,36.67537260055542,0.008405504011010046,obse
1451,36.71970295906067,0.005283719808449086,obse
1453,36.76921486854553,0.025881913455592178,obse
1455,36.798022747039795,0.03043472668560724,obse
1457,36.83175849914551,0.025799550004082752,obse
1459,36.87329959869385,0.005312635120359972,obse
1461,36.901392698287964,0.006375665698095535,obse
1463,36.932411670684814,0.013781651156300912,obse
1465,36.96530795097351,0.0178433528553131,obse
1467,36.99107623100281,0.01141105069506181,obse
1469,37.0151093006134,0.015169175388237676,obse
1471,37.03811573982239,0.04511407425466179,obse
1473,37.06220579147339,0.03214802252741188,obse
1475,37.08399200439453,0.016486747686834495,obse
1477,37.10988783836365,0.009801919829092415,obse
1479,37.13454985618591,0.01719077600093274,obse
1481,37.16169881820679,0.01719077600093274,obse
1483,37.215328216552734,0.013406352491121085,obse
1485,37.25136971473694,0.03810078833370671,obse
1487,37.292590379714966,0.08116969640051994,obse
1489,37.318769693374634,0.01536010218987812,obse
1491,37.3746223449707,0.028097121059488334,obse
1493,37.428627252578735,0.01595835891601989,obse
1495,37.45714807510376,0.04926902333553014,obse
1497,37.5011191368103,0.028799100247375715,obse
1499,37.57798218727112,0.014599024718866153,obse
1501,37.60617995262146,0.018023482768630014,obse
1503,37.636080741882324,0.07063742543373393,obse
1505,37.66179633140564,0.07063742543373393,obse
1507,37.68633532524109,0.07063742543373393,obse
1509,37.748730182647705,0.05484721551764589,obse
1511,37.81790804862976,0.019186333383143565,obse
1513,37.89732837677002,0.017842481544005705,obse
1515,37.988797664642334,0.019248649515721174,obse
1517,38.05892992019653,0.011898468196179651,obse
1519,38.12486934661865,0.032490607142771556,obse
1521,38.1846284866333,0.03885933389898323,obse
1523,38.24508595466614,0.029655457568321168,obse
1525,38.31005907058716,0.055453094438842124,obse
1527,38.37017846107483,0.029233226900030784,obse
1529,38.44438314437866,0.04009061475968535,obse
1531,38.489556074142456,0.031729314307939564,obse
1533,38.542990922927856,0.017230685311177465,obse
1535,38.621081590652466,0.004753640396373266,obse
1537,38.69721555709839,0.016531685172032885,obse
1539,38.75678372383118,0.025925219589734167,obse
1541,38.837167501449585,0.029138023935765856,obse
1543,38.898852825164795,0.044835748954224985,obse
1545,38.97903633117676,0.02880393483137374,obse
1547,39.041871309280396,0.021555911893340593,obse
1549,39.11790990829468,0.021047346329856536,obse
1551,39.17719745635986,0.007574422774714549,obse
1553,39.230762243270874,0.024566818860492008,obse
1555,39.2950382232666,0.03819025810347912,obse
1557,39.370840072631836,0.015766169842245596,obse
1559,39.429710388183594,0.004316362079010744,obse
1561,39.48219060897827,0.050171134475886066,obse
1563,39.54385781288147,0.02318038133953237,obse
1565,39.598692893981934,0.02905578277303448,obse
1567,39.661893367767334,0.008777322206140803,obse
1569,39.72958326339722,0.014664504441497238,obse
1571,39.78355884552002,0.027869998414541432,obse
1573,39.85127520561218,0.010587085649214043,obse
1575,39.908305168151855,0.03948296492071515,obse
1577,39.94961428642273,0.029280292284008677,obse
1579,39.99129295349121,0.0055954649407112915,obse
1581,40.071895599365234,0.014236949617200644,obse
1583,40.10427904129028,0.014236949617200644,obse
1585,40.141979455947876,0.008490902176162074,obse
1587,40.20056629180908,0.04065911754181211,obse
1589,40.228859424591064,0.07706895638561322,obse
1591,40.291096210479736,0.008628445978257168,obse
1593,40.35427403450012,0.03112382075622746,obse
1595,40.399144411087036,0.003956003875162165,obse
1597,40.467397928237915,0.009961440394637162,obse
1599,40.529956102371216,0.020908200030120994,obse
1601,40.61057162284851,0.04097022859909111,obse
1603,40.67450928688049,0.007095282453467317,obse
1605,40.760133266448975,0.021396824361676423,obse
1607,40.836503744125366,0.01920049837495767,obse
1609,40.89440631866455,0.029943286949461058,obse
1611,40.959386587142944,0.029943286949461058,obse
1613,41.02319097518921,0.048007987933461276,obse
1615,41.08312630653381,0.021618388417158005,obse
1617,41.17244243621826,0.01283456162431653,obse
1619,41.26116442680359,0.02686409737771232,obse
1621,41.326502323150635,0.028268062858149225,obse
1623,41.40650916099548,0.02840751463536233,obse
1625,41.52503061294556,0.04511476181535737,obse
1627,41.59589195251465,0.027549403596389476,obse
1629,41.66059422492981,0.022177123960268556,obse
1631,41.72838521003723,0.03291886566038727,obse
1633,41.80893087387085,0.014928326203397587,obse
1635,41.89197254180908,0.01912214754626016,obse
1637,41.949925899505615,0.023739830286528516,obse
1639,41.97616910934448,0.01569778382216793,obse
1641,42.00168442726135,0.012803777467421432,obse
1643,42.0396990776062,0.04245880025673509,obse
1645,42.07048773765564,0.019664802750243373,obse
1647,42.100971698760986,0.043336276759092844,obse
1649,42.17696285247803,0.01657207645446473,obse
1651,42.218255043029785,0.04199361060063785,obse
1653,42.24254775047302,0.05432389023242724,obse
1655,42.27274513244629,0.005012524557470135,obse
1657,42.323222160339355,0.020154993068361552,obse
1659,42.35665798187256,0.039281754787342714,obse
1661,42.4129319190979,0.03422696781949924,obse
1663,42.483360052108765,0.028198456674710756,obse
1665,42.509963035583496,0.010408553255943528,obse
1667,42.534650564193726,0.03897916782283707,obse
1669,42.55956411361694,0.007585642183881828,obse
1671,42.598058462142944,0.012366106958528843,obse
1673,42.658509731292725,0.058741158591342664,obse
1675,42.733500242233276,0.029787294731804536,obse
1677,42.764572858810425,0.004424647486779465,obse
1679,42.79537081718445,0.02088370386370708,obse
1681,42.84552240371704,0.034757310873146055,obse
1683,42.9196572303772,0.010657778736283305,obse
1685,42.96259260177612,0.024478738178381667,obse
1687,42.987083435058594,0.011391064247120325,obse
1689,43.02747368812561,0.019744203947881737,obse
1691,43.073410511016846,0.04240709002026076,obse
1693,43.11841607093811,0.011395281775146544,obse
1695,43.18362641334534,0.020377876730454613,obse
1697,43.22464299201965,0.027051702721308468,obse
1699,43.286481618881226,0.03008165928170758,obse
1701,43.31654644012451,0.03646105620383813,obse
1703,43.36607265472412,0.03226910439450978,obse
1705,43.429062604904175,0.006773407744249438,obse
1707,43.50519323348999,0.014607558259765759,obse
1709,43.56139945983887,0.03965997655557213,obse
1711,43.62521004676819,0.03391071774623007,obse
1713,43.70027804374695,0.029763571184876266,obse
1715,43.77863836288452,0.012697403992402866,obse
1717,43.81568670272827,0.011582328448205587,obse
1719,43.88290810585022,0.008561366398439242,obse
1721,43.93850064277649,0.029435770657219883,obse
1723,44.00407695770264,0.01351373970540174,obse
1725,44.06629037857056,0.007581039217603721,obse
1727,44.12322497367859,0.0390417971226222,obse
1729,44.1770920753479,0.01797810804203527,obse
1731,44.22090005874634,0.0069233747166485195,obse
1733,44.286611795425415,0.03166980842864024,obse
1735,44.34895324707031,0.03094739396885463,obse
1737,44.42707419395447,0.0341223197615564,obse
1739,44.497039556503296,0.014087853707690653,obse
1741,44.561723470687866,0.018248546413751197,obse
1743,44.62291431427002,0.02450738346530075,obse
1745,44.69486689567566,0.050031644376097195,obse
1747,44.752445220947266,0.031976559722169035,obse
1749,44.81173300743103,0.025600437089985256,obse
1751,44.876978635787964,0.02900644194204065,obse
1753,44.906075954437256,0.014077875997389784,obse
1755,44.94975757598877,0.011067999953070317,obse
1757,44.99704885482788,0.009564772964424758,obse
1759,45.07209610939026,0.012988417571082744,obse
1761,45.15191292762756,0.04358018971743791,obse
1763,45.18282771110535,0.035781118963004455,obse
1765,45.24180746078491,0.01159723306227404,obse
1767,45.298580169677734,0.018364670148652232,obse
1769,45.35482215881348,0.007135991591501991,obse
1771,45.4312059879303,0.006111951145860883,obse
1773,45.49733543395996,0.03724670390593576,obse
1775,45.55891466140747,0.007394650764948917,obse
1777,45.60569620132446,0.015100143433090778,obse
1779,45.65050387382507,0.01741408829982496,obse
1781,45.71967434883118,0.039462552361019206,obse
1783,45.769399642944336,0.035199813577435596,obse
1785,45.831453800201416,0.025818883829435403,obse
1787,45.86225366592407,0.021854078575776835,obse
1789,45.94774866104126,0.005725409505594652,obse
1791,45.98786449432373,0.01219852215790861,obse
