0,0.0002648830413818,0.0548755751360494,PBPF,cracker_scene1,30,old
1,0.0039503574371337,0.0546212817367772,PBPF,cracker_scene1,30,old
2,0.0651636123657226,0.0538307535637629,PBPF,cracker_scene1,30,old
3,0.1210513114929199,0.053221726124024,PBPF,cracker_scene1,30,old
4,0.1453657150268554,0.0528048027912753,PBPF,cracker_scene1,30,old
5,0.1608340740203857,0.0526677933002201,PBPF,cracker_scene1,30,old
6,0.2031161785125732,0.0518425487226746,PBPF,cracker_scene1,30,old
7,0.2255129814147949,0.0511754653065605,PBPF,cracker_scene1,30,old
8,0.2431550025939941,0.0510641772540366,PBPF,cracker_scene1,30,old
9,0.2649984359741211,0.0506380968972867,PBPF,cracker_scene1,30,old
10,0.2858128547668457,0.0499499813013794,PBPF,cracker_scene1,30,old
11,0.3008768558502197,0.0499499813013794,PBPF,cracker_scene1,30,old
12,0.3186163902282715,0.0499348664138731,PBPF,cracker_scene1,30,old
13,0.3298237323760986,0.0499348664138731,PBPF,cracker_scene1,30,old
14,0.3694970607757568,0.048715922821814,PBPF,cracker_scene1,30,old
15,0.3866353034973144,0.0484362803371314,PBPF,cracker_scene1,30,old
16,0.406013011932373,0.0484559477259295,PBPF,cracker_scene1,30,old
17,0.4321596622467041,0.0474843157969693,PBPF,cracker_scene1,30,old
18,0.4457640647888183,0.047396088534847,PBPF,cracker_scene1,30,old
19,0.4532172679901123,0.0471978603932723,PBPF,cracker_scene1,30,old
20,0.5580158233642578,0.0461783164179114,PBPF,cracker_scene1,30,old
21,0.6437473297119141,0.0508434201574624,PBPF,cracker_scene1,30,old
22,0.6960947513580322,0.0502457296421428,PBPF,cracker_scene1,30,old
23,0.7225089073181152,0.0502137041829536,PBPF,cracker_scene1,30,old
24,0.8310756683349609,0.0497497141311375,PBPF,cracker_scene1,30,old
25,0.8483743667602539,0.0495445443929193,PBPF,cracker_scene1,30,old
26,0.9067044258117676,0.0495302737502595,PBPF,cracker_scene1,30,old
27,0.9410350322723388,0.0495587922580009,PBPF,cracker_scene1,30,old
28,0.9838180541992188,0.0491261282767424,PBPF,cracker_scene1,30,old
29,1.0494318008422852,0.0489978186725893,PBPF,cracker_scene1,30,old
30,1.0660533905029297,0.0489953075207011,PBPF,cracker_scene1,30,old
31,1.1362621784210205,0.0488962371718072,PBPF,cracker_scene1,30,old
32,1.1606268882751465,0.048947064331482,PBPF,cracker_scene1,30,old
33,1.1905527114868164,0.0489513954702091,PBPF,cracker_scene1,30,old
34,1.2745871543884275,0.0491353055263999,PBPF,cracker_scene1,30,old
35,1.3071818351745603,0.049192484264579,PBPF,cracker_scene1,30,old
36,1.3196086883544922,0.0492610467598792,PBPF,cracker_scene1,30,old
37,1.3384878635406494,0.0492764438576818,PBPF,cracker_scene1,30,old
38,1.3745739459991455,0.0493484080250688,PBPF,cracker_scene1,30,old
39,1.386073350906372,0.0494059240789332,PBPF,cracker_scene1,30,old
40,1.4265217781066897,0.0496734471097416,PBPF,cracker_scene1,30,old
41,1.443986177444458,0.0497277342700319,PBPF,cracker_scene1,30,old
42,1.4588804244995115,0.0500453804682269,PBPF,cracker_scene1,30,old
43,1.4741177558898926,0.0501504544004338,PBPF,cracker_scene1,30,old
44,1.490636110305786,0.0501470861561203,PBPF,cracker_scene1,30,old
45,1.5146703720092771,0.0502084310256092,PBPF,cracker_scene1,30,old
46,1.5295372009277344,0.0502084310256092,PBPF,cracker_scene1,30,old
47,1.5987300872802734,0.0493732813364225,PBPF,cracker_scene1,30,old
48,1.6165227890014648,0.0494674702762307,PBPF,cracker_scene1,30,old
49,1.6284551620483398,0.0494700188243215,PBPF,cracker_scene1,30,old
50,1.6386699676513672,0.0493829242261248,PBPF,cracker_scene1,30,old
51,1.6558899879455566,0.0494708597952813,PBPF,cracker_scene1,30,old
52,1.6864829063415527,0.0494708597952813,PBPF,cracker_scene1,30,old
53,1.7111098766326904,0.0503808682234908,PBPF,cracker_scene1,30,old
54,1.7385435104370115,0.0503504472113182,PBPF,cracker_scene1,30,old
55,1.7747011184692385,0.0500623832818155,PBPF,cracker_scene1,30,old
56,1.8194189071655276,0.0510266890737289,PBPF,cracker_scene1,30,old
57,1.8589212894439695,0.0515513004909959,PBPF,cracker_scene1,30,old
58,1.8827784061431885,0.051934458303121,PBPF,cracker_scene1,30,old
59,1.9062840938568115,0.0523033995608653,PBPF,cracker_scene1,30,old
60,1.923579454421997,0.0525940794253465,PBPF,cracker_scene1,30,old
61,1.9433083534240725,0.0527465656051768,PBPF,cracker_scene1,30,old
62,1.9558398723602293,0.0531016815066867,PBPF,cracker_scene1,30,old
63,1.9667527675628664,0.0531016815066867,PBPF,cracker_scene1,30,old
64,1.9934616088867188,0.0532601683316266,PBPF,cracker_scene1,30,old
65,2.052456855773926,0.0536666457099615,PBPF,cracker_scene1,30,old
66,2.067768812179565,0.0547377454485187,PBPF,cracker_scene1,30,old
67,2.0833022594451904,0.0548833471175209,PBPF,cracker_scene1,30,old
68,2.099170207977295,0.0550712679313503,PBPF,cracker_scene1,30,old
69,2.1105942726135254,0.0553669909306697,PBPF,cracker_scene1,30,old
70,2.1288387775421143,0.0554555087396695,PBPF,cracker_scene1,30,old
71,2.139209270477295,0.0554555087396695,PBPF,cracker_scene1,30,old
72,2.1546719074249268,0.0554494248415786,PBPF,cracker_scene1,30,old
73,2.190760612487793,0.0559358480497926,PBPF,cracker_scene1,30,old
74,2.202575206756592,0.0449835859005873,PBPF,cracker_scene1,30,old
75,2.2246804237365723,0.0449836232096963,PBPF,cracker_scene1,30,old
76,2.259932041168213,0.0451821530746404,PBPF,cracker_scene1,30,old
77,2.2842466831207275,0.0452624535383272,PBPF,cracker_scene1,30,old
78,2.3025527000427246,0.0452548900371244,PBPF,cracker_scene1,30,old
79,2.3288962841033936,0.0452424102252928,PBPF,cracker_scene1,30,old
80,2.3392105102539062,0.0452424102252928,PBPF,cracker_scene1,30,old
81,2.3540425300598145,0.0451197584424007,PBPF,cracker_scene1,30,old
82,2.3815433979034424,0.0452735675875892,PBPF,cracker_scene1,30,old
83,2.4005935192108154,0.045209859999516,PBPF,cracker_scene1,30,old
84,2.4215378761291504,0.045209859999516,PBPF,cracker_scene1,30,old
85,2.442209243774414,0.045209859999516,PBPF,cracker_scene1,30,old
86,2.4485366344451904,0.045209859999516,PBPF,cracker_scene1,30,old
87,2.478685140609741,0.045209859999516,PBPF,cracker_scene1,30,old
88,2.530478477478028,0.0451963098343618,PBPF,cracker_scene1,30,old
89,2.542670488357544,0.0452003800202001,PBPF,cracker_scene1,30,old
90,2.569002389907837,0.0450866759887013,PBPF,cracker_scene1,30,old
91,2.5802226066589355,0.0450866759887013,PBPF,cracker_scene1,30,old
92,2.5921895503997803,0.0450717753534127,PBPF,cracker_scene1,30,old
93,2.61803936958313,0.0450749745445764,PBPF,cracker_scene1,30,old
94,2.650463104248047,0.0452206069681376,PBPF,cracker_scene1,30,old
95,2.6944003105163574,0.0452015793861136,PBPF,cracker_scene1,30,old
96,2.701279401779175,0.0452015793861136,PBPF,cracker_scene1,30,old
97,2.717849969863892,0.0452015793861136,PBPF,cracker_scene1,30,old
98,2.7318363189697266,0.0452015793861136,PBPF,cracker_scene1,30,old
99,2.738083839416504,0.0452015793861136,PBPF,cracker_scene1,30,old
100,2.752021312713623,0.0452015793861136,PBPF,cracker_scene1,30,old
101,2.7674825191497803,0.0507406991008675,PBPF,cracker_scene1,30,old
102,2.779106855392456,0.0507406991008675,PBPF,cracker_scene1,30,old
103,2.79540491104126,0.0507308994910715,PBPF,cracker_scene1,30,old
104,2.817983865737915,0.0507256787177579,PBPF,cracker_scene1,30,old
105,2.8481311798095703,0.0507363715463894,PBPF,cracker_scene1,30,old
106,2.853973865509033,0.0507363715463894,PBPF,cracker_scene1,30,old
107,2.872447967529297,0.0506481300501388,PBPF,cracker_scene1,30,old
108,2.8781826496124268,0.0506481300501388,PBPF,cracker_scene1,30,old
109,2.9124069213867188,0.0506046496529371,PBPF,cracker_scene1,30,old
110,2.9304277896881104,0.0506046496529371,PBPF,cracker_scene1,30,old
111,2.952797174453736,0.0506046496529371,PBPF,cracker_scene1,30,old
112,3.00244665145874,0.0504752514856235,PBPF,cracker_scene1,30,old
113,3.0125317573547363,0.0505083216894248,PBPF,cracker_scene1,30,old
114,3.033804178237915,0.0504378839109254,PBPF,cracker_scene1,30,old
115,3.044229030609131,0.05035382943969,PBPF,cracker_scene1,30,old
116,3.061630725860596,0.0503639683397048,PBPF,cracker_scene1,30,old
117,3.0749106407165527,0.0503454714573559,PBPF,cracker_scene1,30,old
118,3.0987160205841064,0.0504063761582296,PBPF,cracker_scene1,30,old
119,3.108398199081421,0.0503978955624843,PBPF,cracker_scene1,30,old
120,3.122718334197998,0.050361195094129,PBPF,cracker_scene1,30,old
121,3.131603956222534,0.05037901536304,PBPF,cracker_scene1,30,old
122,3.1493382453918457,0.0503516005003172,PBPF,cracker_scene1,30,old
123,3.164283514022827,0.0503423749692783,PBPF,cracker_scene1,30,old
124,3.173247814178467,0.0503435708089768,PBPF,cracker_scene1,30,old
125,3.2039363384246826,0.0503385980260409,PBPF,cracker_scene1,30,old
126,3.266254186630249,0.0503668521239207,PBPF,cracker_scene1,30,old
127,3.293865203857422,0.0504404192784417,PBPF,cracker_scene1,30,old
128,3.327652931213379,0.050594347391129,PBPF,cracker_scene1,30,old
129,3.368957757949829,0.0509494629908194,PBPF,cracker_scene1,30,old
130,3.384874105453491,0.0510073846819242,PBPF,cracker_scene1,30,old
131,3.4365458488464355,0.0516268932114494,PBPF,cracker_scene1,30,old
132,3.459930181503296,0.051678000199038,PBPF,cracker_scene1,30,old
133,3.494086503982544,0.0518063663928053,PBPF,cracker_scene1,30,old
134,3.526017665863037,0.0522381692313294,PBPF,cracker_scene1,30,old
135,3.5503506660461426,0.0522816820248075,PBPF,cracker_scene1,30,old
136,3.634089469909668,0.0543038848314961,PBPF,cracker_scene1,30,old
137,3.668023586273194,0.0543574317760667,PBPF,cracker_scene1,30,old
138,3.680520534515381,0.0543863365272032,PBPF,cracker_scene1,30,old
139,3.6877927780151367,0.0544441175454567,PBPF,cracker_scene1,30,old
140,3.694616079330444,0.0544441175454567,PBPF,cracker_scene1,30,old
141,3.701474666595459,0.054443879088004,PBPF,cracker_scene1,30,old
142,3.713464975357056,0.054511663541896,PBPF,cracker_scene1,30,old
143,3.7210805416107178,0.0544508907310974,PBPF,cracker_scene1,30,old
144,3.727998733520508,0.0544839235583212,PBPF,cracker_scene1,30,old
145,3.735096454620361,0.0545848474294282,PBPF,cracker_scene1,30,old
146,3.742699861526489,0.0546110358870454,PBPF,cracker_scene1,30,old
147,3.749863386154175,0.0546110358870454,PBPF,cracker_scene1,30,old
148,3.757392168045044,0.0546795887431092,PBPF,cracker_scene1,30,old
149,3.765216588973999,0.0548302178918637,PBPF,cracker_scene1,30,old
150,3.773057460784912,0.0547939591735933,PBPF,cracker_scene1,30,old
151,3.7811646461486816,0.0548984206317838,PBPF,cracker_scene1,30,old
152,3.788546085357666,0.0549264632006709,PBPF,cracker_scene1,30,old
153,3.796567440032959,0.0549680800566528,PBPF,cracker_scene1,30,old
154,3.8047378063201904,0.0549672621189184,PBPF,cracker_scene1,30,old
155,3.8134939670562735,0.0549739531154854,PBPF,cracker_scene1,30,old
156,3.822346210479736,0.0549972567245825,PBPF,cracker_scene1,30,old
157,3.8308708667755127,0.0550963248697934,PBPF,cracker_scene1,30,old
158,3.839231014251709,0.0551889417239445,PBPF,cracker_scene1,30,old
159,3.8476831912994394,0.0552358218262103,PBPF,cracker_scene1,30,old
160,3.85605263710022,0.0552878322326472,PBPF,cracker_scene1,30,old
161,3.864802598953247,0.0555762661924345,PBPF,cracker_scene1,30,old
162,3.872671604156494,0.0555479583007731,PBPF,cracker_scene1,30,old
163,3.879887104034424,0.0555479583007731,PBPF,cracker_scene1,30,old
164,3.8883094787597656,0.0556983327891342,PBPF,cracker_scene1,30,old
165,3.895730495452881,0.0557320042625133,PBPF,cracker_scene1,30,old
166,3.903985738754273,0.0557320042625133,PBPF,cracker_scene1,30,old
167,3.911062240600586,0.0557320042625133,PBPF,cracker_scene1,30,old
168,3.9185094833374015,0.0557424456494113,PBPF,cracker_scene1,30,old
169,3.927245140075684,0.0558009452114121,PBPF,cracker_scene1,30,old
170,3.9348998069763184,0.0558009452114121,PBPF,cracker_scene1,30,old
171,3.9427647590637207,0.0557776556763636,PBPF,cracker_scene1,30,old
172,3.950366497039795,0.0557760249920021,PBPF,cracker_scene1,30,old
173,3.9595816135406494,0.0590021255078342,PBPF,cracker_scene1,30,old
174,3.9678215980529785,0.0591182482661044,PBPF,cracker_scene1,30,old
175,3.975478649139404,0.0584252258385014,PBPF,cracker_scene1,30,old
176,3.984234094619751,0.0584184802935481,PBPF,cracker_scene1,30,old
177,3.991687059402466,0.0583834300174934,PBPF,cracker_scene1,30,old
178,4.000109910964966,0.0583309791179541,PBPF,cracker_scene1,30,old
179,4.008231163024902,0.058357911454096,PBPF,cracker_scene1,30,old
180,4.0151214599609375,0.0583296898759692,PBPF,cracker_scene1,30,old
181,4.020032644271851,0.0583452113484159,PBPF,cracker_scene1,30,old
182,4.02433180809021,0.0583452113484159,PBPF,cracker_scene1,30,old
183,4.02871036529541,0.0583452113484159,PBPF,cracker_scene1,30,old
184,4.032967805862427,0.0583452113484159,PBPF,cracker_scene1,30,old
185,4.0378806591033936,0.0583169154420621,PBPF,cracker_scene1,30,old
186,4.042187690734863,0.0583169154420621,PBPF,cracker_scene1,30,old
187,4.047217130661011,0.0607030906996175,PBPF,cracker_scene1,30,old
188,4.0513458251953125,0.0607030906996175,PBPF,cracker_scene1,30,old
189,4.055471420288086,0.0606949472772831,PBPF,cracker_scene1,30,old
190,4.05972146987915,0.0606718632374231,PBPF,cracker_scene1,30,old
191,4.064101457595825,0.0606718632374231,PBPF,cracker_scene1,30,old
192,4.068526029586792,0.0606491092197465,PBPF,cracker_scene1,30,old
193,4.072892427444458,0.0606491092197465,PBPF,cracker_scene1,30,old
194,4.077255725860596,0.0606437699515431,PBPF,cracker_scene1,30,old
195,4.0816051959991455,0.0606437699515431,PBPF,cracker_scene1,30,old
196,4.085824489593506,0.0606437699515431,PBPF,cracker_scene1,30,old
197,4.090264797210693,0.0607079145433,PBPF,cracker_scene1,30,old
198,4.094633102416992,0.0606110583356626,PBPF,cracker_scene1,30,old
199,4.099716424942017,0.0606110583356626,PBPF,cracker_scene1,30,old
200,4.104501008987427,0.0605074356985248,PBPF,cracker_scene1,30,old
201,4.109219551086426,0.06057290615823,PBPF,cracker_scene1,30,old
202,4.114019393920898,0.06057290615823,PBPF,cracker_scene1,30,old
203,4.118652582168579,0.0604436042792442,PBPF,cracker_scene1,30,old
204,4.123400449752808,0.0604436042792442,PBPF,cracker_scene1,30,old
205,4.128544569015503,0.0604794630054544,PBPF,cracker_scene1,30,old
206,4.133379220962524,0.0604794630054544,PBPF,cracker_scene1,30,old
207,4.138566493988037,0.0603957278790644,PBPF,cracker_scene1,30,old
208,4.1432204246521,0.0603193931833472,PBPF,cracker_scene1,30,old
209,4.1478681564331055,0.0603193931833472,PBPF,cracker_scene1,30,old
210,4.1529059410095215,0.0602919411267227,PBPF,cracker_scene1,30,old
211,4.157850742340088,0.0602919411267227,PBPF,cracker_scene1,30,old
212,4.162799596786499,0.060276031673794,PBPF,cracker_scene1,30,old
213,4.167489290237427,0.0602102215787817,PBPF,cracker_scene1,30,old
214,4.172161102294922,0.0602102215787817,PBPF,cracker_scene1,30,old
215,4.176558256149292,0.0602102215787817,PBPF,cracker_scene1,30,old
216,4.181018352508545,0.0602132322045661,PBPF,cracker_scene1,30,old
217,4.18572473526001,0.060219615786529,PBPF,cracker_scene1,30,old
218,4.190437078475952,0.0602017433802352,PBPF,cracker_scene1,30,old
219,4.19499659538269,0.0601581482697917,PBPF,cracker_scene1,30,old
220,4.199374675750732,0.0601581482697917,PBPF,cracker_scene1,30,old
221,4.2039008140563965,0.0601581482697917,PBPF,cracker_scene1,30,old
222,4.208503723144531,0.0601683915582771,PBPF,cracker_scene1,30,old
223,4.212785720825195,0.0601683915582771,PBPF,cracker_scene1,30,old
224,4.21724534034729,0.0601683915582771,PBPF,cracker_scene1,30,old
225,4.221853494644165,0.0601041041319387,PBPF,cracker_scene1,30,old
226,4.226140737533569,0.0601041041319387,PBPF,cracker_scene1,30,old
227,4.230337381362915,0.0601041041319387,PBPF,cracker_scene1,30,old
228,4.2347731590271,0.0599672523075615,PBPF,cracker_scene1,30,old
229,4.239021062850952,0.0599672523075615,PBPF,cracker_scene1,30,old
230,4.243240833282471,0.0599672523075615,PBPF,cracker_scene1,30,old
231,4.248991966247559,0.0604792175264647,PBPF,cracker_scene1,30,old
232,4.253342151641846,0.060530086809893,PBPF,cracker_scene1,30,old
233,4.257559061050415,0.060530086809893,PBPF,cracker_scene1,30,old
234,4.261829376220703,0.060530086809893,PBPF,cracker_scene1,30,old
235,4.266286611557007,0.0604574609870404,PBPF,cracker_scene1,30,old
236,4.270735740661621,0.0604390899584749,PBPF,cracker_scene1,30,old
237,4.275010347366333,0.0604390899584749,PBPF,cracker_scene1,30,old
238,4.279487371444702,0.0604390899584749,PBPF,cracker_scene1,30,old
239,4.283848762512207,0.0604462121889648,PBPF,cracker_scene1,30,old
240,4.288205623626709,0.0604257586870725,PBPF,cracker_scene1,30,old
241,4.292442798614502,0.0604257586870725,PBPF,cracker_scene1,30,old
242,4.297321319580078,0.0604362794119524,PBPF,cracker_scene1,30,old
243,4.30167031288147,0.0604362794119524,PBPF,cracker_scene1,30,old
244,4.306250333786011,0.0604842699473149,PBPF,cracker_scene1,30,old
245,4.310792446136475,0.0604842699473149,PBPF,cracker_scene1,30,old
246,4.316152572631836,0.0602559617144327,PBPF,cracker_scene1,30,old
247,4.320898532867432,0.0601755455616152,PBPF,cracker_scene1,30,old
248,4.325540781021118,0.0601755455616152,PBPF,cracker_scene1,30,old
249,4.329900503158569,0.0601755455616152,PBPF,cracker_scene1,30,old
250,4.334399700164795,0.0601415254245745,PBPF,cracker_scene1,30,old
251,4.338826656341553,0.0601415254245745,PBPF,cracker_scene1,30,old
252,4.343890905380249,0.060099787134238,PBPF,cracker_scene1,30,old
253,4.349101543426514,0.0601203694314858,PBPF,cracker_scene1,30,old
254,4.353625774383545,0.0601203694314858,PBPF,cracker_scene1,30,old
255,4.358243227005005,0.0601203694314858,PBPF,cracker_scene1,30,old
256,4.363193988800049,0.0601272039775316,PBPF,cracker_scene1,30,old
257,4.367968320846558,0.0601364473916438,PBPF,cracker_scene1,30,old
258,4.3731019496917725,0.0601290258772354,PBPF,cracker_scene1,30,old
259,4.377567291259766,0.0601188653066123,PBPF,cracker_scene1,30,old
260,4.382224082946777,0.0601080829776779,PBPF,cracker_scene1,30,old
261,4.386864423751831,0.0601037851041434,PBPF,cracker_scene1,30,old
262,4.391252756118774,0.060100827042055,PBPF,cracker_scene1,30,old
263,4.395476818084717,0.060100827042055,PBPF,cracker_scene1,30,old
264,4.399853706359863,0.060100827042055,PBPF,cracker_scene1,30,old
265,4.40420937538147,0.0601298092527345,PBPF,cracker_scene1,30,old
266,4.40878438949585,0.0604195679382482,PBPF,cracker_scene1,30,old
267,4.412988901138306,0.0604195679382482,PBPF,cracker_scene1,30,old
268,4.417176008224487,0.0604195679382482,PBPF,cracker_scene1,30,old
269,4.422002077102661,0.0602678587184388,PBPF,cracker_scene1,30,old
270,4.4262471199035645,0.0602678587184388,PBPF,cracker_scene1,30,old
271,4.430582523345947,0.0602021586365457,PBPF,cracker_scene1,30,old
272,4.434829473495483,0.0602021586365457,PBPF,cracker_scene1,30,old
273,4.439425945281982,0.0601534105658316,PBPF,cracker_scene1,30,old
274,4.443936109542847,0.0601839656625582,PBPF,cracker_scene1,30,old
275,4.448375701904297,0.0601642250571419,PBPF,cracker_scene1,30,old
276,4.452651739120483,0.0601631840784378,PBPF,cracker_scene1,30,old
277,4.457068204879761,0.0601164421071834,PBPF,cracker_scene1,30,old
278,4.461196184158325,0.0601164421071834,PBPF,cracker_scene1,30,old
279,4.465551376342773,0.0601039933941685,PBPF,cracker_scene1,30,old
280,4.469954967498779,0.0601039933941685,PBPF,cracker_scene1,30,old
281,4.474325895309448,0.0600751232727174,PBPF,cracker_scene1,30,old
282,4.4787187576293945,0.060035532909318,PBPF,cracker_scene1,30,old
283,4.483153581619263,0.0600228034452213,PBPF,cracker_scene1,30,old
284,4.487725734710693,0.059963469533046,PBPF,cracker_scene1,30,old
285,4.491839647293091,0.059963469533046,PBPF,cracker_scene1,30,old
286,4.496343374252319,0.0599011044928743,PBPF,cracker_scene1,30,old
287,4.500916242599487,0.0599011044928743,PBPF,cracker_scene1,30,old
288,4.505388259887695,0.0598897990827125,PBPF,cracker_scene1,30,old
289,4.509737014770508,0.0598239527978613,PBPF,cracker_scene1,30,old
290,4.514457941055298,0.0597986560378055,PBPF,cracker_scene1,30,old
291,4.519001483917236,0.0597966512760339,PBPF,cracker_scene1,30,old
292,4.52351188659668,0.0597701319591918,PBPF,cracker_scene1,30,old
293,4.5276196002960205,0.0597701319591918,PBPF,cracker_scene1,30,old
294,4.53208327293396,0.0597564875677832,PBPF,cracker_scene1,30,old
295,4.536242723464966,0.059746065841685,PBPF,cracker_scene1,30,old
296,4.54087233543396,0.0596866673055706,PBPF,cracker_scene1,30,old
297,4.545028209686279,0.0596866673055706,PBPF,cracker_scene1,30,old
298,4.549221515655518,0.0596866673055706,PBPF,cracker_scene1,30,old
299,4.553909778594971,0.0596562060114772,PBPF,cracker_scene1,30,old
300,4.558354377746582,0.0598616721509884,PBPF,cracker_scene1,30,old
301,4.562448740005493,0.0598616721509884,PBPF,cracker_scene1,30,old
302,4.566785335540772,0.0598483635775003,PBPF,cracker_scene1,30,old
303,4.571423530578613,0.0598483635775003,PBPF,cracker_scene1,30,old
304,4.57582426071167,0.05985923903872,PBPF,cracker_scene1,30,old
305,4.580151319503784,0.0598461523992294,PBPF,cracker_scene1,30,old
306,4.584864139556885,0.059750244210356,PBPF,cracker_scene1,30,old
307,4.589127063751221,0.0597479035833037,PBPF,cracker_scene1,30,old
308,4.593717575073242,0.0597333536496852,PBPF,cracker_scene1,30,old
309,4.59809684753418,0.0597333536496852,PBPF,cracker_scene1,30,old
310,4.602462768554688,0.0596997285125325,PBPF,cracker_scene1,30,old
311,4.606770277023315,0.0596506291447239,PBPF,cracker_scene1,30,old
312,4.611191272735596,0.0596263243824024,PBPF,cracker_scene1,30,old
313,4.615621328353882,0.0596119329378727,PBPF,cracker_scene1,30,old
314,4.6205668449401855,0.0596025366277424,PBPF,cracker_scene1,30,old
315,4.624988079071045,0.0596025366277424,PBPF,cracker_scene1,30,old
316,4.629487752914429,0.0595617514161193,PBPF,cracker_scene1,30,old
317,4.633917331695557,0.0595482531617116,PBPF,cracker_scene1,30,old
318,4.638524532318115,0.0595115610130886,PBPF,cracker_scene1,30,old
319,4.642827749252319,0.0595118734926601,PBPF,cracker_scene1,30,old
320,4.6482038497924805,0.0594818154050169,PBPF,cracker_scene1,30,old
321,4.653589963912964,0.0594721180159875,PBPF,cracker_scene1,30,old
322,4.65901255607605,0.0594721180159875,PBPF,cracker_scene1,30,old
323,4.663819789886475,0.0594913118812103,PBPF,cracker_scene1,30,old
324,4.670735120773315,0.0594089387468428,PBPF,cracker_scene1,30,old
325,4.677689075469971,0.0593703461346694,PBPF,cracker_scene1,30,old
326,4.684712171554565,0.0593240825914988,PBPF,cracker_scene1,30,old
327,4.691533088684082,0.0592671449090407,PBPF,cracker_scene1,30,old
328,4.698524236679077,0.0592106391612985,PBPF,cracker_scene1,30,old
329,4.705401659011841,0.0592106391612985,PBPF,cracker_scene1,30,old
330,4.7120208740234375,0.0591937106580733,PBPF,cracker_scene1,30,old
331,4.719122409820557,0.05953463013726,PBPF,cracker_scene1,30,old
332,4.725907325744629,0.0595098560620558,PBPF,cracker_scene1,30,old
333,4.732861280441284,0.059453178492737,PBPF,cracker_scene1,30,old
334,4.739574193954468,0.059453178492737,PBPF,cracker_scene1,30,old
335,4.746694803237915,0.0594096617159111,PBPF,cracker_scene1,30,old
336,4.753527879714966,0.0593866539256139,PBPF,cracker_scene1,30,old
337,4.760899305343628,0.0592612770065375,PBPF,cracker_scene1,30,old
338,4.767343997955322,0.0592612770065375,PBPF,cracker_scene1,30,old
339,4.7739763259887695,0.0592324667144603,PBPF,cracker_scene1,30,old
340,4.78130316734314,0.0591723242685548,PBPF,cracker_scene1,30,old
341,4.788386821746826,0.0590741050681894,PBPF,cracker_scene1,30,old
342,4.79508113861084,0.0590741050681894,PBPF,cracker_scene1,30,old
343,4.801867246627808,0.0590741050681894,PBPF,cracker_scene1,30,old
344,4.808961868286133,0.059029177764748,PBPF,cracker_scene1,30,old
345,4.816605091094971,0.0589564056591467,PBPF,cracker_scene1,30,old
346,4.823622703552246,0.0589564056591467,PBPF,cracker_scene1,30,old
347,4.831157922744751,0.0588704592754247,PBPF,cracker_scene1,30,old
348,4.838392734527588,0.0588694282949014,PBPF,cracker_scene1,30,old
349,4.845513105392456,0.0588632517665624,PBPF,cracker_scene1,30,old
350,4.8529088497161865,0.0588507664079039,PBPF,cracker_scene1,30,old
351,4.859726428985596,0.0588155415671794,PBPF,cracker_scene1,30,old
352,4.867074966430664,0.0588025877949461,PBPF,cracker_scene1,30,old
353,4.874255418777466,0.0587958054391458,PBPF,cracker_scene1,30,old
354,4.881550550460815,0.0587958054391458,PBPF,cracker_scene1,30,old
355,4.888935327529907,0.0587636996304228,PBPF,cracker_scene1,30,old
356,4.895902633666992,0.0587636996304228,PBPF,cracker_scene1,30,old
357,4.903656482696533,0.058698586851352,PBPF,cracker_scene1,30,old
358,4.91047739982605,0.058698586851352,PBPF,cracker_scene1,30,old
359,4.91788125038147,0.0586769861006525,PBPF,cracker_scene1,30,old
360,4.925340890884399,0.06031339434054,PBPF,cracker_scene1,30,old
361,4.932583570480347,0.0603156108195089,PBPF,cracker_scene1,30,old
362,4.939784049987793,0.0603415137851955,PBPF,cracker_scene1,30,old
363,4.946867227554321,0.060227574943943,PBPF,cracker_scene1,30,old
364,4.954452753067017,0.0601763850167537,PBPF,cracker_scene1,30,old
365,4.961340188980103,0.060139574254486,PBPF,cracker_scene1,30,old
366,4.968444108963013,0.060139574254486,PBPF,cracker_scene1,30,old
367,4.975863456726074,0.0601114931085644,PBPF,cracker_scene1,30,old
368,4.98316502571106,0.0600499711155391,PBPF,cracker_scene1,30,old
369,4.990058183670044,0.0600092292386518,PBPF,cracker_scene1,30,old
370,4.996885299682617,0.0600295013641405,PBPF,cracker_scene1,30,old
371,5.0041234493255615,0.0600295013641405,PBPF,cracker_scene1,30,old
372,5.011496067047119,0.0599408443057804,PBPF,cracker_scene1,30,old
373,5.018897294998169,0.0599230406487071,PBPF,cracker_scene1,30,old
374,5.026728868484497,0.059867131220537,PBPF,cracker_scene1,30,old
375,5.033999919891357,0.0598316862008085,PBPF,cracker_scene1,30,old
376,5.041516304016113,0.0598083364314411,PBPF,cracker_scene1,30,old
377,5.048766613006592,0.0597795906825419,PBPF,cracker_scene1,30,old
378,5.056224822998047,0.0596436770239957,PBPF,cracker_scene1,30,old
379,5.063439607620239,0.059627151851079,PBPF,cracker_scene1,30,old
380,5.07075572013855,0.0595630993139935,PBPF,cracker_scene1,30,old
381,5.077809810638428,0.0595654310684594,PBPF,cracker_scene1,30,old
382,5.085637092590332,0.0605021757758331,PBPF,cracker_scene1,30,old
383,5.092830896377564,0.0604901108078683,PBPF,cracker_scene1,30,old
384,5.100483179092407,0.0604322111355349,PBPF,cracker_scene1,30,old
385,5.107683420181274,0.0604080923715196,PBPF,cracker_scene1,30,old
386,5.114972829818726,0.0603818750289415,PBPF,cracker_scene1,30,old
387,5.122028350830078,0.0603738446512882,PBPF,cracker_scene1,30,old
388,5.1293041706085205,0.0603619801975161,PBPF,cracker_scene1,30,old
389,5.136858940124512,0.0603418504459752,PBPF,cracker_scene1,30,old
390,5.144593000411987,0.0602883870333348,PBPF,cracker_scene1,30,old
391,5.151711225509644,0.0602883870333348,PBPF,cracker_scene1,30,old
392,5.160413265228272,0.0602480850841211,PBPF,cracker_scene1,30,old
393,5.175434827804565,0.0601885250026818,PBPF,cracker_scene1,30,old
394,5.192298412322998,0.0601205481662621,PBPF,cracker_scene1,30,old
395,5.208324909210205,0.0600916479008374,PBPF,cracker_scene1,30,old
396,5.216620683670044,0.0600916479008374,PBPF,cracker_scene1,30,old
397,5.228461027145386,0.0600583196579738,PBPF,cracker_scene1,30,old
398,5.2464587688446045,0.0599537411845434,PBPF,cracker_scene1,30,old
399,5.256226062774658,0.0599500327975563,PBPF,cracker_scene1,30,old
400,5.287052631378174,0.0598295966933926,PBPF,cracker_scene1,30,old
401,5.302427053451538,0.0598108194863568,PBPF,cracker_scene1,30,old
402,5.327663898468018,0.0597347557599763,PBPF,cracker_scene1,30,old
403,5.362409830093384,0.0596056540055957,PBPF,cracker_scene1,30,old
404,5.402395248413086,0.0594952045807051,PBPF,cracker_scene1,30,old
405,5.450541019439697,0.0596465598685247,PBPF,cracker_scene1,30,old
406,5.470675230026245,0.0596465598685247,PBPF,cracker_scene1,30,old
407,5.481776237487793,0.0596465598685247,PBPF,cracker_scene1,30,old
408,5.494489908218384,0.0596465598685247,PBPF,cracker_scene1,30,old
409,5.511346578598023,0.0596465598685247,PBPF,cracker_scene1,30,old
410,5.528823137283325,0.0596465598685247,PBPF,cracker_scene1,30,old
411,5.557899475097656,0.0596465598685247,PBPF,cracker_scene1,30,old
412,5.578404426574707,0.0596465598685247,PBPF,cracker_scene1,30,old
413,5.589281320571899,0.0596465598685247,PBPF,cracker_scene1,30,old
414,5.606452226638794,0.0596465598685247,PBPF,cracker_scene1,30,old
415,5.6356589794158936,0.0596465598685247,PBPF,cracker_scene1,30,old
416,5.662677049636841,0.0590603343888923,PBPF,cracker_scene1,30,old
417,5.674432516098023,0.0590603343888923,PBPF,cracker_scene1,30,old
418,5.687318563461304,0.0590603343888923,PBPF,cracker_scene1,30,old
419,5.7151312828063965,0.0590603343888923,PBPF,cracker_scene1,30,old
420,5.723248720169067,0.0590407478189886,PBPF,cracker_scene1,30,old
421,5.733055353164673,0.0590407478189886,PBPF,cracker_scene1,30,old
422,5.750560522079468,0.0590407478189886,PBPF,cracker_scene1,30,old
423,5.76702618598938,0.0590407478189886,PBPF,cracker_scene1,30,old
424,5.7905802726745605,0.0590407478189886,PBPF,cracker_scene1,30,old
425,5.798606634140015,0.0590407478189886,PBPF,cracker_scene1,30,old
426,5.838620901107788,0.0590407478189886,PBPF,cracker_scene1,30,old
427,5.846019983291626,0.0590407478189886,PBPF,cracker_scene1,30,old
428,5.868045806884766,0.0590508129812689,PBPF,cracker_scene1,30,old
429,5.884266376495361,0.0590508129812689,PBPF,cracker_scene1,30,old
430,5.892932415008545,0.0590508129812689,PBPF,cracker_scene1,30,old
431,5.908625364303589,0.0590508129812689,PBPF,cracker_scene1,30,old
432,5.924232482910156,0.0590508129812689,PBPF,cracker_scene1,30,old
433,5.940667390823364,0.05890051637859,PBPF,cracker_scene1,30,old
434,6.002924203872681,0.0589160434334214,PBPF,cracker_scene1,30,old
435,6.074363708496094,0.0591345181426261,PBPF,cracker_scene1,30,old
436,6.099396705627441,0.0591345181426261,PBPF,cracker_scene1,30,old
437,6.202402830123901,0.0598514495890943,PBPF,cracker_scene1,30,old
438,6.2383873462677,0.0599531227662807,PBPF,cracker_scene1,30,old
439,6.282778024673462,0.0600864135799968,PBPF,cracker_scene1,30,old
440,6.338375806808472,0.0600864135799968,PBPF,cracker_scene1,30,old
441,6.373079538345337,0.0610200146234505,PBPF,cracker_scene1,30,old
442,6.399258852005005,0.0610200146234505,PBPF,cracker_scene1,30,old
443,6.45044469833374,0.0616447924940198,PBPF,cracker_scene1,30,old
444,6.522577047348023,0.0613242044522958,PBPF,cracker_scene1,30,old
445,6.549474954605103,0.0614990141414468,PBPF,cracker_scene1,30,old
446,6.632642030715942,0.0616226420406218,PBPF,cracker_scene1,30,old
447,6.666121244430542,0.0616784563668438,PBPF,cracker_scene1,30,old
448,6.755133152008057,0.0616433738286794,PBPF,cracker_scene1,30,old
449,6.782705068588257,0.0616441076878329,PBPF,cracker_scene1,30,old
450,6.832575082778931,0.0616441076878329,PBPF,cracker_scene1,30,old
451,6.878514528274536,0.0616429140398525,PBPF,cracker_scene1,30,old
452,6.899257183074951,0.0616656300991623,PBPF,cracker_scene1,30,old
453,6.95229697227478,0.0616653393401123,PBPF,cracker_scene1,30,old
454,6.990628719329834,0.0616497547618207,PBPF,cracker_scene1,30,old
455,7.01586127281189,0.0616667050312671,PBPF,cracker_scene1,30,old
456,7.149245023727417,0.0617461178905498,PBPF,cracker_scene1,30,old
457,7.186227560043335,0.065046382469351,PBPF,cracker_scene1,30,old
458,7.2302587032318115,0.0650049262667089,PBPF,cracker_scene1,30,old
459,7.245297431945801,0.0649414980527141,PBPF,cracker_scene1,30,old
460,7.266068935394287,0.0648878750834944,PBPF,cracker_scene1,30,old
461,7.332663059234619,0.0649112612278611,PBPF,cracker_scene1,30,old
462,7.399388074874878,0.0647575213169467,PBPF,cracker_scene1,30,old
463,7.433714151382446,0.0647608185327493,PBPF,cracker_scene1,30,old
464,7.534435272216797,0.0646258576456382,PBPF,cracker_scene1,30,old
465,7.566575050354004,0.0647505111749647,PBPF,cracker_scene1,30,old
466,7.604049921035767,0.0647525287643066,PBPF,cracker_scene1,30,old
467,7.629195213317871,0.0648975897527886,PBPF,cracker_scene1,30,old
468,7.727055311203003,0.0648918829148149,PBPF,cracker_scene1,30,old
469,7.77664589881897,0.0687788194766624,PBPF,cracker_scene1,30,old
470,7.794148206710815,0.0687743139783099,PBPF,cracker_scene1,30,old
471,7.839694499969482,0.0687743139783099,PBPF,cracker_scene1,30,old
472,7.852226257324219,0.0685603564302095,PBPF,cracker_scene1,30,old
473,7.8956708908081055,0.0685276087380402,PBPF,cracker_scene1,30,old
474,7.902237415313721,0.0685276087380402,PBPF,cracker_scene1,30,old
475,7.92314076423645,0.0685381009788315,PBPF,cracker_scene1,30,old
476,8.002436399459839,0.0686055806123716,PBPF,cracker_scene1,30,old
477,8.05847716331482,0.0684692323533456,PBPF,cracker_scene1,30,old
478,8.091039180755615,0.0686174040518093,PBPF,cracker_scene1,30,old
479,8.151606321334839,0.0685190667750182,PBPF,cracker_scene1,30,old
480,8.266324520111084,0.0688179380174199,PBPF,cracker_scene1,30,old
481,8.302650690078735,0.073358923818347,PBPF,cracker_scene1,30,old
482,8.341639757156372,0.0734557769209228,PBPF,cracker_scene1,30,old
483,8.382655620574951,0.0734557769209228,PBPF,cracker_scene1,30,old
484,8.418959379196167,0.0733653211561564,PBPF,cracker_scene1,30,old
485,8.46661925315857,0.0733412564541933,PBPF,cracker_scene1,30,old
486,8.494119644165039,0.0733412564541933,PBPF,cracker_scene1,30,old
487,8.527032136917114,0.0732176248085874,PBPF,cracker_scene1,30,old
488,8.554834842681885,0.0732176248085874,PBPF,cracker_scene1,30,old
489,8.561691761016846,0.073257307627434,PBPF,cracker_scene1,30,old
490,8.590576171875,0.073257307627434,PBPF,cracker_scene1,30,old
491,8.634711503982544,0.0729383415954007,PBPF,cracker_scene1,30,old
492,8.655581951141357,0.0730924592325863,PBPF,cracker_scene1,30,old
493,8.6988046169281,0.073043355605518,PBPF,cracker_scene1,30,old
494,8.722679138183594,0.0730051661611683,PBPF,cracker_scene1,30,old
495,8.730417013168335,0.0731268241928429,PBPF,cracker_scene1,30,old
496,8.776593923568726,0.073121895452765,PBPF,cracker_scene1,30,old
497,8.802704811096191,0.0731109211004444,PBPF,cracker_scene1,30,old
498,8.839009284973145,0.0733304402137846,PBPF,cracker_scene1,30,old
499,8.867903232574463,0.0733711794429479,PBPF,cracker_scene1,30,old
500,8.89686918258667,0.0733059902833431,PBPF,cracker_scene1,30,old
501,8.90790319442749,0.0734264412891549,PBPF,cracker_scene1,30,old
502,8.926695346832275,0.0733295619043845,PBPF,cracker_scene1,30,old
503,8.935876846313477,0.073541010561403,PBPF,cracker_scene1,30,old
504,8.956061840057373,0.0759207863408047,PBPF,cracker_scene1,30,old
505,8.9851975440979,0.075814984490056,PBPF,cracker_scene1,30,old
506,8.992217779159546,0.0758642757385211,PBPF,cracker_scene1,30,old
507,8.998664617538452,0.0758642757385211,PBPF,cracker_scene1,30,old
508,9.03083872795105,0.0758549768767641,PBPF,cracker_scene1,30,old
509,9.03798007965088,0.0758399338687097,PBPF,cracker_scene1,30,old
510,9.048798322677612,0.075745601930814,PBPF,cracker_scene1,30,old
511,9.059717893600464,0.0758741360011662,PBPF,cracker_scene1,30,old
512,9.065619707107544,0.0758741360011662,PBPF,cracker_scene1,30,old
513,9.083968877792358,0.0758033642780356,PBPF,cracker_scene1,30,old
514,9.09032917022705,0.0758033642780356,PBPF,cracker_scene1,30,old
515,9.10061240196228,0.0758123367461908,PBPF,cracker_scene1,30,old
516,9.107746839523315,0.075814172835993,PBPF,cracker_scene1,30,old
517,9.114621639251707,0.075814172835993,PBPF,cracker_scene1,30,old
518,9.16674280166626,0.0759792429416052,PBPF,cracker_scene1,30,old
519,9.174819469451904,0.075841116415599,PBPF,cracker_scene1,30,old
520,9.188518047332764,0.0758353148264776,PBPF,cracker_scene1,30,old
521,9.22906756401062,0.0758716004408118,PBPF,cracker_scene1,30,old
522,9.255225896835327,0.076037172742679,PBPF,cracker_scene1,30,old
523,9.274559497833252,0.0760623842471742,PBPF,cracker_scene1,30,old
524,9.295072555541992,0.0759653190253834,PBPF,cracker_scene1,30,old
525,9.306915044784546,0.0758362053589156,PBPF,cracker_scene1,30,old
526,9.322364568710327,0.0758618173208547,PBPF,cracker_scene1,30,old
527,9.369237899780272,0.0764955917117736,PBPF,cracker_scene1,30,old
528,9.376394987106323,0.0765107244994527,PBPF,cracker_scene1,30,old
529,9.406668424606323,0.0764328947044649,PBPF,cracker_scene1,30,old
530,9.413899898529053,0.0765700146551463,PBPF,cracker_scene1,30,old
531,9.4332377910614,0.0764660032623485,PBPF,cracker_scene1,30,old
532,9.449721813201904,0.0767144900555243,PBPF,cracker_scene1,30,old
533,9.479752779006958,0.0768624091500864,PBPF,cracker_scene1,30,old
534,9.50659966468811,0.0768714987885587,PBPF,cracker_scene1,30,old
535,9.529099464416504,0.0769881981661148,PBPF,cracker_scene1,30,old
536,9.53728699684143,0.0769617661074329,PBPF,cracker_scene1,30,old
537,9.549869060516356,0.0770215350774042,PBPF,cracker_scene1,30,old
538,9.55768609046936,0.0767805708558434,PBPF,cracker_scene1,30,old
539,9.574222087860107,0.0769846119081443,PBPF,cracker_scene1,30,old
540,9.58617877960205,0.0770242128800926,PBPF,cracker_scene1,30,old
541,9.597419023513794,0.0785716131042864,PBPF,cracker_scene1,30,old
542,9.612929344177246,0.0784786268862683,PBPF,cracker_scene1,30,old
543,9.628589630126951,0.0785857845652969,PBPF,cracker_scene1,30,old
544,9.639842987060549,0.0785357511288304,PBPF,cracker_scene1,30,old
545,9.65146517753601,0.078555905893861,PBPF,cracker_scene1,30,old
546,9.67449426651001,0.078541889803351,PBPF,cracker_scene1,30,old
547,9.681863069534302,0.0785684733638374,PBPF,cracker_scene1,30,old
548,9.68873906135559,0.0785742218048537,PBPF,cracker_scene1,30,old
549,9.69809627532959,0.0785659085659868,PBPF,cracker_scene1,30,old
550,9.70476007461548,0.0785659085659868,PBPF,cracker_scene1,30,old
551,9.7199809551239,0.0785220361608763,PBPF,cracker_scene1,30,old
552,9.742445468902588,0.0785403483539003,PBPF,cracker_scene1,30,old
553,9.75765585899353,0.078624888618264,PBPF,cracker_scene1,30,old
554,9.768654346466064,0.0784515567121573,PBPF,cracker_scene1,30,old
555,9.775561332702637,0.0784515567121573,PBPF,cracker_scene1,30,old
556,9.79487681388855,0.0785932364370521,PBPF,cracker_scene1,30,old
557,9.822574853897097,0.0785864811556747,PBPF,cracker_scene1,30,old
558,9.8335919380188,0.0786374393475649,PBPF,cracker_scene1,30,old
559,9.86478853225708,0.0786878283440035,PBPF,cracker_scene1,30,old
560,9.872566938400269,0.0787041038589384,PBPF,cracker_scene1,30,old
561,9.894522905349731,0.0787090416910994,PBPF,cracker_scene1,30,old
562,9.930834531784058,0.0787206024019791,PBPF,cracker_scene1,30,old
563,9.948521614074709,0.0787518863626661,PBPF,cracker_scene1,30,old
564,9.96867609024048,0.0789358970501774,PBPF,cracker_scene1,30,old
565,9.990005731582642,0.0788099724977212,PBPF,cracker_scene1,30,old
566,10.027788400650024,0.0790693925777595,PBPF,cracker_scene1,30,old
567,10.077489614486694,0.0790810631825596,PBPF,cracker_scene1,30,old
568,10.120566129684448,0.0793883662987042,PBPF,cracker_scene1,30,old
569,10.138571500778198,0.0794433081618201,PBPF,cracker_scene1,30,old
570,10.158833026885986,0.079504678427273,PBPF,cracker_scene1,30,old
571,10.17529273033142,0.0816596838187612,PBPF,cracker_scene1,30,old
572,10.1811101436615,0.0816786151942146,PBPF,cracker_scene1,30,old
573,10.191652774810793,0.0816543347886046,PBPF,cracker_scene1,30,old
574,10.20059847831726,0.0816562838366707,PBPF,cracker_scene1,30,old
575,10.208408832550049,0.0815302084978874,PBPF,cracker_scene1,30,old
576,10.221304178237917,0.0816818937402886,PBPF,cracker_scene1,30,old
577,10.254519939422607,0.0817161861864299,PBPF,cracker_scene1,30,old
578,10.261590242385864,0.0816893962803944,PBPF,cracker_scene1,30,old
579,10.282158613204956,0.0816295687182893,PBPF,cracker_scene1,30,old
580,10.296841859817505,0.0817902446026698,PBPF,cracker_scene1,30,old
581,10.303712129592896,0.0817902446026698,PBPF,cracker_scene1,30,old
582,10.342427015304564,0.0819073732959692,PBPF,cracker_scene1,30,old
583,10.364867210388184,0.0819924939765021,PBPF,cracker_scene1,30,old
584,10.467998743057253,0.0823342332441062,PBPF,cracker_scene1,30,old
585,10.497270822525024,0.082406336622823,PBPF,cracker_scene1,30,old
586,10.577437400817873,0.0828191617530631,PBPF,cracker_scene1,30,old
587,10.6346116065979,0.0828191617530631,PBPF,cracker_scene1,30,old
588,10.654514074325562,0.0828677453829657,PBPF,cracker_scene1,30,old
589,10.662069320678713,0.0831587166738943,PBPF,cracker_scene1,30,old
590,10.676188230514526,0.0831842541330898,PBPF,cracker_scene1,30,old
591,10.751012563705444,0.0832642883433251,PBPF,cracker_scene1,30,old
592,10.790974617004396,0.0852012335441125,PBPF,cracker_scene1,30,old
593,10.813479900360107,0.0851933169761624,PBPF,cracker_scene1,30,old
594,10.863992929458618,0.0850685439258502,PBPF,cracker_scene1,30,old
595,10.928359270095823,0.0853216600421082,PBPF,cracker_scene1,30,old
596,10.958636283874512,0.0853275358275768,PBPF,cracker_scene1,30,old
597,10.970682621002195,0.0853185933594684,PBPF,cracker_scene1,30,old
598,11.018551588058472,0.085310706852429,PBPF,cracker_scene1,30,old
599,11.025747060775757,0.0853189779245975,PBPF,cracker_scene1,30,old
600,11.065513610839844,0.0853078008364112,PBPF,cracker_scene1,30,old
601,11.089709281921388,0.0851440652355038,PBPF,cracker_scene1,30,old
602,11.130398035049438,0.0853127930671604,PBPF,cracker_scene1,30,old
603,11.150016784667969,0.0853040564922602,PBPF,cracker_scene1,30,old
604,11.162076950073242,0.0853040564922602,PBPF,cracker_scene1,30,old
605,11.221437931060793,0.0852991000068727,PBPF,cracker_scene1,30,old
606,11.234673023223875,0.0852991000068727,PBPF,cracker_scene1,30,old
607,11.330749750137327,0.0853117754144217,PBPF,cracker_scene1,30,old
608,11.3379967212677,0.0851979760503515,PBPF,cracker_scene1,30,old
609,11.345050573349,0.0852001856736483,PBPF,cracker_scene1,30,old
610,11.408124685287476,0.0882677762535149,PBPF,cracker_scene1,30,old
611,11.438620328903198,0.0883748771299496,PBPF,cracker_scene1,30,old
612,11.450610160827637,0.0883141354256344,PBPF,cracker_scene1,30,old
613,11.47463870048523,0.0882609606191175,PBPF,cracker_scene1,30,old
614,11.498727321624756,0.0882472428443219,PBPF,cracker_scene1,30,old
615,11.538491010665894,0.088074918361922,PBPF,cracker_scene1,30,old
616,11.56676697731018,0.0879863248887964,PBPF,cracker_scene1,30,old
617,11.59903597831726,0.0880724328153949,PBPF,cracker_scene1,30,old
618,11.666401147842407,0.088021708255336,PBPF,cracker_scene1,30,old
619,11.677959203720093,0.0880159084355157,PBPF,cracker_scene1,30,old
620,11.701380968093872,0.0879441343284733,PBPF,cracker_scene1,30,old
621,11.710723161697388,0.087815709399663,PBPF,cracker_scene1,30,old
622,11.723672866821287,0.0879975350272923,PBPF,cracker_scene1,30,old
623,11.735449075698853,0.0879498139260898,PBPF,cracker_scene1,30,old
624,11.778957843780518,0.0879856872599911,PBPF,cracker_scene1,30,old
625,11.803085565567017,0.0880199015144655,PBPF,cracker_scene1,30,old
626,11.819547176361084,0.0880199015144655,PBPF,cracker_scene1,30,old
627,11.84672474861145,0.0880106309392185,PBPF,cracker_scene1,30,old
628,11.88250470161438,0.0879246202306484,PBPF,cracker_scene1,30,old
629,11.930508375167848,0.0880859566581585,PBPF,cracker_scene1,30,old
630,11.946696996688845,0.0881685816849543,PBPF,cracker_scene1,30,old
631,12.018630743026732,0.0896771693883145,PBPF,cracker_scene1,30,old
632,12.062535285949709,0.0895298533016615,PBPF,cracker_scene1,30,old
633,12.077850103378296,0.0895119958463818,PBPF,cracker_scene1,30,old
634,12.09674859046936,0.0894932783029504,PBPF,cracker_scene1,30,old
635,12.10972547531128,0.0894872295844911,PBPF,cracker_scene1,30,old
636,12.126046180725098,0.0893781694469022,PBPF,cracker_scene1,30,old
637,12.13738203048706,0.0893781694469022,PBPF,cracker_scene1,30,old
638,12.164564847946169,0.0893781694469022,PBPF,cracker_scene1,30,old
639,12.201778173446655,0.0893894833159151,PBPF,cracker_scene1,30,old
640,12.2496657371521,0.0892994762571474,PBPF,cracker_scene1,30,old
641,12.27693796157837,0.0891765204433803,PBPF,cracker_scene1,30,old
642,12.356614351272585,0.0895192652532921,PBPF,cracker_scene1,30,old
643,12.374454498291016,0.0895671400925717,PBPF,cracker_scene1,30,old
644,12.38956093788147,0.0895719158550738,PBPF,cracker_scene1,30,old
645,12.401585817337036,0.0895719158550738,PBPF,cracker_scene1,30,old
646,12.415989875793455,0.0895719158550738,PBPF,cracker_scene1,30,old
647,12.443865299224854,0.0895303502747838,PBPF,cracker_scene1,30,old
648,12.485000610351562,0.0893959615830292,PBPF,cracker_scene1,30,old
649,12.551692247390749,0.0896702929249927,PBPF,cracker_scene1,30,old
650,12.581653118133543,0.0897398546964818,PBPF,cracker_scene1,30,old
651,12.662347555160522,0.089682509923919,PBPF,cracker_scene1,30,old
652,12.694539546966553,0.0915204178877176,PBPF,cracker_scene1,30,old
653,12.706743717193604,0.0915263774642023,PBPF,cracker_scene1,30,old
654,12.752912282943726,0.091458729875921,PBPF,cracker_scene1,30,old
655,12.798155069351196,0.0912820196037812,PBPF,cracker_scene1,30,old
656,12.824798107147217,0.0913019560322088,PBPF,cracker_scene1,30,old
657,12.85262417793274,0.0913608761013875,PBPF,cracker_scene1,30,old
658,12.871002197265623,0.0914147375305687,PBPF,cracker_scene1,30,old
659,12.883584260940552,0.0914335818474481,PBPF,cracker_scene1,30,old
660,12.897813558578491,0.0914335818474481,PBPF,cracker_scene1,30,old
661,12.951560258865356,0.0915156349443318,PBPF,cracker_scene1,30,old
662,12.967788934707642,0.0917352800718153,PBPF,cracker_scene1,30,old
663,12.987202882766724,0.0917352800718153,PBPF,cracker_scene1,30,old
664,13.022789001464844,0.0917800675760601,PBPF,cracker_scene1,30,old
665,13.047417879104614,0.0917255621763746,PBPF,cracker_scene1,30,old
666,13.093816757202148,0.0920312183143772,PBPF,cracker_scene1,30,old
667,13.127980709075928,0.0919989390464386,PBPF,cracker_scene1,30,old
668,13.199867725372314,0.0703868682341597,PBPF,cracker_scene1,30,old
669,13.223266124725342,0.070478815891446,PBPF,cracker_scene1,30,old
670,13.25512146949768,0.070485098032355,PBPF,cracker_scene1,30,old
671,13.270739555358888,0.070485098032355,PBPF,cracker_scene1,30,old
672,13.28537940979004,0.070485098032355,PBPF,cracker_scene1,30,old
673,13.314854145050049,0.0704997736231025,PBPF,cracker_scene1,30,old
674,13.343919277191162,0.0704336643317785,PBPF,cracker_scene1,30,old
675,13.365028381347656,0.0704575634270576,PBPF,cracker_scene1,30,old
676,13.372134685516356,0.0704575634270576,PBPF,cracker_scene1,30,old
677,13.410817623138428,0.0704982149192536,PBPF,cracker_scene1,30,old
678,13.46654748916626,0.0706497933396564,PBPF,cracker_scene1,30,old
679,13.485875368118286,0.0706623515066019,PBPF,cracker_scene1,30,old
680,13.512123107910156,0.0707643321366346,PBPF,cracker_scene1,30,old
681,13.553631782531738,0.0708164724264336,PBPF,cracker_scene1,30,old
682,13.579495906829834,0.0709973648590502,PBPF,cracker_scene1,30,old
683,13.6221444606781,0.0709555137952006,PBPF,cracker_scene1,30,old
684,13.64653778076172,0.0709555137952006,PBPF,cracker_scene1,30,old
685,13.686535596847534,0.071332513688177,PBPF,cracker_scene1,30,old
686,13.6941020488739,0.0713570240919328,PBPF,cracker_scene1,30,old
687,13.771676301956177,0.0716957295190982,PBPF,cracker_scene1,30,old
688,13.77970266342163,0.0718343809753004,PBPF,cracker_scene1,30,old
689,13.855314016342165,0.0719015720034616,PBPF,cracker_scene1,30,old
690,13.879736185073853,0.072170305322106,PBPF,cracker_scene1,30,old
691,13.906531810760498,0.0721615416749133,PBPF,cracker_scene1,30,old
692,13.934478044509888,0.0726373492981308,PBPF,cracker_scene1,30,old
693,13.97077202796936,0.0726373492981308,PBPF,cracker_scene1,30,old
694,14.005938291549684,0.0730638713714167,PBPF,cracker_scene1,30,old
695,14.043682336807253,0.073254085481461,PBPF,cracker_scene1,30,old
696,14.05113673210144,0.073254085481461,PBPF,cracker_scene1,30,old
697,14.114598035812378,0.0559989406276253,PBPF,cracker_scene1,30,old
698,14.130106687545776,0.0562544424353517,PBPF,cracker_scene1,30,old
699,14.16295051574707,0.0560261335329948,PBPF,cracker_scene1,30,old
700,14.194749355316162,0.0563196817278968,PBPF,cracker_scene1,30,old
701,14.203575372695925,0.0565171228342727,PBPF,cracker_scene1,30,old
702,14.222579956054688,0.0565171228342727,PBPF,cracker_scene1,30,old
703,14.228594779968262,0.0563294272892241,PBPF,cracker_scene1,30,old
704,14.247840642929075,0.0569400740266289,PBPF,cracker_scene1,30,old
705,14.303225755691528,0.0571782396472789,PBPF,cracker_scene1,30,old
706,14.33162522315979,0.0573026982066069,PBPF,cracker_scene1,30,old
707,14.340250253677368,0.0572885749035685,PBPF,cracker_scene1,30,old
708,14.378592252731323,0.0580308617975733,PBPF,cracker_scene1,30,old
709,14.40668773651123,0.0583554051316389,PBPF,cracker_scene1,30,old
710,14.431615114212036,0.0586626247379113,PBPF,cracker_scene1,30,old
711,14.442901611328123,0.0587120416375693,PBPF,cracker_scene1,30,old
712,14.466485500335692,0.0589386209850874,PBPF,cracker_scene1,30,old
713,14.526764392852783,0.0589503923081283,PBPF,cracker_scene1,30,old
714,14.538875102996826,0.0589503923081283,PBPF,cracker_scene1,30,old
715,14.556647062301636,0.0589503923081283,PBPF,cracker_scene1,30,old
716,14.590952396392822,0.059997421369493,PBPF,cracker_scene1,30,old
717,14.610604286193848,0.059997421369493,PBPF,cracker_scene1,30,old
718,14.638612985610962,0.059997421369493,PBPF,cracker_scene1,30,old
719,14.66330862045288,0.059997421369493,PBPF,cracker_scene1,30,old
720,14.67855978012085,0.059997421369493,PBPF,cracker_scene1,30,old
721,14.690540313720703,0.059997421369493,PBPF,cracker_scene1,30,old
722,14.709038257598875,0.059997421369493,PBPF,cracker_scene1,30,old
723,14.71860408782959,0.0605377141133802,PBPF,cracker_scene1,30,old
724,14.754978895187378,0.0602743086966242,PBPF,cracker_scene1,30,old
725,14.782711029052734,0.0618922554582645,PBPF,cracker_scene1,30,old
726,14.814779043197632,0.0619232972113419,PBPF,cracker_scene1,30,old
727,14.826642990112305,0.0621014394956805,PBPF,cracker_scene1,30,old
728,14.867035150527954,0.0620959606300031,PBPF,cracker_scene1,30,old
729,14.918601512908936,0.0620968829424843,PBPF,cracker_scene1,30,old
730,14.96191906929016,0.0620917287554906,PBPF,cracker_scene1,30,old
731,15.004737138748167,0.0621228367587696,PBPF,cracker_scene1,30,old
732,15.015042304992676,0.0619027743721133,PBPF,cracker_scene1,30,old
733,15.033600568771362,0.0621131648404358,PBPF,cracker_scene1,30,old
734,15.067439317703249,0.0620854316734713,PBPF,cracker_scene1,30,old
735,15.084002256393433,0.0621091884126299,PBPF,cracker_scene1,30,old
736,15.11594581604004,0.0621091884126299,PBPF,cracker_scene1,30,old
737,15.16020679473877,0.0621115862585344,PBPF,cracker_scene1,30,old
738,15.226613283157349,0.0621115862585344,PBPF,cracker_scene1,30,old
739,15.29460906982422,0.0623874507099626,PBPF,cracker_scene1,30,old
740,15.310479879379272,0.0624766323255632,PBPF,cracker_scene1,30,old
741,15.33462929725647,0.0624770115936552,PBPF,cracker_scene1,30,old
742,15.394311666488647,0.0627023437523587,PBPF,cracker_scene1,30,old
743,15.466448545455933,0.0629652698511555,PBPF,cracker_scene1,30,old
744,15.529741048812866,0.0687430576450478,PBPF,cracker_scene1,30,old
745,15.55630898475647,0.0686536432685512,PBPF,cracker_scene1,30,old
746,15.588813066482544,0.0687390627185551,PBPF,cracker_scene1,30,old
747,15.60175633430481,0.0687390627185551,PBPF,cracker_scene1,30,old
748,15.637425899505615,0.0686040605812642,PBPF,cracker_scene1,30,old
749,15.658718347549438,0.0688606814373412,PBPF,cracker_scene1,30,old
750,15.66712737083435,0.0687703428807946,PBPF,cracker_scene1,30,old
751,15.67626667022705,0.0688539683388129,PBPF,cracker_scene1,30,old
752,15.684814453125,0.0688565124044834,PBPF,cracker_scene1,30,old
753,15.693122625350952,0.0688596435082987,PBPF,cracker_scene1,30,old
754,15.706488609313965,0.0688654327067993,PBPF,cracker_scene1,30,old
755,15.716830015182495,0.0688863344495947,PBPF,cracker_scene1,30,old
756,15.730429410934448,0.0688433703969435,PBPF,cracker_scene1,30,old
757,15.739391088485718,0.0688170386070481,PBPF,cracker_scene1,30,old
758,15.74739956855774,0.0689706067504087,PBPF,cracker_scene1,30,old
759,15.756141901016235,0.0688573292381635,PBPF,cracker_scene1,30,old
760,15.76487922668457,0.0688778494568021,PBPF,cracker_scene1,30,old
761,15.775145292282104,0.0761236498495621,PBPF,cracker_scene1,30,old
762,15.785079956054688,0.0761863304657354,PBPF,cracker_scene1,30,old
763,15.795243501663208,0.0760830528969793,PBPF,cracker_scene1,30,old
764,15.804177045822144,0.0761057512905133,PBPF,cracker_scene1,30,old
765,15.812286376953123,0.0761138480186762,PBPF,cracker_scene1,30,old
766,15.820286512374878,0.0761112952764443,PBPF,cracker_scene1,30,old
767,15.828032732009888,0.0761546340856499,PBPF,cracker_scene1,30,old
768,15.835472583770752,0.0761361511286009,PBPF,cracker_scene1,30,old
769,15.844447612762451,0.0760790539644764,PBPF,cracker_scene1,30,old
770,15.852408170700071,0.0760736430422298,PBPF,cracker_scene1,30,old
771,15.86031436920166,0.0761254157518039,PBPF,cracker_scene1,30,old
772,15.868141174316406,0.0761531882762815,PBPF,cracker_scene1,30,old
773,15.875484943389893,0.0761130079565691,PBPF,cracker_scene1,30,old
774,15.883149147033691,0.0761468060164809,PBPF,cracker_scene1,30,old
775,15.896477699279783,0.080656597704036,PBPF,cracker_scene1,30,old
776,15.904463052749634,0.0805883777758105,PBPF,cracker_scene1,30,old
777,15.913616180419922,0.0805726164682743,PBPF,cracker_scene1,30,old
778,15.92399764060974,0.0806129644057606,PBPF,cracker_scene1,30,old
779,15.933828353881836,0.0805402015671894,PBPF,cracker_scene1,30,old
780,15.943620204925535,0.0805075316235278,PBPF,cracker_scene1,30,old
781,15.952621459960938,0.0805796044180926,PBPF,cracker_scene1,30,old
782,15.959025621414185,0.0805796044180926,PBPF,cracker_scene1,30,old
783,15.965482234954834,0.0805144331410776,PBPF,cracker_scene1,30,old
784,15.97186017036438,0.0805828958300753,PBPF,cracker_scene1,30,old
785,15.978594064712524,0.0805573641893749,PBPF,cracker_scene1,30,old
786,15.985189199447632,0.0805449150423217,PBPF,cracker_scene1,30,old
787,15.992590188980104,0.0805447340844973,PBPF,cracker_scene1,30,old
788,16.00192666053772,0.0805221288846066,PBPF,cracker_scene1,30,old
789,16.016217470169067,0.0825658031131997,PBPF,cracker_scene1,30,old
790,16.023865938186646,0.0826177654451653,PBPF,cracker_scene1,30,old
791,16.03054976463318,0.0825916454888289,PBPF,cracker_scene1,30,old
792,16.03785276412964,0.082570597172341,PBPF,cracker_scene1,30,old
793,16.0453200340271,0.0825172687223591,PBPF,cracker_scene1,30,old
794,16.053359746932983,0.0825326608233207,PBPF,cracker_scene1,30,old
795,16.06110954284668,0.082590112148371,PBPF,cracker_scene1,30,old
796,16.06807589530945,0.0825932240407242,PBPF,cracker_scene1,30,old
797,16.074721574783325,0.0825690824212102,PBPF,cracker_scene1,30,old
798,16.0822434425354,0.0825438741001074,PBPF,cracker_scene1,30,old
799,16.088329792022705,0.0825515568735998,PBPF,cracker_scene1,30,old
800,16.09348773956299,0.0825515568735998,PBPF,cracker_scene1,30,old
801,16.102631330490112,0.0825427692344564,PBPF,cracker_scene1,30,old
802,16.11167883872986,0.0825207102036842,PBPF,cracker_scene1,30,old
803,16.121092319488525,0.0824732401966234,PBPF,cracker_scene1,30,old
804,16.131465673446655,0.0841897018900947,PBPF,cracker_scene1,30,old
805,16.1403648853302,0.084170625573471,PBPF,cracker_scene1,30,old
806,16.150224685668945,0.0841540363827156,PBPF,cracker_scene1,30,old
807,16.159802198410034,0.0841177147364459,PBPF,cracker_scene1,30,old
808,16.169294595718384,0.0840927937520375,PBPF,cracker_scene1,30,old
809,16.179083108901978,0.0840404514959408,PBPF,cracker_scene1,30,old
810,16.188653707504272,0.0840379785594254,PBPF,cracker_scene1,30,old
811,16.197470664978027,0.0840866602233125,PBPF,cracker_scene1,30,old
812,16.20648765563965,0.0840714930136478,PBPF,cracker_scene1,30,old
813,16.21547842025757,0.0835806153677527,PBPF,cracker_scene1,30,old
814,16.224478244781494,0.0835677923198287,PBPF,cracker_scene1,30,old
815,16.234230041503906,0.0835724340337926,PBPF,cracker_scene1,30,old
816,16.24274206161499,0.0835693446825083,PBPF,cracker_scene1,30,old
817,16.251654624938965,0.0835670001323099,PBPF,cracker_scene1,30,old
818,16.259454488754272,0.0835494029849589,PBPF,cracker_scene1,30,old
819,16.266316413879395,0.0835458678527191,PBPF,cracker_scene1,30,old
820,16.272414445877075,0.0835458678527191,PBPF,cracker_scene1,30,old
821,16.27804207801819,0.0834728609044724,PBPF,cracker_scene1,30,old
822,16.283581018447876,0.0834586633433036,PBPF,cracker_scene1,30,old
823,16.289071321487427,0.0834586633433036,PBPF,cracker_scene1,30,old
824,16.29493260383606,0.0835065747372491,PBPF,cracker_scene1,30,old
825,16.299654483795166,0.0835065747372491,PBPF,cracker_scene1,30,old
826,16.30478024482727,0.0834678925795307,PBPF,cracker_scene1,30,old
827,16.309887886047363,0.0834990614570868,PBPF,cracker_scene1,30,old
828,16.31450319290161,0.0834990614570868,PBPF,cracker_scene1,30,old
829,16.319322109222412,0.0834990614570868,PBPF,cracker_scene1,30,old
830,16.324025630950928,0.0834361015146632,PBPF,cracker_scene1,30,old
831,16.328972816467285,0.0834361015146632,PBPF,cracker_scene1,30,old
832,16.334126234054565,0.0834622150969754,PBPF,cracker_scene1,30,old
833,16.339604377746582,0.0834510426872273,PBPF,cracker_scene1,30,old
834,16.345175981521606,0.0833363840925418,PBPF,cracker_scene1,30,old
835,16.35041356086731,0.0833363840925418,PBPF,cracker_scene1,30,old
836,16.356812000274658,0.0832892768140881,PBPF,cracker_scene1,30,old
837,16.363285779953003,0.0833481453741481,PBPF,cracker_scene1,30,old
838,16.369419813156128,0.0842064884984015,PBPF,cracker_scene1,30,old
839,16.37409019470215,0.0842064884984015,PBPF,cracker_scene1,30,old
840,16.378814458847046,0.0842064884984015,PBPF,cracker_scene1,30,old
841,16.384084939956665,0.0841682510600729,PBPF,cracker_scene1,30,old
842,16.38872766494751,0.0841430354300457,PBPF,cracker_scene1,30,old
843,16.393568754196167,0.0841470907103068,PBPF,cracker_scene1,30,old
844,16.398233652114868,0.0841515800780604,PBPF,cracker_scene1,30,old
845,16.402830362319946,0.0841170574580096,PBPF,cracker_scene1,30,old
846,16.407967805862427,0.0841227641647396,PBPF,cracker_scene1,30,old
847,16.413254022598267,0.0841155594769063,PBPF,cracker_scene1,30,old
848,16.418577909469604,0.084080923881249,PBPF,cracker_scene1,30,old
849,16.423505544662476,0.084080923881249,PBPF,cracker_scene1,30,old
850,16.42869806289673,0.0841229456339397,PBPF,cracker_scene1,30,old
851,16.433582544326782,0.0841229456339397,PBPF,cracker_scene1,30,old
852,16.438741207122803,0.0841176168176233,PBPF,cracker_scene1,30,old
853,16.44413137435913,0.0841181951428957,PBPF,cracker_scene1,30,old
854,16.448655366897583,0.0841181951428957,PBPF,cracker_scene1,30,old
855,16.45308804512024,0.0840708833462481,PBPF,cracker_scene1,30,old
856,16.457507610321045,0.0840507912627587,PBPF,cracker_scene1,30,old
857,16.462026834487915,0.0840883205961907,PBPF,cracker_scene1,30,old
858,16.468140602111816,0.0840794514405586,PBPF,cracker_scene1,30,old
859,16.474315881729126,0.0840168422908108,PBPF,cracker_scene1,30,old
860,16.48066258430481,0.083999079512979,PBPF,cracker_scene1,30,old
861,16.487014293670654,0.0840327490158489,PBPF,cracker_scene1,30,old
862,16.49221968650818,0.0840327490158489,PBPF,cracker_scene1,30,old
863,16.49752950668335,0.0839760338516097,PBPF,cracker_scene1,30,old
864,16.50205087661743,0.0839977554586954,PBPF,cracker_scene1,30,old
865,16.506551265716553,0.0856053498975624,PBPF,cracker_scene1,30,old
866,16.51069164276123,0.0856055927257522,PBPF,cracker_scene1,30,old
867,16.51515531539917,0.0856095539378047,PBPF,cracker_scene1,30,old
868,16.519184589385986,0.0855795341626793,PBPF,cracker_scene1,30,old
869,16.523596048355103,0.0855684514370662,PBPF,cracker_scene1,30,old
870,16.52773356437683,0.0855643881912326,PBPF,cracker_scene1,30,old
871,16.53207564353943,0.0855643881912326,PBPF,cracker_scene1,30,old
872,16.536198377609253,0.0855791930267299,PBPF,cracker_scene1,30,old
873,16.540517807006836,0.0855791930267299,PBPF,cracker_scene1,30,old
874,16.545003414154053,0.0855873357157559,PBPF,cracker_scene1,30,old
875,16.549235105514526,0.0855873357157559,PBPF,cracker_scene1,30,old
876,16.553683757781982,0.0855181388619043,PBPF,cracker_scene1,30,old
877,16.557883739471436,0.0855181388619043,PBPF,cracker_scene1,30,old
878,16.56240677833557,0.0855452796008208,PBPF,cracker_scene1,30,old
879,16.56672430038452,0.0855452796008208,PBPF,cracker_scene1,30,old
880,16.571117401123047,0.0855153054489594,PBPF,cracker_scene1,30,old
881,16.5756254196167,0.0855153054489594,PBPF,cracker_scene1,30,old
882,16.580570459365845,0.0855144417875651,PBPF,cracker_scene1,30,old
883,16.584693908691406,0.0855144417875651,PBPF,cracker_scene1,30,old
884,16.590242862701416,0.0854873220616235,PBPF,cracker_scene1,30,old
885,16.595224380493164,0.0855305750497463,PBPF,cracker_scene1,30,old
886,16.60148024559021,0.0855305750497463,PBPF,cracker_scene1,30,old
887,16.60783576965332,0.0854833001082985,PBPF,cracker_scene1,30,old
888,16.614108324050903,0.0854775794241888,PBPF,cracker_scene1,30,old
889,16.61994218826294,0.0855294998305341,PBPF,cracker_scene1,30,old
890,16.625843286514282,0.0855294998305341,PBPF,cracker_scene1,30,old
891,16.631608724594116,0.085519719093037,PBPF,cracker_scene1,30,old
892,16.637473821640015,0.0854807355765083,PBPF,cracker_scene1,30,old
893,16.644194841384888,0.0855011598504259,PBPF,cracker_scene1,30,old
894,16.65003728866577,0.0855011598504259,PBPF,cracker_scene1,30,old
895,16.656171321868896,0.0854402208923083,PBPF,cracker_scene1,30,old
896,16.66209602355957,0.0884112539828599,PBPF,cracker_scene1,30,old
897,16.66782283782959,0.0884112539828599,PBPF,cracker_scene1,30,old
898,16.673731803894043,0.0884006877852766,PBPF,cracker_scene1,30,old
899,16.679413557052612,0.0884522903933152,PBPF,cracker_scene1,30,old
900,16.683485507965088,0.0884522903933152,PBPF,cracker_scene1,30,old
901,16.68780493736267,0.0884143399550606,PBPF,cracker_scene1,30,old
902,16.69193387031555,0.0884143399550606,PBPF,cracker_scene1,30,old
903,16.696505308151245,0.0884072546985923,PBPF,cracker_scene1,30,old
904,16.700947761535645,0.0884072546985923,PBPF,cracker_scene1,30,old
905,16.70551323890686,0.0884144661850962,PBPF,cracker_scene1,30,old
906,16.709962129592896,0.0884144661850962,PBPF,cracker_scene1,30,old
907,16.71444582939148,0.0883776097620503,PBPF,cracker_scene1,30,old
908,16.718612909317017,0.0883776097620503,PBPF,cracker_scene1,30,old
909,16.72328281402588,0.0883513070277025,PBPF,cracker_scene1,30,old
910,16.727953672409058,0.0883334480369097,PBPF,cracker_scene1,30,old
911,16.732449054718018,0.088337481326245,PBPF,cracker_scene1,30,old
912,16.73689317703247,0.088337481326245,PBPF,cracker_scene1,30,old
913,16.741180419921875,0.0883089786632067,PBPF,cracker_scene1,30,old
914,16.74574112892151,0.088231999948559,PBPF,cracker_scene1,30,old
915,16.751104831695557,0.088231999948559,PBPF,cracker_scene1,30,old
916,16.75648260116577,0.0882660878350619,PBPF,cracker_scene1,30,old
917,16.762097120285034,0.0882436071318243,PBPF,cracker_scene1,30,old
918,16.76904559135437,0.0882069445087945,PBPF,cracker_scene1,30,old
919,16.77552890777588,0.0882069445087945,PBPF,cracker_scene1,30,old
920,16.78215789794922,0.0882499630557085,PBPF,cracker_scene1,30,old
921,16.788370847702026,0.0882089347531776,PBPF,cracker_scene1,30,old
922,16.794321060180664,0.0882089347531776,PBPF,cracker_scene1,30,old
923,16.800737142562866,0.0882358499542785,PBPF,cracker_scene1,30,old
924,16.80700397491455,0.0881885607839674,PBPF,cracker_scene1,30,old
925,16.8134446144104,0.0882429706747744,PBPF,cracker_scene1,30,old
926,16.819748401641846,0.0882133622818264,PBPF,cracker_scene1,30,old
927,16.826032400131226,0.0882237659684308,PBPF,cracker_scene1,30,old
928,16.845145225524902,0.0881573436927031,PBPF,cracker_scene1,30,old
929,16.85112452507019,0.0881573436927031,PBPF,cracker_scene1,30,old
930,16.857401132583618,0.0905316555394644,PBPF,cracker_scene1,30,old
931,16.863412380218506,0.0905053046868747,PBPF,cracker_scene1,30,old
932,16.869275093078613,0.0905297662640033,PBPF,cracker_scene1,30,old
933,16.87588119506836,0.0905297662640033,PBPF,cracker_scene1,30,old
934,16.882513761520386,0.0904444776664211,PBPF,cracker_scene1,30,old
935,16.88857936859131,0.0904694519989985,PBPF,cracker_scene1,30,old
936,16.894684314727783,0.090452718356825,PBPF,cracker_scene1,30,old
937,16.901106357574463,0.090452718356825,PBPF,cracker_scene1,30,old
938,16.90737795829773,0.0904850820091866,PBPF,cracker_scene1,30,old
939,16.91362428665161,0.0904222836701049,PBPF,cracker_scene1,30,old
940,16.920222997665405,0.0904248784667554,PBPF,cracker_scene1,30,old
941,16.926252126693726,0.0904248784667554,PBPF,cracker_scene1,30,old
942,16.932605981826782,0.0904362211846893,PBPF,cracker_scene1,30,old
943,16.938735723495483,0.0903904499935715,PBPF,cracker_scene1,30,old
944,16.94510316848755,0.0903491956988462,PBPF,cracker_scene1,30,old
945,16.951310396194458,0.0903491956988462,PBPF,cracker_scene1,30,old
946,16.95770502090454,0.0903516387139435,PBPF,cracker_scene1,30,old
947,16.963944673538208,0.0903888214252268,PBPF,cracker_scene1,30,old
948,16.97040629386902,0.0902565524139301,PBPF,cracker_scene1,30,old
949,16.976627588272095,0.0902565524139301,PBPF,cracker_scene1,30,old
950,16.982773303985596,0.0903817984696134,PBPF,cracker_scene1,30,old
951,16.98881435394287,0.0903817984696134,PBPF,cracker_scene1,30,old
952,16.995184898376465,0.0903725729268624,PBPF,cracker_scene1,30,old
953,17.001609086990356,0.0903153626218099,PBPF,cracker_scene1,30,old
954,17.007936000823975,0.0903409708020349,PBPF,cracker_scene1,30,old
955,17.013674020767212,0.0903409708020349,PBPF,cracker_scene1,30,old
956,17.01949954032898,0.0903409708020349,PBPF,cracker_scene1,30,old
957,17.026846408843994,0.0903264872925048,PBPF,cracker_scene1,30,old
958,17.03366732597351,0.0902539269162571,PBPF,cracker_scene1,30,old
959,17.04323410987854,0.0903028770183645,PBPF,cracker_scene1,30,old
960,17.053887605667114,0.0922847779454233,PBPF,cracker_scene1,30,old
961,17.06042456626892,0.0922636773236777,PBPF,cracker_scene1,30,old
962,17.066972255706787,0.0921987858930791,PBPF,cracker_scene1,30,old
963,17.07343316078186,0.0921251651707325,PBPF,cracker_scene1,30,old
964,17.080233812332153,0.0921251651707325,PBPF,cracker_scene1,30,old
965,17.086836576461792,0.092182482146568,PBPF,cracker_scene1,30,old
966,17.093492031097412,0.092171514781,PBPF,cracker_scene1,30,old
967,17.099812984466553,0.092171514781,PBPF,cracker_scene1,30,old
968,17.10625410079956,0.0920593249396913,PBPF,cracker_scene1,30,old
969,17.127615690231323,0.0921864910288302,PBPF,cracker_scene1,30,old
970,17.136534452438354,0.0920654380303278,PBPF,cracker_scene1,30,old
971,17.145380973815918,0.0920396256575642,PBPF,cracker_scene1,30,old
972,17.154598712921143,0.092078639091008,PBPF,cracker_scene1,30,old
973,17.161930799484253,0.092078639091008,PBPF,cracker_scene1,30,old
974,17.17082953453064,0.0920219789900086,PBPF,cracker_scene1,30,old
975,17.18137264251709,0.0920280604012778,PBPF,cracker_scene1,30,old
976,17.194140195846558,0.0920327870526525,PBPF,cracker_scene1,30,old
977,17.209745168685913,0.0920259284518123,PBPF,cracker_scene1,30,old
978,17.226670026779175,0.0929661227346462,PBPF,cracker_scene1,30,old
979,17.236124515533447,0.0929514470340702,PBPF,cracker_scene1,30,old
980,17.246763229370117,0.0929447621169928,PBPF,cracker_scene1,30,old
981,17.25868034362793,0.0929986492678344,PBPF,cracker_scene1,30,old
982,17.32301950454712,0.0928476764095215,PBPF,cracker_scene1,30,old
983,17.36262536048889,0.0928075139769238,PBPF,cracker_scene1,30,old
984,17.490638732910156,0.0925874171889096,PBPF,cracker_scene1,30,old
985,17.5025532245636,0.0925625086136564,PBPF,cracker_scene1,30,old
986,17.521197080612183,0.0925630104211145,PBPF,cracker_scene1,30,old
987,17.53447437286377,0.0925854456682666,PBPF,cracker_scene1,30,old
988,17.554588556289673,0.0925510881292558,PBPF,cracker_scene1,30,old
989,17.57215166091919,0.0925587299642946,PBPF,cracker_scene1,30,old
990,17.587779998779297,0.0925591761064393,PBPF,cracker_scene1,30,old
991,17.626638412475586,0.0945503224844954,PBPF,cracker_scene1,30,old
992,17.642553329467773,0.0945827575110767,PBPF,cracker_scene1,30,old
993,17.658519506454468,0.0945846078429283,PBPF,cracker_scene1,30,old
994,17.674525260925293,0.0945846078429283,PBPF,cracker_scene1,30,old
995,17.697876453399658,0.0940232530876852,PBPF,cracker_scene1,30,old
996,17.742124557495117,0.0939338295503916,PBPF,cracker_scene1,30,old
997,17.76986837387085,0.0938861136008395,PBPF,cracker_scene1,30,old
998,17.846590280532837,0.0937435494397364,PBPF,cracker_scene1,30,old
999,17.88149380683899,0.0936321599109884,PBPF,cracker_scene1,30,old
1000,17.935050010681152,0.093494924219933,PBPF,cracker_scene1,30,old
1001,17.95939016342163,0.0934838774455868,PBPF,cracker_scene1,30,old
1002,17.989439725875854,0.093443995165063,PBPF,cracker_scene1,30,old
1003,18.018519401550293,0.0933423930180958,PBPF,cracker_scene1,30,old
1004,18.0533926486969,0.0933035701666869,PBPF,cracker_scene1,30,old
1005,18.06346106529236,0.0933035701666869,PBPF,cracker_scene1,30,old
1006,18.09049654006958,0.0933035701666869,PBPF,cracker_scene1,30,old
1007,18.116311073303223,0.0931710262002869,PBPF,cracker_scene1,30,old
1008,18.13258957862854,0.0931710262002869,PBPF,cracker_scene1,30,old
1009,18.14854645729065,0.0930137896665413,PBPF,cracker_scene1,30,old
1010,18.195112705230716,0.0929673553072366,PBPF,cracker_scene1,30,old
1011,18.21058964729309,0.0929673553072366,PBPF,cracker_scene1,30,old
1012,18.244426488876343,0.0986724871825844,PBPF,cracker_scene1,30,old
1013,18.267218351364136,0.0986724871825844,PBPF,cracker_scene1,30,old
1014,18.2954375743866,0.0984387057844075,PBPF,cracker_scene1,30,old
1015,18.32018756866455,0.0984387057844075,PBPF,cracker_scene1,30,old
1016,18.36252188682556,0.098405986870779,PBPF,cracker_scene1,30,old
1017,18.45042133331299,0.0980692894909966,PBPF,cracker_scene1,30,old
1018,18.50369167327881,0.0980478032128509,PBPF,cracker_scene1,30,old
1019,18.53610610961914,0.0980731294855428,PBPF,cracker_scene1,30,old
1020,18.568121433258057,0.0980686272822643,PBPF,cracker_scene1,30,old
1021,18.580840587615967,0.0980838639758052,PBPF,cracker_scene1,30,old
1022,18.62631607055664,0.0981104130518825,PBPF,cracker_scene1,30,old
1023,18.68668794631958,0.0980411464666492,PBPF,cracker_scene1,30,old
1024,18.736045360565186,0.0980476431894172,PBPF,cracker_scene1,30,old
1025,18.767772436141968,0.0980417581615,PBPF,cracker_scene1,30,old
1026,18.81908631324768,0.0980417581615,PBPF,cracker_scene1,30,old
1027,18.844958543777462,0.0980206190924029,PBPF,cracker_scene1,30,old
1028,18.86593008041382,0.0980124181348001,PBPF,cracker_scene1,30,old
1029,18.874419450759888,0.0980124181348001,PBPF,cracker_scene1,30,old
1030,18.892881870269772,0.0980183888495368,PBPF,cracker_scene1,30,old
1031,18.91462540626526,0.0980349928870036,PBPF,cracker_scene1,30,old
1032,18.97062373161316,0.0980639420750351,PBPF,cracker_scene1,30,old
1033,19.01088237762451,0.1073245578553565,PBPF,cracker_scene1,30,old
1034,19.03103089332581,0.1073186836670767,PBPF,cracker_scene1,30,old
1035,19.0599627494812,0.1073195019358099,PBPF,cracker_scene1,30,old
1036,19.079931259155277,0.1073516414317428,PBPF,cracker_scene1,30,old
1037,19.10676121711731,0.1073006931169735,PBPF,cracker_scene1,30,old
1038,19.137423276901245,0.1073194778680519,PBPF,cracker_scene1,30,old
1039,19.169106483459476,0.1073673235204025,PBPF,cracker_scene1,30,old
1040,19.19858336448669,0.1073673235204025,PBPF,cracker_scene1,30,old
1041,19.214746236801147,0.1072879739473247,PBPF,cracker_scene1,30,old
1042,19.242721796035767,0.1072959192347543,PBPF,cracker_scene1,30,old
1043,19.280222177505493,0.1073086823598093,PBPF,cracker_scene1,30,old
1044,19.319000482559204,0.1073053408889691,PBPF,cracker_scene1,30,old
1045,19.326138973236084,0.1073018971308245,PBPF,cracker_scene1,30,old
1046,19.34170269966125,0.107298957456796,PBPF,cracker_scene1,30,old
1047,19.35844135284424,0.1073051913237427,PBPF,cracker_scene1,30,old
1048,19.40647840499878,0.107298281046129,PBPF,cracker_scene1,30,old
1049,19.454411029815677,0.1073370183747881,PBPF,cracker_scene1,30,old
1050,19.4903781414032,0.1073089444093497,PBPF,cracker_scene1,30,old
1051,19.555668592453003,0.1072978254477759,PBPF,cracker_scene1,30,old
1052,19.60707139968872,0.107390941602051,PBPF,cracker_scene1,30,old
1053,19.62041211128235,0.1074005920162873,PBPF,cracker_scene1,30,old
1054,19.63490295410156,0.1074005920162873,PBPF,cracker_scene1,30,old
1055,19.64782786369324,0.1072981029532338,PBPF,cracker_scene1,30,old
1056,19.74632716178894,0.107299640596488,PBPF,cracker_scene1,30,old
1057,19.794585704803467,0.1146205088153223,PBPF,cracker_scene1,30,old
1058,19.808736085891724,0.1146205088153223,PBPF,cracker_scene1,30,old
1059,19.830628871917725,0.1146083932868623,PBPF,cracker_scene1,30,old
1060,19.838041305541992,0.1146083932868623,PBPF,cracker_scene1,30,old
1061,19.87590169906616,0.1146083932868623,PBPF,cracker_scene1,30,old
1062,19.891423225402832,0.1145927951682456,PBPF,cracker_scene1,30,old
1063,19.90792417526245,0.1146035175524913,PBPF,cracker_scene1,30,old
1064,19.920170307159424,0.1146035175524913,PBPF,cracker_scene1,30,old
1065,19.932147979736328,0.1146035175524913,PBPF,cracker_scene1,30,old
1066,19.94527220726013,0.1146035175524913,PBPF,cracker_scene1,30,old
1067,20.025179862976078,0.1145969828091917,PBPF,cracker_scene1,30,old
1068,20.05285096168518,0.1146450428324308,PBPF,cracker_scene1,30,old
1069,20.09145998954773,0.1146003500163467,PBPF,cracker_scene1,30,old
1070,20.132601976394653,0.1146068960046834,PBPF,cracker_scene1,30,old
1071,20.16352152824402,0.1145983366348557,PBPF,cracker_scene1,30,old
1072,20.1762912273407,0.1145983366348557,PBPF,cracker_scene1,30,old
1073,20.201136589050293,0.1145983366348557,PBPF,cracker_scene1,30,old
1074,20.21660423278809,0.1146025264436604,PBPF,cracker_scene1,30,old
1075,20.23244881629944,0.1146025264436604,PBPF,cracker_scene1,30,old
1076,20.26297426223755,0.1146302529199551,PBPF,cracker_scene1,30,old
1077,20.275385856628414,0.1146013010197742,PBPF,cracker_scene1,30,old
1078,20.3175528049469,0.1146422000006437,PBPF,cracker_scene1,30,old
1079,20.36490511894226,0.114626932879581,PBPF,cracker_scene1,30,old
1080,20.375794410705566,0.114626932879581,PBPF,cracker_scene1,30,old
1081,20.383368730545044,0.114639270199776,PBPF,cracker_scene1,30,old
1082,20.3979287147522,0.1146048004340591,PBPF,cracker_scene1,30,old
1083,20.431766986846924,0.1146048746223379,PBPF,cracker_scene1,30,old
1084,20.458148956298828,0.1146529869485787,PBPF,cracker_scene1,30,old
1085,20.480448722839355,0.1146575850449042,PBPF,cracker_scene1,30,old
1086,20.49534797668457,0.1146179130714967,PBPF,cracker_scene1,30,old
1087,20.50240159034729,0.1146179130714967,PBPF,cracker_scene1,30,old
1088,20.51446509361267,0.114623135338363,PBPF,cracker_scene1,30,old
1089,20.530613660812374,0.1146009197364752,PBPF,cracker_scene1,30,old
1090,20.53797698020935,0.1146009197364752,PBPF,cracker_scene1,30,old
1091,20.549504041671756,0.114661175804305,PBPF,cracker_scene1,30,old
1092,20.56256079673767,0.114661175804305,PBPF,cracker_scene1,30,old
1093,20.570428133010864,0.114661175804305,PBPF,cracker_scene1,30,old
1094,20.582762002944943,0.114667281224005,PBPF,cracker_scene1,30,old
1095,20.59297060966492,0.1146092723823669,PBPF,cracker_scene1,30,old
1096,20.632970809936523,0.1146129382412126,PBPF,cracker_scene1,30,old
1097,20.639354467391968,0.1146029524989877,PBPF,cracker_scene1,30,old
1098,20.680912971496586,0.1146336458099515,PBPF,cracker_scene1,30,old
1099,20.70545601844788,0.1146336458099515,PBPF,cracker_scene1,30,old
1100,20.72726058959961,0.1146092613762915,PBPF,cracker_scene1,30,old
1101,20.78509879112244,0.1145928155271574,PBPF,cracker_scene1,30,old
1102,20.84180593490601,0.1147068182973792,PBPF,cracker_scene1,30,old
1103,20.86634874343872,0.1146151563181107,PBPF,cracker_scene1,30,old
1104,20.902567625045776,0.1146111095076545,PBPF,cracker_scene1,30,old
1105,20.91506719589233,0.1146417411806293,PBPF,cracker_scene1,30,old
1106,20.96464872360229,0.1146351397578829,PBPF,cracker_scene1,30,old
1107,20.98177289962769,0.1145976761647471,PBPF,cracker_scene1,30,old
1108,21.00452446937561,0.1146505094917017,PBPF,cracker_scene1,30,old
1109,21.014710426330566,0.1146377993746899,PBPF,cracker_scene1,30,old
1110,21.029565572738647,0.1145876917301366,PBPF,cracker_scene1,30,old
1111,21.041964769363403,0.1145876917301366,PBPF,cracker_scene1,30,old
1112,21.08253598213196,0.114603329754589,PBPF,cracker_scene1,30,old
1113,21.09512162208557,0.1146118495505389,PBPF,cracker_scene1,30,old
1114,21.115917682647705,0.1146118495505389,PBPF,cracker_scene1,30,old
1115,21.12415051460266,0.1146262190003282,PBPF,cracker_scene1,30,old
1116,21.136130332946777,0.1146342231443694,PBPF,cracker_scene1,30,old
1117,21.160104036331177,0.1146353301750583,PBPF,cracker_scene1,30,old
1118,21.206664085388184,0.1146353301750583,PBPF,cracker_scene1,30,old
1119,21.234854698181152,0.1145989816936892,PBPF,cracker_scene1,30,old
1120,21.254709005355835,0.1145987847520834,PBPF,cracker_scene1,30,old
1121,21.266438961029053,0.1145965656773281,PBPF,cracker_scene1,30,old
1122,21.28274369239807,0.1146394936791911,PBPF,cracker_scene1,30,old
1123,21.291846990585327,0.1146394936791911,PBPF,cracker_scene1,30,old
1124,21.32242584228516,0.1146316451654663,PBPF,cracker_scene1,30,old
1125,21.34804081916809,0.1146397849140224,PBPF,cracker_scene1,30,old
1126,21.363020181655884,0.1146397849140224,PBPF,cracker_scene1,30,old
1127,21.369812965393063,0.1146397849140224,PBPF,cracker_scene1,30,old
1128,21.38636445999145,0.1146856165568523,PBPF,cracker_scene1,30,old
1129,21.42299199104309,0.1146298713719398,PBPF,cracker_scene1,30,old
1130,21.432897329330444,0.1146298713719398,PBPF,cracker_scene1,30,old
1131,21.44702410697937,0.1146298713719398,PBPF,cracker_scene1,30,old
1132,21.46255159378052,0.1146298713719398,PBPF,cracker_scene1,30,old
1133,21.472904682159424,0.1146298713719398,PBPF,cracker_scene1,30,old
1134,21.507216215133667,0.1146339493604632,PBPF,cracker_scene1,30,old
1135,21.56327795982361,0.1146067350170865,PBPF,cracker_scene1,30,old
1136,21.57379484176636,0.1145918449879987,PBPF,cracker_scene1,30,old
1137,21.588462591171265,0.1145900826643243,PBPF,cracker_scene1,30,old
1138,21.59488129615784,0.1145900826643243,PBPF,cracker_scene1,30,old
1139,21.60121965408325,0.1145646512862353,PBPF,cracker_scene1,30,old
1140,21.626590967178345,0.1145712719078942,PBPF,cracker_scene1,30,old
1141,21.63691091537476,0.1145683380473989,PBPF,cracker_scene1,30,old
1142,21.6490638256073,0.1145959523859795,PBPF,cracker_scene1,30,old
1143,21.6607563495636,0.1145959523859795,PBPF,cracker_scene1,30,old
1144,21.69980478286743,0.1146076867605115,PBPF,cracker_scene1,30,old
1145,21.734747886657715,0.114643838206521,PBPF,cracker_scene1,30,old
1146,21.77180004119873,0.11459340209764,PBPF,cracker_scene1,30,old
1147,21.81779766082764,0.1146209411582607,PBPF,cracker_scene1,30,old
1148,21.82537293434143,0.1146203868272751,PBPF,cracker_scene1,30,old
1149,21.836572647094727,0.1146203868272751,PBPF,cracker_scene1,30,old
1150,21.849034309387207,0.1146107647845087,PBPF,cracker_scene1,30,old
1151,21.865049839019772,0.1146950521678262,PBPF,cracker_scene1,30,old
1152,21.89464473724365,0.114692943605548,PBPF,cracker_scene1,30,old
1153,21.919668912887573,0.1146708546163423,PBPF,cracker_scene1,30,old
1154,21.961629152297974,0.1146454629852139,PBPF,cracker_scene1,30,old
1155,21.9872043132782,0.114663905582297,PBPF,cracker_scene1,30,old
1156,22.06815528869629,0.1146184711099761,PBPF,cracker_scene1,30,old
1157,22.100291967391968,0.1146395335432795,PBPF,cracker_scene1,30,old
1158,22.11521005630493,0.114637157016674,PBPF,cracker_scene1,30,old
1159,22.12323498725891,0.114637157016674,PBPF,cracker_scene1,30,old
1160,22.166560411453247,0.1146308570330055,PBPF,cracker_scene1,30,old
1161,22.183220624923703,0.1145943408424768,PBPF,cracker_scene1,30,old
1162,22.19071626663208,0.1146308093665417,PBPF,cracker_scene1,30,old
1163,22.19803047180176,0.1145927700253166,PBPF,cracker_scene1,30,old
1164,22.218573570251465,0.1146121344237149,PBPF,cracker_scene1,30,old
1165,22.25570011138916,0.1146419569280697,PBPF,cracker_scene1,30,old
1166,22.26312494277954,0.1146419569280697,PBPF,cracker_scene1,30,old
1167,22.28666400909424,0.1146184797910741,PBPF,cracker_scene1,30,old
1168,22.29855513572693,0.1146172303443158,PBPF,cracker_scene1,30,old
1169,22.3056001663208,0.1146172303443158,PBPF,cracker_scene1,30,old
1170,22.31230616569519,0.1146172303443158,PBPF,cracker_scene1,30,old
1171,22.318981885910038,0.1146172303443158,PBPF,cracker_scene1,30,old
1172,22.33059048652649,0.1146172303443158,PBPF,cracker_scene1,30,old
1173,22.337687730789185,0.1146172303443158,PBPF,cracker_scene1,30,old
1174,22.34443044662476,0.1146172303443158,PBPF,cracker_scene1,30,old
1175,22.356057167053223,0.1146172303443158,PBPF,cracker_scene1,30,old
1176,22.362815856933597,0.1146172303443158,PBPF,cracker_scene1,30,old
1177,22.36960506439209,0.1146172303443158,PBPF,cracker_scene1,30,old
1178,22.380887269973755,0.1146172303443158,PBPF,cracker_scene1,30,old
1179,22.38750672340393,0.1146172303443158,PBPF,cracker_scene1,30,old
1180,22.39419150352478,0.1146172303443158,PBPF,cracker_scene1,30,old
1181,22.40088534355164,0.1146172303443158,PBPF,cracker_scene1,30,old
1182,22.407591342926025,0.1146172303443158,PBPF,cracker_scene1,30,old
1183,22.41406273841858,0.1146172303443158,PBPF,cracker_scene1,30,old
1184,22.43219804763794,0.1146172303443158,PBPF,cracker_scene1,30,old
1185,22.44917869567871,0.1146172303443158,PBPF,cracker_scene1,30,old
1186,22.45600199699402,0.1146172303443158,PBPF,cracker_scene1,30,old
1187,22.462674379348755,0.1146172303443158,PBPF,cracker_scene1,30,old
1188,22.46998405456543,0.1146172303443158,PBPF,cracker_scene1,30,old
1189,22.476881742477417,0.1146172303443158,PBPF,cracker_scene1,30,old
1190,22.49300265312195,0.1146172303443158,PBPF,cracker_scene1,30,old
1191,22.504995346069336,0.1146172303443158,PBPF,cracker_scene1,30,old
1192,22.52270460128784,0.1146172303443158,PBPF,cracker_scene1,30,old
1193,22.556750059127808,0.1146172303443158,PBPF,cracker_scene1,30,old
1194,22.566941738128666,0.1146172303443158,PBPF,cracker_scene1,30,old
1195,22.574512243270878,0.1146172303443158,PBPF,cracker_scene1,30,old
1196,22.58204698562622,0.1146172303443158,PBPF,cracker_scene1,30,old
1197,22.58929467201233,0.1146172303443158,PBPF,cracker_scene1,30,old
1198,22.597459316253666,0.1146172303443158,PBPF,cracker_scene1,30,old
1199,22.60537815093994,0.1146172303443158,PBPF,cracker_scene1,30,old
1200,22.61311197280884,0.1146172303443158,PBPF,cracker_scene1,30,old
1201,22.62037706375122,0.1146172303443158,PBPF,cracker_scene1,30,old
1202,22.628204345703125,0.1146172303443158,PBPF,cracker_scene1,30,old
1203,22.635493516922,0.1146172303443158,PBPF,cracker_scene1,30,old
1204,22.642316818237305,0.1146172303443158,PBPF,cracker_scene1,30,old
1205,22.649375200271606,0.1146172303443158,PBPF,cracker_scene1,30,old
1206,22.65696811676025,0.1146172303443158,PBPF,cracker_scene1,30,old
1207,22.66399908065796,0.1146172303443158,PBPF,cracker_scene1,30,old
1208,22.67057538032532,0.1146172303443158,PBPF,cracker_scene1,30,old
1209,22.677490949630737,0.1146172303443158,PBPF,cracker_scene1,30,old
1210,22.68544006347656,0.1146172303443158,PBPF,cracker_scene1,30,old
1211,22.692817211151123,0.1146172303443158,PBPF,cracker_scene1,30,old
1212,22.70063734054565,0.1146172303443158,PBPF,cracker_scene1,30,old
1213,22.70855164527893,0.1146172303443158,PBPF,cracker_scene1,30,old
1214,22.71682548522949,0.1146172303443158,PBPF,cracker_scene1,30,old
1215,22.724221229553223,0.1146172303443158,PBPF,cracker_scene1,30,old
1216,22.73148822784424,0.1146172303443158,PBPF,cracker_scene1,30,old
1217,22.73940634727478,0.1146172303443158,PBPF,cracker_scene1,30,old
1218,22.746674060821533,0.1146172303443158,PBPF,cracker_scene1,30,old
1219,22.753762006759644,0.1146172303443158,PBPF,cracker_scene1,30,old
1220,22.76112008094788,0.1146172303443158,PBPF,cracker_scene1,30,old
1221,22.76858925819397,0.1146172303443158,PBPF,cracker_scene1,30,old
1222,22.776312112808228,0.1146172303443158,PBPF,cracker_scene1,30,old
1223,22.783517599105835,0.1146172303443158,PBPF,cracker_scene1,30,old
1224,22.79052209854126,0.1146172303443158,PBPF,cracker_scene1,30,old
1225,22.79762363433838,0.1146172303443158,PBPF,cracker_scene1,30,old
1226,22.805278062820435,0.1146172303443158,PBPF,cracker_scene1,30,old
1227,22.812757968902588,0.1146172303443158,PBPF,cracker_scene1,30,old
1228,22.82127857208252,0.1146172303443158,PBPF,cracker_scene1,30,old
1229,22.828531980514526,0.1146172303443158,PBPF,cracker_scene1,30,old
1230,22.8355712890625,0.1146172303443158,PBPF,cracker_scene1,30,old
1231,22.843769073486328,0.1146172303443158,PBPF,cracker_scene1,30,old
1232,22.85105991363525,0.1146172303443158,PBPF,cracker_scene1,30,old
1233,22.858649730682373,0.1146172303443158,PBPF,cracker_scene1,30,old
1234,22.865768909454346,0.1146172303443158,PBPF,cracker_scene1,30,old
1235,22.87285542488098,0.1146172303443158,PBPF,cracker_scene1,30,old
1236,22.88581657409668,0.1146172303443158,PBPF,cracker_scene1,30,old
1237,22.897300481796265,0.1146172303443158,PBPF,cracker_scene1,30,old
1238,22.903924465179443,0.1146172303443158,PBPF,cracker_scene1,30,old
1239,22.910710096359253,0.1146172303443158,PBPF,cracker_scene1,30,old
1240,22.91846609115601,0.1146172303443158,PBPF,cracker_scene1,30,old
1241,22.925551652908325,0.1146172303443158,PBPF,cracker_scene1,30,old
1242,22.937015771865845,0.1146172303443158,PBPF,cracker_scene1,30,old
1243,22.94367241859436,0.1146172303443158,PBPF,cracker_scene1,30,old
1244,22.950482606887817,0.1146172303443158,PBPF,cracker_scene1,30,old
1245,22.96229863166809,0.1146172303443158,PBPF,cracker_scene1,30,old
1246,22.96969985961914,0.1146172303443158,PBPF,cracker_scene1,30,old
1247,22.9766743183136,0.1146172303443158,PBPF,cracker_scene1,30,old
1248,22.998729467391968,0.1146172303443158,PBPF,cracker_scene1,30,old
1249,23.006420135498047,0.1146172303443158,PBPF,cracker_scene1,30,old
1250,23.01390051841736,0.1146172303443158,PBPF,cracker_scene1,30,old
1251,23.020734786987305,0.1146172303443158,PBPF,cracker_scene1,30,old
1252,23.02778172492981,0.1146172303443158,PBPF,cracker_scene1,30,old
1253,23.03975248336792,0.1146172303443158,PBPF,cracker_scene1,30,old
1254,23.04658317565918,0.1146172303443158,PBPF,cracker_scene1,30,old
1255,23.05333924293518,0.1146172303443158,PBPF,cracker_scene1,30,old
1256,23.06491780281067,0.1146172303443158,PBPF,cracker_scene1,30,old
1257,23.072104692459103,0.1146172303443158,PBPF,cracker_scene1,30,old
1258,23.07869005203247,0.1146172303443158,PBPF,cracker_scene1,30,old
1259,23.08524703979492,0.1146172303443158,PBPF,cracker_scene1,30,old
1260,23.10193014144897,0.1146172303443158,PBPF,cracker_scene1,30,old
1261,23.109001874923703,0.1146172303443158,PBPF,cracker_scene1,30,old
1262,23.115614414215088,0.1146172303443158,PBPF,cracker_scene1,30,old
1263,23.12203884124756,0.1146172303443158,PBPF,cracker_scene1,30,old
1264,23.128968715667725,0.1146172303443158,PBPF,cracker_scene1,30,old
1265,23.13657307624817,0.1146172303443158,PBPF,cracker_scene1,30,old
1266,23.148792266845703,0.1146172303443158,PBPF,cracker_scene1,30,old
1267,23.15561461448669,0.1146172303443158,PBPF,cracker_scene1,30,old
1268,23.17133855819702,0.1146172303443158,PBPF,cracker_scene1,30,old
1269,23.178494453430176,0.1146172303443158,PBPF,cracker_scene1,30,old
1270,23.18551659584045,0.1146172303443158,PBPF,cracker_scene1,30,old
1271,23.192588329315186,0.1146172303443158,PBPF,cracker_scene1,30,old
1272,23.199439764022827,0.1146172303443158,PBPF,cracker_scene1,30,old
1273,23.206397533416748,0.1146172303443158,PBPF,cracker_scene1,30,old
1274,23.213969707489014,0.1146172303443158,PBPF,cracker_scene1,30,old
1275,23.226349353790283,0.1146172303443158,PBPF,cracker_scene1,30,old
1276,23.23408269882202,0.1146172303443158,PBPF,cracker_scene1,30,old
1277,23.24947190284729,0.1146172303443158,PBPF,cracker_scene1,30,old
1278,23.25646138191223,0.1146172303443158,PBPF,cracker_scene1,30,old
1279,23.26338815689087,0.1146172303443158,PBPF,cracker_scene1,30,old
1280,23.270440578460693,0.1146172303443158,PBPF,cracker_scene1,30,old
1281,23.277937173843384,0.1146172303443158,PBPF,cracker_scene1,30,old
1282,23.28473305702209,0.1146172303443158,PBPF,cracker_scene1,30,old
1283,23.29607057571411,0.1146172303443158,PBPF,cracker_scene1,30,old
