2,0.0055086612701416,0.20085959328570074,PBPF,cracker_scene1,1
2,0.0051734447479248,0.0910202935693282,PBPF,cracker_scene1,1
2,0.0057220458984375,0.10714251443730602,PBPF,cracker_scene1,1
2,0.0052876472473144,0.04327940104140975,PBPF,cracker_scene1,1
2,0.0052521228790283,0.3320301221400341,PBPF,cracker_scene1,1
2,0.0052030086517333,0.3133507429851417,PBPF,cracker_scene1,1
2,0.0052249431610107,0.23977268681742747,PBPF,cracker_scene1,1
2,0.0054197311401367,0.20418105826823363,PBPF,cracker_scene1,1
2,0.0053136348724365,0.12830560779770475,PBPF,cracker_scene1,1
2,0.0051980018615722,0.143501048211987,PBPF,cracker_scene1,1
2,0.0049564838409423,0.15978961496827665,PBPF,cracker_scene1,1
2,0.0049138069152832,0.19080345083598257,PBPF,cracker_scene1,1
2,0.0051729679107666,0.06953219054686913,PBPF,cracker_scene1,1
2,0.0058226585388183,0.16765134890215513,PBPF,cracker_scene1,1
2,0.0057454109191894,0.07495367494382606,PBPF,cracker_scene1,1
2,0.0054271221160888,0.11285740025294265,PBPF,cracker_scene1,1
2,0.0058422088623046,0.14117782408362478,PBPF,cracker_scene1,1
2,0.0051820278167724,0.16816266925965553,PBPF,cracker_scene1,1
2,0.0053911209106445,0.15283259004661887,PBPF,cracker_scene1,1
2,0.005293846130371,0.10880798807549354,PBPF,cracker_scene1,1
2,0.0057513713836669,0.13344662405865618,PBPF,cracker_scene1,1
2,0.0055418014526367,0.13973195579664932,PBPF,cracker_scene1,1
2,0.0052559375762939,0.21025938777526937,PBPF,cracker_scene1,1
2,0.0059325695037841,0.18775138880056885,PBPF,cracker_scene1,1
2,0.0051538944244384,0.09500195134776972,PBPF,cracker_scene1,1
2,0.0053517818450927,0.2879178145492165,PBPF,cracker_scene1,1
2,0.0052809715270996,0.18200862762680112,PBPF,cracker_scene1,1
2,0.0054824352264404,0.10951923937496301,PBPF,cracker_scene1,1
2,0.005159854888916,0.06737266910872308,PBPF,cracker_scene1,1
2,0.0052134990692138,0.15810331428770025,PBPF,cracker_scene1,1
2,0.00504732131958,0.10926704464581405,PBPF,cracker_scene1,1
2,0.0060172080993652,0.12092173290511149,PBPF,cracker_scene1,1
2,0.0051720142364501,0.1219093132259602,PBPF,cracker_scene1,1
2,0.0051484107971191,0.14118297058209953,PBPF,cracker_scene1,1
2,0.0053563117980957,0.12363463907354634,PBPF,cracker_scene1,1
2,0.005340576171875,0.26653635282245886,PBPF,cracker_scene1,1
2,0.0053868293762207,0.2308739518959057,PBPF,cracker_scene1,1
2,0.0053966045379638,0.23743809791752285,PBPF,cracker_scene1,1
2,0.0051734447479248,0.16852862380650832,PBPF,cracker_scene1,1
2,0.0053129196166992,0.02823433957033432,PBPF,cracker_scene1,1
2,0.0052962303161621,0.13428138956778998,PBPF,cracker_scene1,1
2,0.0052466392517089,0.18556368948063998,PBPF,cracker_scene1,1
2,0.0053098201751708,0.21476349055092503,PBPF,cracker_scene1,1
2,0.006066083908081,0.19469389574348092,PBPF,cracker_scene1,1
2,0.0051908493041992,0.17623108745733077,PBPF,cracker_scene1,1
2,0.0054771900177001,0.19980986406536783,PBPF,cracker_scene1,1
2,0.0053427219390869,0.09105979718108359,PBPF,cracker_scene1,1
2,0.0051770210266113,0.14202782603364061,PBPF,cracker_scene1,1
2,0.0050280094146728,0.28025861243949346,PBPF,cracker_scene1,1
2,0.0053825378417968,0.22335580741747757,PBPF,cracker_scene1,1
2,0.0053415298461914,0.07603981433315939,PBPF,cracker_scene1,1
2,0.0059456825256347,0.16081490734256282,PBPF,cracker_scene1,1
2,0.0052416324615478,0.06268243990667571,PBPF,cracker_scene1,1
2,0.0051989555358886,0.14698342072087672,PBPF,cracker_scene1,1
2,0.0052301883697509,0.24588317040111174,PBPF,cracker_scene1,1
2,0.0054779052734375,0.1317046670758722,PBPF,cracker_scene1,1
2,0.00535249710083,0.16953988132895137,PBPF,cracker_scene1,1
2,0.0050618648529052,0.21876327469864737,PBPF,cracker_scene1,1
2,0.0051510334014892,0.10054764111643476,PBPF,cracker_scene1,1
2,0.0057899951934814,0.0874102329108369,PBPF,cracker_scene1,1
2,0.0060007572174072,0.08099824619370431,PBPF,cracker_scene1,1
2,0.0050947666168212,0.10133377879071571,PBPF,cracker_scene1,1
2,0.0053224563598632,0.10033824038636933,PBPF,cracker_scene1,1
2,0.0049574375152587,0.16491357276580454,PBPF,cracker_scene1,1
2,0.0052161216735839,0.1284230989795626,PBPF,cracker_scene1,1
2,0.0061097145080566,0.09357693635091786,PBPF,cracker_scene1,1
2,0.0050575733184814,0.062200459487237396,PBPF,cracker_scene1,1
2,0.0055189132690429,0.1080380903751831,PBPF,cracker_scene1,1
2,0.0054092407226562,0.16220067050064335,PBPF,cracker_scene1,1
2,0.0054850578308105,0.03270830902976473,PBPF,cracker_scene1,1
2,0.0052523612976074,0.16409133754337385,PBPF,cracker_scene1,1
2,0.0054807662963867,0.1359243407261248,PBPF,cracker_scene1,1
2,0.0058779716491699,0.27317060562078327,PBPF,cracker_scene1,1
2,0.0051796436309814,0.12442196451860461,PBPF,cracker_scene1,1
2,0.0053577423095703,0.14712796732502909,PBPF,cracker_scene1,1
2,0.0053966045379638,0.11418441620230434,PBPF,cracker_scene1,1
2,0.0052103996276855,0.2624375858556474,PBPF,cracker_scene1,1
2,0.0055198669433593,0.16389578001456126,PBPF,cracker_scene1,1
2,0.005244493484497,0.09177375546406985,PBPF,cracker_scene1,1
2,0.005171775817871,0.285038359141107,PBPF,cracker_scene1,1
2,0.0051627159118652,0.03826501251452788,PBPF,cracker_scene1,1
2,0.0054104328155517,0.19917850361153777,PBPF,cracker_scene1,1
2,0.0061192512512207,0.19179703434781775,PBPF,cracker_scene1,1
2,0.0055620670318603,0.04116878361191363,PBPF,cracker_scene1,1
2,0.0052764415740966,0.18124798491034697,PBPF,cracker_scene1,1
2,0.0051345825195312,0.16900346862001556,PBPF,cracker_scene1,1
2,0.0052697658538818,0.034926575160371016,PBPF,cracker_scene1,1
2,0.0059878826141357,0.17824522507044557,PBPF,cracker_scene1,1
2,0.0057992935180664,0.1196596447111854,PBPF,cracker_scene1,1
2,0.0057680606842041,0.18499101290806338,PBPF,cracker_scene1,1
2,0.0051674842834472,0.06068350481804221,PBPF,cracker_scene1,1
2,0.0051944255828857,0.2501183762831825,PBPF,cracker_scene1,1
2,0.0056297779083251,0.19234577189716753,PBPF,cracker_scene1,1
2,0.0053927898406982,0.09316569390495913,PBPF,cracker_scene1,1
2,0.0052752494812011,0.10866871175478834,PBPF,cracker_scene1,1
2,0.0056486129760742,0.19656263756719078,PBPF,cracker_scene1,1
2,0.0051555633544921,0.05742274736091538,PBPF,cracker_scene1,1
2,0.0051429271697998,0.09055468564553973,PBPF,cracker_scene1,1
2,0.0053129196166992,0.19516762969568718,PBPF,cracker_scene1,1
2,0.00516939163208,0.126183152078829,PBPF,cracker_scene1,1
2,0.0052936077117919,0.12546785365436855,PBPF,cracker_scene1,5
2,0.005350112915039,0.08509147002079179,PBPF,cracker_scene1,5
2,0.0052621364593505,0.06260126615144126,PBPF,cracker_scene1,5
2,0.0053813457489013,0.06997792424177954,PBPF,cracker_scene1,5
2,0.0052967071533203,0.05952166431114494,PBPF,cracker_scene1,5
2,0.0055620670318603,0.06795775596796697,PBPF,cracker_scene1,5
2,0.00527024269104,0.09807232686173674,PBPF,cracker_scene1,5
2,0.0052859783172607,0.08840013771228285,PBPF,cracker_scene1,5
2,0.0053045749664306,0.08845871853394309,PBPF,cracker_scene1,5
2,0.0052759647369384,0.08622737318604318,PBPF,cracker_scene1,5
2,0.0072531700134277,0.09176863406224495,PBPF,cracker_scene1,5
2,0.0055179595947265,0.07563909373218917,PBPF,cracker_scene1,5
2,0.0056171417236328,0.0950205868749317,PBPF,cracker_scene1,5
2,0.0050029754638671,0.07530884976161309,PBPF,cracker_scene1,5
2,0.0052204132080078,0.10496970723627068,PBPF,cracker_scene1,5
2,0.0050110816955566,0.09131823011780542,PBPF,cracker_scene1,5
2,0.0052392482757568,0.08620234788030422,PBPF,cracker_scene1,5
2,0.005462646484375,0.045062270342938755,PBPF,cracker_scene1,5
2,0.0054469108581542,0.09371980388278099,PBPF,cracker_scene1,5
2,0.0057075023651123,0.08926502372391476,PBPF,cracker_scene1,5
2,0.0055727958679199,0.07023071637415532,PBPF,cracker_scene1,5
2,0.0053403377532958,0.06255419048584838,PBPF,cracker_scene1,5
2,0.005704641342163,0.11122796657518183,PBPF,cracker_scene1,5
2,0.0051817893981933,0.08649303600209711,PBPF,cracker_scene1,5
2,0.0054490566253662,0.0863352883865583,PBPF,cracker_scene1,5
2,0.0056977272033691,0.07054035574494075,PBPF,cracker_scene1,5
2,0.0053882598876953,0.09003031460448142,PBPF,cracker_scene1,5
2,0.005324363708496,0.10482273298107665,PBPF,cracker_scene1,5
2,0.0052089691162109,0.08434290705486125,PBPF,cracker_scene1,5
2,0.0052924156188964,0.05343405752966368,PBPF,cracker_scene1,5
2,0.0051949024200439,0.0755644951436147,PBPF,cracker_scene1,5
2,0.0053272247314453,0.06820004128634975,PBPF,cracker_scene1,5
2,0.0054066181182861,0.09521168878523908,PBPF,cracker_scene1,5
2,0.0055201053619384,0.08347877053599996,PBPF,cracker_scene1,5
2,0.0052237510681152,0.04011490176163211,PBPF,cracker_scene1,5
2,0.0055708885192871,0.07357223172473208,PBPF,cracker_scene1,5
2,0.0053989887237548,0.07679051372243861,PBPF,cracker_scene1,5
2,0.0053451061248779,0.0670510166924418,PBPF,cracker_scene1,5
2,0.0052125453948974,0.0716011178923206,PBPF,cracker_scene1,5
2,0.0062744617462158,0.07388041103105465,PBPF,cracker_scene1,5
2,0.0053074359893798,0.06973721253016366,PBPF,cracker_scene1,5
2,0.0054779052734375,0.062875444972176,PBPF,cracker_scene1,5
2,0.0052638053894042,0.05617265891425678,PBPF,cracker_scene1,5
2,0.0053868293762207,0.08656598943421881,PBPF,cracker_scene1,5
2,0.0053169727325439,0.10758925321247467,PBPF,cracker_scene1,5
2,0.0053048133850097,0.06548128592536397,PBPF,cracker_scene1,5
2,0.0059826374053955,0.07352987337375111,PBPF,cracker_scene1,5
2,0.0051918029785156,0.08828514782125876,PBPF,cracker_scene1,5
2,0.0051589012145996,0.09617144713608203,PBPF,cracker_scene1,5
2,0.0051667690277099,0.06578611890311928,PBPF,cracker_scene1,5
2,0.0053801536560058,0.1466210214423554,PBPF,cracker_scene1,5
2,0.0053846836090087,0.05905562211205341,PBPF,cracker_scene1,5
2,0.0055892467498779,0.08616795462464032,PBPF,cracker_scene1,5
2,0.0053803920745849,0.053255098713731935,PBPF,cracker_scene1,5
2,0.0055680274963378,0.11563376703014085,PBPF,cracker_scene1,5
2,0.0056431293487548,0.08588674578924083,PBPF,cracker_scene1,5
2,0.0054912567138671,0.06945415491841564,PBPF,cracker_scene1,5
2,0.0055067539215087,0.08446154824827645,PBPF,cracker_scene1,5
2,0.0070304870605468,0.05460421477012369,PBPF,cracker_scene1,5
2,0.0053849220275878,0.08649478962734082,PBPF,cracker_scene1,5
2,0.0058076381683349,0.10859325876668974,PBPF,cracker_scene1,5
2,0.0053787231445312,0.07406850087094298,PBPF,cracker_scene1,5
2,0.0052576065063476,0.06596750942384491,PBPF,cracker_scene1,5
2,0.0052883625030517,0.07826132092414721,PBPF,cracker_scene1,5
2,0.0059168338775634,0.08467326355859724,PBPF,cracker_scene1,5
2,0.005225658416748,0.06988237929436013,PBPF,cracker_scene1,5
2,0.0059452056884765,0.06447260324311602,PBPF,cracker_scene1,5
2,0.0052332878112792,0.060749019089399774,PBPF,cracker_scene1,5
2,0.0054240226745605,0.06591097176341656,PBPF,cracker_scene1,5
2,0.0052065849304199,0.09458211763804039,PBPF,cracker_scene1,5
2,0.0054702758789062,0.07586743251794995,PBPF,cracker_scene1,5
2,0.0054659843444824,0.08605921385456881,PBPF,cracker_scene1,5
2,0.0052967071533203,0.04068068054692656,PBPF,cracker_scene1,5
2,0.0053486824035644,0.10080006778787216,PBPF,cracker_scene1,5
2,0.0052247047424316,0.11529839017357862,PBPF,cracker_scene1,5
2,0.0051286220550537,0.08778312819700922,PBPF,cracker_scene1,5
2,0.0053861141204833,0.0815422750104184,PBPF,cracker_scene1,5
2,0.005246877670288,0.08584027233733839,PBPF,cracker_scene1,5
2,0.0051050186157226,0.10959916612011393,PBPF,cracker_scene1,5
2,0.0056002140045166,0.08573790322439166,PBPF,cracker_scene1,5
2,0.0055840015411376,0.06803619428179272,PBPF,cracker_scene1,5
2,0.0051569938659667,0.05265086458062649,PBPF,cracker_scene1,5
2,0.0054259300231933,0.12922006822218285,PBPF,cracker_scene1,5
2,0.0055103302001953,0.07966685836329492,PBPF,cracker_scene1,5
2,0.0050358772277832,0.06743104046082653,PBPF,cracker_scene1,5
2,0.0053341388702392,0.05914503183245242,PBPF,cracker_scene1,5
2,0.0052790641784667,0.08788559303865602,PBPF,cracker_scene1,5
2,0.0055634975433349,0.0656157495918132,PBPF,cracker_scene1,5
2,0.0055744647979736,0.06666642530504398,PBPF,cracker_scene1,5
2,0.0053691864013671,0.10405965297511108,PBPF,cracker_scene1,5
2,0.0053365230560302,0.09776999740309542,PBPF,cracker_scene1,5
2,0.0052485466003417,0.12128162000881756,PBPF,cracker_scene1,5
2,0.0052354335784912,0.07662876861023861,PBPF,cracker_scene1,5
2,0.0055150985717773,0.07841811139969308,PBPF,cracker_scene1,5
2,0.0061008930206298,0.11431068713891379,PBPF,cracker_scene1,5
2,0.0054895877838134,0.056462339546448116,PBPF,cracker_scene1,5
2,0.0050065517425537,0.04792704949640897,PBPF,cracker_scene1,5
2,0.0055980682373046,0.08422682219707482,PBPF,cracker_scene1,5
2,0.0052285194396972,0.07961885782362636,PBPF,cracker_scene1,5
2,0.0054559707641601,0.06747716546372244,PBPF,cracker_scene1,5
2,0.0053567886352539,0.06528179486962368,PBPF,cracker_scene1,10
2,0.0051560401916503,0.06426850907027325,PBPF,cracker_scene1,10
2,0.0054173469543457,0.08745235792318921,PBPF,cracker_scene1,10
2,0.0054028034210205,0.07013670070409402,PBPF,cracker_scene1,10
2,0.0050926208496093,0.06530529456264995,PBPF,cracker_scene1,10
2,0.0053820610046386,0.07154681464926504,PBPF,cracker_scene1,10
2,0.0055997371673583,0.06464279561458844,PBPF,cracker_scene1,10
2,0.0055971145629882,0.07945801454010247,PBPF,cracker_scene1,10
2,0.0052385330200195,0.07124194324193865,PBPF,cracker_scene1,10
2,0.0051665306091308,0.077138357180935,PBPF,cracker_scene1,10
2,0.0052175521850585,0.08762074973924663,PBPF,cracker_scene1,10
2,0.0051701068878173,0.09369996479741759,PBPF,cracker_scene1,10
2,0.0051705837249755,0.0784829022660079,PBPF,cracker_scene1,10
2,0.0053675174713134,0.10467669159350038,PBPF,cracker_scene1,10
2,0.0060985088348388,0.04322588358809768,PBPF,cracker_scene1,10
2,0.0053510665893554,0.07989399058887406,PBPF,cracker_scene1,10
2,0.0053987503051757,0.07220328914780456,PBPF,cracker_scene1,10
2,0.0053584575653076,0.10793876074030763,PBPF,cracker_scene1,10
2,0.0050463676452636,0.0870430999703457,PBPF,cracker_scene1,10
2,0.0054841041564941,0.08411897458836617,PBPF,cracker_scene1,10
2,0.0054602622985839,0.08776801018309478,PBPF,cracker_scene1,10
2,0.0052413940429687,0.10400098988730844,PBPF,cracker_scene1,10
2,0.0052382946014404,0.07639857931622236,PBPF,cracker_scene1,10
2,0.0054771900177001,0.10297504790221983,PBPF,cracker_scene1,10
2,0.0054190158843994,0.09609007546222224,PBPF,cracker_scene1,10
2,0.0051875114440917,0.0800032807369774,PBPF,cracker_scene1,10
2,0.0059113502502441,0.09783212063498795,PBPF,cracker_scene1,10
2,0.005234956741333,0.0886520390214313,PBPF,cracker_scene1,10
2,0.0052113533020019,0.07917397303851192,PBPF,cracker_scene1,10
2,0.0060746669769287,0.09412767967867189,PBPF,cracker_scene1,10
2,0.0052719116210937,0.09116828255523911,PBPF,cracker_scene1,10
2,0.0052998065948486,0.12037301615168805,PBPF,cracker_scene1,10
2,0.005037784576416,0.08668675252650733,PBPF,cracker_scene1,10
2,0.0050480365753173,0.07043606792234798,PBPF,cracker_scene1,10
2,0.0055155754089355,0.10638996732659876,PBPF,cracker_scene1,10
2,0.0055599212646484,0.09689971863663324,PBPF,cracker_scene1,10
2,0.0051450729370117,0.08346027446653402,PBPF,cracker_scene1,10
2,0.0053510665893554,0.08309326331555127,PBPF,cracker_scene1,10
2,0.0058631896972656,0.07302188426677149,PBPF,cracker_scene1,10
2,0.0057392120361328,0.09780942291755079,PBPF,cracker_scene1,10
2,0.0056819915771484,0.07431834216816001,PBPF,cracker_scene1,10
2,0.0053696632385253,0.07632103059391221,PBPF,cracker_scene1,10
2,0.0051736831665039,0.04482496071960687,PBPF,cracker_scene1,10
2,0.0052466392517089,0.08079755680242609,PBPF,cracker_scene1,10
2,0.0051906108856201,0.06292560802090419,PBPF,cracker_scene1,10
2,0.0061650276184082,0.06535379948079746,PBPF,cracker_scene1,10
2,0.005120038986206,0.06325589512440168,PBPF,cracker_scene1,10
2,0.0056490898132324,0.053415177027380675,PBPF,cracker_scene1,10
2,0.0051941871643066,0.08714617113623316,PBPF,cracker_scene1,10
2,0.0051290988922119,0.07961571631989264,PBPF,cracker_scene1,10
2,0.0053117275238037,0.06569109183767444,PBPF,cracker_scene1,10
2,0.0051376819610595,0.041661076584138396,PBPF,cracker_scene1,10
2,0.0054488182067871,0.08120562648701003,PBPF,cracker_scene1,10
2,0.0053904056549072,0.0820040910369146,PBPF,cracker_scene1,10
2,0.0053632259368896,0.05993757820767334,PBPF,cracker_scene1,10
2,0.0052635669708251,0.07080699040835835,PBPF,cracker_scene1,10
2,0.0052719116210937,0.062576445835033,PBPF,cracker_scene1,10
2,0.0053393840789794,0.07032294826627407,PBPF,cracker_scene1,10
2,0.0073812007904052,0.08400114734277211,PBPF,cracker_scene1,10
2,0.0055885314941406,0.025261421468355583,PBPF,cracker_scene1,10
2,0.0053479671478271,0.1951934899944002,PBPF,cracker_scene1,10
2,0.0053133964538574,0.09137840495573657,PBPF,cracker_scene1,10
2,0.005124807357788,0.08629275073456885,PBPF,cracker_scene1,10
2,0.0051698684692382,0.08381759393068418,PBPF,cracker_scene1,10
2,0.0053281784057617,0.06243836717169098,PBPF,cracker_scene1,10
2,0.0053942203521728,0.09421567469065487,PBPF,cracker_scene1,10
2,0.0063002109527587,0.09035689426994524,PBPF,cracker_scene1,10
2,0.0053129196166992,0.07866168259839643,PBPF,cracker_scene1,10
2,0.0051991939544677,0.0677332701425157,PBPF,cracker_scene1,10
2,0.005253791809082,0.06343695201334604,PBPF,cracker_scene1,10
2,0.0055177211761474,0.09449637553265924,PBPF,cracker_scene1,10
2,0.0052452087402343,0.0727655754056668,PBPF,cracker_scene1,10
2,0.005434513092041,0.0732843909754908,PBPF,cracker_scene1,10
2,0.0052344799041748,0.08037266346469985,PBPF,cracker_scene1,10
2,0.0052211284637451,0.08147570031070865,PBPF,cracker_scene1,10
2,0.0051405429840087,0.07933806523979225,PBPF,cracker_scene1,10
2,0.0056123733520507,0.08365721892499033,PBPF,cracker_scene1,10
2,0.0054404735565185,0.0900585317271657,PBPF,cracker_scene1,10
2,0.0058991909027099,0.07926707729297852,PBPF,cracker_scene1,10
2,0.0053200721740722,0.09611894014393343,PBPF,cracker_scene1,10
2,0.0053987503051757,0.08978017650603179,PBPF,cracker_scene1,10
2,0.0059375762939453,0.08885051782426284,PBPF,cracker_scene1,10
2,0.0052073001861572,0.08570488939608417,PBPF,cracker_scene1,10
2,0.0054426193237304,0.09245014604961896,PBPF,cracker_scene1,10
2,0.0053331851959228,0.07519030060458817,PBPF,cracker_scene1,10
2,0.0053372383117675,0.06820516999618748,PBPF,cracker_scene1,10
2,0.0053069591522216,0.07303321736757377,PBPF,cracker_scene1,10
2,0.0052604675292968,0.10500576588968843,PBPF,cracker_scene1,10
2,0.0051851272583007,0.07409365125809514,PBPF,cracker_scene1,10
2,0.0055363178253173,0.09289951249693686,PBPF,cracker_scene1,10
2,0.0053935050964355,0.08313274532968114,PBPF,cracker_scene1,10
2,0.0056631565093994,0.061811094504730386,PBPF,cracker_scene1,10
2,0.0055105686187744,0.07967530310793416,PBPF,cracker_scene1,10
2,0.0052554607391357,0.07420539677431509,PBPF,cracker_scene1,10
2,0.0057876110076904,0.07577037227062919,PBPF,cracker_scene1,10
2,0.0061473846435546,0.09306548419531495,PBPF,cracker_scene1,10
2,0.0049633979797363,0.1190794658246449,PBPF,cracker_scene1,10
2,0.005620002746582,0.07130607105214358,PBPF,cracker_scene1,10
2,0.0051581859588623,0.06211332089900017,PBPF,cracker_scene1,10
2,0.0051801204681396,0.11039013457095771,PBPF,cracker_scene1,10
2,0.0052340030670166,0.09372526671296287,PBPF,cracker_scene1,15
2,0.0052893161773681,0.08451544049699386,PBPF,cracker_scene1,15
2,0.0052287578582763,0.0688193451924474,PBPF,cracker_scene1,15
2,0.005120038986206,0.07321761972673232,PBPF,cracker_scene1,15
2,0.0054438114166259,0.09347740390875399,PBPF,cracker_scene1,15
2,0.0052840709686279,0.062109785187741344,PBPF,cracker_scene1,15
2,0.0051569938659667,0.08042808102268402,PBPF,cracker_scene1,15
2,0.0050697326660156,0.10158559746736744,PBPF,cracker_scene1,15
2,0.0051286220550537,0.07877261766652699,PBPF,cracker_scene1,15
2,0.0051081180572509,0.09025904458072316,PBPF,cracker_scene1,15
2,0.0054132938385009,0.08692097938967874,PBPF,cracker_scene1,15
2,0.0053026676177978,0.09426575643512308,PBPF,cracker_scene1,15
2,0.0051040649414062,0.07824503936855234,PBPF,cracker_scene1,15
2,0.0052506923675537,0.07410674020295051,PBPF,cracker_scene1,15
2,0.0052969455718994,0.08218455113643877,PBPF,cracker_scene1,15
2,0.0053472518920898,0.0838881373404381,PBPF,cracker_scene1,15
2,0.0051159858703613,0.09232073012995534,PBPF,cracker_scene1,15
2,0.0060095787048339,0.07878220220118125,PBPF,cracker_scene1,15
2,0.0050733089447021,0.08983381944819235,PBPF,cracker_scene1,15
2,0.0052530765533447,0.09084710818147025,PBPF,cracker_scene1,15
2,0.0058386325836181,0.06730687098734396,PBPF,cracker_scene1,15
2,0.0052657127380371,0.07551536833785234,PBPF,cracker_scene1,15
2,0.0054512023925781,0.07800477585365333,PBPF,cracker_scene1,15
2,0.0052547454833984,0.07481482874605884,PBPF,cracker_scene1,15
2,0.0053515434265136,0.07691703761832078,PBPF,cracker_scene1,15
2,0.005204439163208,0.07294032192698814,PBPF,cracker_scene1,15
2,0.0050687789916992,0.08292175133845973,PBPF,cracker_scene1,15
2,0.0055615901947021,0.08097426835022983,PBPF,cracker_scene1,15
2,0.0054996013641357,0.09070216020587833,PBPF,cracker_scene1,15
2,0.0068461894989013,0.07473871955949428,PBPF,cracker_scene1,15
2,0.0051398277282714,0.08667720378654811,PBPF,cracker_scene1,15
2,0.0054156780242919,0.07631637740321949,PBPF,cracker_scene1,15
2,0.0055677890777587,0.07687817246218882,PBPF,cracker_scene1,15
2,0.0051989555358886,0.0694866949811711,PBPF,cracker_scene1,15
2,0.0053930282592773,0.07210564417930088,PBPF,cracker_scene1,15
2,0.0056099891662597,0.09958521267953593,PBPF,cracker_scene1,15
2,0.0053808689117431,0.09815979370712151,PBPF,cracker_scene1,15
2,0.0059199333190917,0.08149418894941335,PBPF,cracker_scene1,15
2,0.0053756237030029,0.06945478797879769,PBPF,cracker_scene1,15
2,0.0057590007781982,0.10228315683328719,PBPF,cracker_scene1,15
2,0.0052382946014404,0.07913303414431981,PBPF,cracker_scene1,15
2,0.0052831172943115,0.06705736025414173,PBPF,cracker_scene1,15
2,0.0057852268218994,0.06158167597130761,PBPF,cracker_scene1,15
2,0.0053844451904296,0.07905914302014015,PBPF,cracker_scene1,15
2,0.0054583549499511,0.05513878634074523,PBPF,cracker_scene1,15
2,0.0051536560058593,0.07710358398764593,PBPF,cracker_scene1,15
2,0.0052533149719238,0.09033957715247376,PBPF,cracker_scene1,15
2,0.0053105354309082,0.07221663862615856,PBPF,cracker_scene1,15
2,0.0053601264953613,0.07408285032259679,PBPF,cracker_scene1,15
2,0.0051701068878173,0.08289901901601238,PBPF,cracker_scene1,15
2,0.0053808689117431,0.07452349168048746,PBPF,cracker_scene1,15
2,0.005319595336914,0.0709282486932453,PBPF,cracker_scene1,15
2,0.0056433677673339,0.0818157430250047,PBPF,cracker_scene1,15
2,0.0061354637145996,0.23539975738198304,PBPF,cracker_scene1,15
2,0.005502700805664,0.06995626556335494,PBPF,cracker_scene1,15
2,0.0052981376647949,0.24876712361209155,PBPF,cracker_scene1,15
2,0.0076251029968261,0.07362391174064455,PBPF,cracker_scene1,15
2,0.0052945613861083,0.08804743612588507,PBPF,cracker_scene1,15
2,0.0054845809936523,0.06534144970578884,PBPF,cracker_scene1,15
2,0.0083155632019042,0.08340795169581056,PBPF,cracker_scene1,15
2,0.00543212890625,0.0706194452707279,PBPF,cracker_scene1,15
2,0.0056216716766357,0.07161374018116626,PBPF,cracker_scene1,15
2,0.005552053451538,0.24161516019573379,PBPF,cracker_scene1,15
2,0.0056085586547851,0.06499930779913723,PBPF,cracker_scene1,15
2,0.005530834197998,0.2800255789217414,PBPF,cracker_scene1,15
2,0.0049295425415039,0.07511691646294055,PBPF,cracker_scene1,15
2,0.0053963661193847,0.07556229424925566,PBPF,cracker_scene1,15
2,0.0059025287628173,0.09155467923411599,PBPF,cracker_scene1,15
2,0.0054142475128173,0.08008106943788758,PBPF,cracker_scene1,15
2,0.0054633617401123,0.07465215492667786,PBPF,cracker_scene1,15
2,0.0054841041564941,0.11004546480455613,PBPF,cracker_scene1,15
2,0.0051155090332031,0.09130509821229336,PBPF,cracker_scene1,15
2,0.0052893161773681,0.07543380266911731,PBPF,cracker_scene1,15
2,0.0053703784942626,0.0634629203029086,PBPF,cracker_scene1,15
2,0.0053417682647705,0.07126684958448642,PBPF,cracker_scene1,15
2,0.0052676200866699,0.08976265512717181,PBPF,cracker_scene1,15
2,0.0054161548614501,0.07291642010856725,PBPF,cracker_scene1,15
2,0.0054113864898681,0.06825669921738244,PBPF,cracker_scene1,15
2,0.0050773620605468,0.0811962043729653,PBPF,cracker_scene1,15
2,0.0049962997436523,0.07957648920558753,PBPF,cracker_scene1,15
2,0.0053913593292236,0.0670036618722901,PBPF,cracker_scene1,15
2,0.0054433345794677,0.08619362920364615,PBPF,cracker_scene1,15
2,0.0051989555358886,0.07927779789581813,PBPF,cracker_scene1,15
2,0.0052475929260253,0.07924475409651945,PBPF,cracker_scene1,15
2,0.005997896194458,0.09948624555402696,PBPF,cracker_scene1,15
2,0.0052669048309326,0.11006388098412948,PBPF,cracker_scene1,15
2,0.0054385662078857,0.0921410141599189,PBPF,cracker_scene1,15
2,0.0052320957183837,0.12489833473818514,PBPF,cracker_scene1,15
2,0.0053153038024902,0.08346286126422545,PBPF,cracker_scene1,15
2,0.0055923461914062,0.07044017415334915,PBPF,cracker_scene1,15
2,0.0051813125610351,0.08305300277566337,PBPF,cracker_scene1,15
2,0.0051777362823486,0.07011864291868457,PBPF,cracker_scene1,15
2,0.0051238536834716,0.09426809848225925,PBPF,cracker_scene1,15
2,0.0055124759674072,0.09254424194401714,PBPF,cracker_scene1,15
2,0.0051145553588867,0.07208304984881966,PBPF,cracker_scene1,15
2,0.0056874752044677,0.08249360221465064,PBPF,cracker_scene1,15
2,0.005183458328247,0.22807720940166828,PBPF,cracker_scene1,15
2,0.0053093433380126,0.08187469059545163,PBPF,cracker_scene1,15
2,0.0053403377532958,0.06795970498481593,PBPF,cracker_scene1,15
2,0.0051431655883789,0.08179606348215736,PBPF,cracker_scene1,15
2,0.0053458213806152,0.07977010974406842,PBPF,cracker_scene1,20
2,0.005134105682373,0.06412706681815075,PBPF,cracker_scene1,20
2,0.0058622360229492,0.06754165691083908,PBPF,cracker_scene1,20
2,0.0055022239685058,0.0687019446899766,PBPF,cracker_scene1,20
2,0.005364179611206,0.0674074033063477,PBPF,cracker_scene1,20
2,0.0053119659423828,0.07966333037859746,PBPF,cracker_scene1,20
2,0.0053093433380126,0.07880722894966467,PBPF,cracker_scene1,20
2,0.0053925514221191,0.0745361178890973,PBPF,cracker_scene1,20
2,0.0051760673522949,0.08654679465575263,PBPF,cracker_scene1,20
2,0.0054001808166503,0.07542045160059492,PBPF,cracker_scene1,20
2,0.0052902698516845,0.08002810589991785,PBPF,cracker_scene1,20
2,0.0057339668273925,0.07637199582678436,PBPF,cracker_scene1,20
2,0.005378246307373,0.07295562607663957,PBPF,cracker_scene1,20
2,0.0060477256774902,0.08331636121193363,PBPF,cracker_scene1,20
2,0.0053408145904541,0.08331515347171935,PBPF,cracker_scene1,20
2,0.0052173137664794,0.09360877468283042,PBPF,cracker_scene1,20
2,0.0053586959838867,0.08055096393723389,PBPF,cracker_scene1,20
2,0.0052788257598876,0.08711643986575805,PBPF,cracker_scene1,20
2,0.0050716400146484,0.0821588170122681,PBPF,cracker_scene1,20
2,0.0054080486297607,0.2273199753719011,PBPF,cracker_scene1,20
2,0.0051503181457519,0.09084660309080926,PBPF,cracker_scene1,20
2,0.0054762363433837,0.09044985467966098,PBPF,cracker_scene1,20
2,0.0055439472198486,0.09811846188898901,PBPF,cracker_scene1,20
2,0.0053393840789794,0.08355325538140483,PBPF,cracker_scene1,20
2,0.0057277679443359,0.07490217977336112,PBPF,cracker_scene1,20
2,0.0056273937225341,0.07490920108887857,PBPF,cracker_scene1,20
2,0.005450963973999,0.09821165368474286,PBPF,cracker_scene1,20
2,0.0061922073364257,0.0935384986430553,PBPF,cracker_scene1,20
2,0.0053827762603759,0.05606850405114706,PBPF,cracker_scene1,20
2,0.0055012702941894,0.09267755811559583,PBPF,cracker_scene1,20
2,0.0055513381958007,0.1332835403109421,PBPF,cracker_scene1,20
2,0.0051562786102294,0.07324558892124798,PBPF,cracker_scene1,20
2,0.0054666996002197,0.07630819107330934,PBPF,cracker_scene1,20
2,0.0050294399261474,0.19066712381527703,PBPF,cracker_scene1,20
2,0.0058403015136718,0.09061812133729866,PBPF,cracker_scene1,20
2,0.005458116531372,0.0701968327041164,PBPF,cracker_scene1,20
2,0.0054140090942382,0.07268985983256837,PBPF,cracker_scene1,20
2,0.0052525997161865,0.08918151129831055,PBPF,cracker_scene1,20
2,0.0053205490112304,0.10356986419914853,PBPF,cracker_scene1,20
2,0.0051970481872558,0.07462758510165819,PBPF,cracker_scene1,20
2,0.0057322978973388,0.07012158087720356,PBPF,cracker_scene1,20
2,0.0053980350494384,0.06656497783760565,PBPF,cracker_scene1,20
2,0.005126953125,0.08479505274344148,PBPF,cracker_scene1,20
2,0.0054323673248291,0.32122907815529833,PBPF,cracker_scene1,20
2,0.0062024593353271,0.0760896515892173,PBPF,cracker_scene1,20
2,0.0059981346130371,0.07111388553502664,PBPF,cracker_scene1,20
2,0.0052311420440673,0.06451888436527088,PBPF,cracker_scene1,20
2,0.0058495998382568,0.06555216244056525,PBPF,cracker_scene1,20
2,0.0062439441680908,0.08020644773936471,PBPF,cracker_scene1,20
2,0.0050899982452392,0.07963270250563102,PBPF,cracker_scene1,20
2,0.0060141086578369,0.06371863342098573,PBPF,cracker_scene1,20
2,0.005399465560913,0.07346812169638729,PBPF,cracker_scene1,20
2,0.0062391757965087,0.08091187299311549,PBPF,cracker_scene1,20
2,0.0052218437194824,0.07183206576007964,PBPF,cracker_scene1,20
2,0.0052731037139892,0.08449113309935972,PBPF,cracker_scene1,20
2,0.0052921772003173,0.07362898314731477,PBPF,cracker_scene1,20
2,0.0051465034484863,0.059617732602426844,PBPF,cracker_scene1,20
2,0.005678653717041,0.07573271278962049,PBPF,cracker_scene1,20
2,0.0053198337554931,0.07298966389988425,PBPF,cracker_scene1,20
2,0.005300760269165,0.07588964649317466,PBPF,cracker_scene1,20
2,0.0053222179412841,0.0770689145837675,PBPF,cracker_scene1,20
2,0.0056383609771728,0.09865652707234264,PBPF,cracker_scene1,20
2,0.0052316188812255,0.06854679740960819,PBPF,cracker_scene1,20
2,0.0056228637695312,0.08489991720450309,PBPF,cracker_scene1,20
2,0.0053482055664062,0.07275443143575049,PBPF,cracker_scene1,20
2,0.005828857421875,0.06469599845568194,PBPF,cracker_scene1,20
2,0.0060598850250244,0.09695448243498192,PBPF,cracker_scene1,20
2,0.005629539489746,0.07117524335709695,PBPF,cracker_scene1,20
2,0.0051319599151611,0.08374003192110435,PBPF,cracker_scene1,20
2,0.0053067207336425,0.09240144481543357,PBPF,cracker_scene1,20
2,0.005152940750122,0.0775944325789151,PBPF,cracker_scene1,20
2,0.0052089691162109,0.09919521751971598,PBPF,cracker_scene1,20
2,0.0053322315216064,0.08119507070727666,PBPF,cracker_scene1,20
2,0.0056121349334716,0.10671619871441433,PBPF,cracker_scene1,20
2,0.0052666664123535,0.06942117158609794,PBPF,cracker_scene1,20
2,0.0055105686187744,0.07144945731985827,PBPF,cracker_scene1,20
2,0.0053727626800537,0.08771292531658734,PBPF,cracker_scene1,20
2,0.0051403045654296,0.09129479695358132,PBPF,cracker_scene1,20
2,0.0051596164703369,0.0851423194149721,PBPF,cracker_scene1,20
2,0.0052182674407958,0.06914116014284728,PBPF,cracker_scene1,20
2,0.0058658123016357,0.08550622148812505,PBPF,cracker_scene1,20
2,0.0059239864349365,0.08737881427519732,PBPF,cracker_scene1,20
2,0.0053367614746093,0.08755310800504135,PBPF,cracker_scene1,20
2,0.0055098533630371,0.11987143210820946,PBPF,cracker_scene1,20
2,0.0062077045440673,0.06916577814955846,PBPF,cracker_scene1,20
2,0.0053634643554687,0.07450014131985751,PBPF,cracker_scene1,20
2,0.0053741931915283,0.07606126134002615,PBPF,cracker_scene1,20
2,0.005143404006958,0.08566051514816465,PBPF,cracker_scene1,20
2,0.0053479671478271,0.06685628848980107,PBPF,cracker_scene1,20
2,0.0053575038909912,0.07748941071131028,PBPF,cracker_scene1,20
2,0.0057566165924072,0.08159132091097378,PBPF,cracker_scene1,20
2,0.0060682296752929,0.09573670299664402,PBPF,cracker_scene1,20
2,0.0057628154754638,0.0759678400395051,PBPF,cracker_scene1,20
2,0.0051674842834472,0.08885097720003074,PBPF,cracker_scene1,20
2,0.0051767826080322,0.08175865229554857,PBPF,cracker_scene1,20
2,0.0057928562164306,0.08724013390731661,PBPF,cracker_scene1,20
2,0.0057742595672607,0.1155991633980495,PBPF,cracker_scene1,20
2,0.0060131549835205,0.11391165028732304,PBPF,cracker_scene1,20
2,0.0058867931365966,0.09173025858574405,PBPF,cracker_scene1,20
2,0.0052211284637451,0.08894196897759986,PBPF,cracker_scene1,20
2,0.0051915645599365,0.07458363550088318,PBPF,cracker_scene1,25
2,0.0053973197937011,0.08590653693463311,PBPF,cracker_scene1,25
2,0.0053160190582275,0.07613540182079184,PBPF,cracker_scene1,25
2,0.0053441524505615,0.07379677073772437,PBPF,cracker_scene1,25
2,0.0052933692932128,0.08431475996426727,PBPF,cracker_scene1,25
2,0.0050075054168701,0.060972629966335824,PBPF,cracker_scene1,25
2,0.0051054954528808,0.07330014052978674,PBPF,cracker_scene1,25
2,0.0052611827850341,0.06939971414511596,PBPF,cracker_scene1,25
2,0.005366563796997,0.07397177474106664,PBPF,cracker_scene1,25
2,0.0052509307861328,0.08690184470975088,PBPF,cracker_scene1,25
2,0.0054640769958496,0.08084461494718059,PBPF,cracker_scene1,25
2,0.0051262378692626,0.069695222573639,PBPF,cracker_scene1,25
2,0.0056300163269042,0.09348198656039311,PBPF,cracker_scene1,25
2,0.0053515434265136,0.11496891014200827,PBPF,cracker_scene1,25
2,0.0052709579467773,0.07693289941446112,PBPF,cracker_scene1,25
2,0.0052618980407714,0.08047885369510614,PBPF,cracker_scene1,25
2,0.0052151679992675,0.09307763832046802,PBPF,cracker_scene1,25
2,0.0052993297576904,0.1010237225862311,PBPF,cracker_scene1,25
2,0.0054044723510742,0.07447368653633361,PBPF,cracker_scene1,25
2,0.0052552223205566,0.06378186453875288,PBPF,cracker_scene1,25
2,0.0052354335784912,0.07565309539394022,PBPF,cracker_scene1,25
2,0.0053229331970214,0.07717030661014689,PBPF,cracker_scene1,25
2,0.0053234100341796,0.08932238428991963,PBPF,cracker_scene1,25
2,0.0049169063568115,0.08203720995924467,PBPF,cracker_scene1,25
2,0.0055935382843017,0.07528125471187994,PBPF,cracker_scene1,25
2,0.0059120655059814,0.08729563740141776,PBPF,cracker_scene1,25
2,0.0051093101501464,0.08654109115541239,PBPF,cracker_scene1,25
2,0.0053210258483886,0.09878383603856399,PBPF,cracker_scene1,25
2,0.0061733722686767,0.08559637598235248,PBPF,cracker_scene1,25
2,0.0053091049194335,0.06932042091212727,PBPF,cracker_scene1,25
2,0.0053787231445312,0.07602648484091164,PBPF,cracker_scene1,25
2,0.0055444240570068,0.09163692097282852,PBPF,cracker_scene1,25
2,0.0055298805236816,0.07886071984092279,PBPF,cracker_scene1,25
2,0.005807876586914,0.07997174236204821,PBPF,cracker_scene1,25
2,0.0056469440460205,0.0878077318974161,PBPF,cracker_scene1,25
2,0.005422830581665,0.07386651161320953,PBPF,cracker_scene1,25
2,0.0052764415740966,0.0786104318722701,PBPF,cracker_scene1,25
2,0.0057458877563476,0.10074887247580774,PBPF,cracker_scene1,25
2,0.0052144527435302,0.07547958294736441,PBPF,cracker_scene1,25
2,0.0051002502441406,0.09176197600852709,PBPF,cracker_scene1,25
2,0.0055177211761474,0.09035253575517085,PBPF,cracker_scene1,25
2,0.0059657096862792,0.06723771712112582,PBPF,cracker_scene1,25
2,0.0053191184997558,0.06474992832603971,PBPF,cracker_scene1,25
2,0.0051074028015136,0.08034269311324424,PBPF,cracker_scene1,25
2,0.0054547786712646,0.24574082133237346,PBPF,cracker_scene1,25
2,0.0058779716491699,0.06692518266258425,PBPF,cracker_scene1,25
2,0.0050940513610839,0.07457579645730458,PBPF,cracker_scene1,25
2,0.0054774284362792,0.0713925656350576,PBPF,cracker_scene1,25
2,0.0053272247314453,0.0856430244628893,PBPF,cracker_scene1,25
2,0.005486249923706,0.058080507536202024,PBPF,cracker_scene1,25
2,0.005479097366333,0.07838541763311974,PBPF,cracker_scene1,25
2,0.0053834915161132,0.0836533807085585,PBPF,cracker_scene1,25
2,0.0054600238800048,0.0684105012435189,PBPF,cracker_scene1,25
2,0.0056650638580322,0.06315604027308087,PBPF,cracker_scene1,25
2,0.005397081375122,0.08029635975667189,PBPF,cracker_scene1,25
2,0.0061080455780029,0.1058279635143839,PBPF,cracker_scene1,25
2,0.0054771900177001,0.1207316814916419,PBPF,cracker_scene1,25
2,0.0052587985992431,0.062293519723221905,PBPF,cracker_scene1,25
2,0.0057847499847412,0.06492602044992613,PBPF,cracker_scene1,25
2,0.0050752162933349,0.06290831711177867,PBPF,cracker_scene1,25
2,0.0052368640899658,0.062373885301890926,PBPF,cracker_scene1,25
2,0.0053050518035888,0.07946038735276093,PBPF,cracker_scene1,25
2,0.0051901340484619,0.07636094315815066,PBPF,cracker_scene1,25
2,0.0055711269378662,0.07951994087865687,PBPF,cracker_scene1,25
2,0.005298376083374,0.10528207029788612,PBPF,cracker_scene1,25
2,0.005458116531372,0.08040408460976364,PBPF,cracker_scene1,25
2,0.0060641765594482,0.06964026857882301,PBPF,cracker_scene1,25
2,0.0052950382232666,0.0685618963229481,PBPF,cracker_scene1,25
2,0.005383014678955,0.08622616960219581,PBPF,cracker_scene1,25
2,0.0054359436035156,0.0682991414721586,PBPF,cracker_scene1,25
2,0.0053653717041015,0.08535081031994142,PBPF,cracker_scene1,25
2,0.0053014755249023,0.09589478511617071,PBPF,cracker_scene1,25
2,0.0052487850189208,0.07400210345635644,PBPF,cracker_scene1,25
2,0.0053596496582031,0.0802342542715142,PBPF,cracker_scene1,25
2,0.0052735805511474,0.09758848013319008,PBPF,cracker_scene1,25
2,0.0053162574768066,0.08865432525195822,PBPF,cracker_scene1,25
2,0.0060224533081054,0.09699687401689011,PBPF,cracker_scene1,25
2,0.0059425830841064,0.07698294607012232,PBPF,cracker_scene1,25
2,0.0054752826690673,0.08698070175670967,PBPF,cracker_scene1,25
2,0.005436897277832,0.2148647570072041,PBPF,cracker_scene1,25
2,0.0056178569793701,0.08358500151201209,PBPF,cracker_scene1,25
2,0.0052299499511718,0.11415834453367216,PBPF,cracker_scene1,25
2,0.0054736137390136,0.07508560331934229,PBPF,cracker_scene1,25
2,0.0053060054779052,0.07329723163796709,PBPF,cracker_scene1,25
2,0.0052101612091064,0.07069215779149933,PBPF,cracker_scene1,25
2,0.0052986145019531,0.08425447864957374,PBPF,cracker_scene1,25
2,0.0051808357238769,0.0938649691720082,PBPF,cracker_scene1,25
2,0.0052263736724853,0.07966625911561326,PBPF,cracker_scene1,25
2,0.0056569576263427,0.08527775682483651,PBPF,cracker_scene1,25
2,0.0053372383117675,0.07943104657200101,PBPF,cracker_scene1,25
2,0.0052275657653808,0.08222815246352018,PBPF,cracker_scene1,25
2,0.0057408809661865,0.106349678318849,PBPF,cracker_scene1,25
2,0.0056903362274169,0.07847245891918099,PBPF,cracker_scene1,25
2,0.005336046218872,0.08481895053971562,PBPF,cracker_scene1,25
2,0.0053703784942626,0.07841839238574128,PBPF,cracker_scene1,25
2,0.0051896572113037,0.08411290144769218,PBPF,cracker_scene1,25
2,0.0057871341705322,0.09237379962474103,PBPF,cracker_scene1,25
2,0.0058414936065673,0.08742258317096244,PBPF,cracker_scene1,25
2,0.0057985782623291,0.0655373747666968,PBPF,cracker_scene1,25
2,0.0055952072143554,0.0857762763562544,PBPF,cracker_scene1,25
2,0.0056595802307128,0.07430975022439204,PBPF,cracker_scene1,30
2,0.0053427219390869,0.06419908617574092,PBPF,cracker_scene1,30
2,0.0051639080047607,0.08727721016367378,PBPF,cracker_scene1,30
2,0.005375862121582,0.07949790247239653,PBPF,cracker_scene1,30
2,0.0052919387817382,0.0674134366389059,PBPF,cracker_scene1,30
2,0.0053260326385498,0.07385747744145481,PBPF,cracker_scene1,30
2,0.0053408145904541,0.07805574361261823,PBPF,cracker_scene1,30
2,0.0053076744079589,0.06680394189862283,PBPF,cracker_scene1,30
2,0.0057933330535888,0.07756896928907694,PBPF,cracker_scene1,30
2,0.0056796073913574,0.29241837360448464,PBPF,cracker_scene1,30
2,0.0053551197052001,0.08999262844304898,PBPF,cracker_scene1,30
2,0.0053718090057373,0.07387898533130867,PBPF,cracker_scene1,30
2,0.0055384635925292,0.20546589508844443,PBPF,cracker_scene1,30
2,0.0052394866943359,0.07415715960835455,PBPF,cracker_scene1,30
2,0.0053372383117675,0.10026534159289643,PBPF,cracker_scene1,30
2,0.0052571296691894,0.08714479681809661,PBPF,cracker_scene1,30
2,0.0054504871368408,0.0884648195469129,PBPF,cracker_scene1,30
2,0.0053555965423583,0.08673478180377123,PBPF,cracker_scene1,30
2,0.0080854892730712,0.0870908685697288,PBPF,cracker_scene1,30
2,0.0053205490112304,0.08401019184377423,PBPF,cracker_scene1,30
2,0.0054860115051269,0.06464870238317198,PBPF,cracker_scene1,30
2,0.0054893493652343,0.08802396773152286,PBPF,cracker_scene1,30
2,0.0053882598876953,0.08950275690844232,PBPF,cracker_scene1,30
2,0.0054011344909667,0.07268828243711793,PBPF,cracker_scene1,30
2,0.0056142807006835,0.09580056905352467,PBPF,cracker_scene1,30
2,0.0055112838745117,0.0889631603404113,PBPF,cracker_scene1,30
2,0.0056231021881103,0.09792115797703232,PBPF,cracker_scene1,30
2,0.0052118301391601,0.07634272625354434,PBPF,cracker_scene1,30
2,0.0053780078887939,0.09163254018816805,PBPF,cracker_scene1,30
2,0.0052101612091064,0.2335149922066847,PBPF,cracker_scene1,30
2,0.0053441524505615,0.08956908968427225,PBPF,cracker_scene1,30
2,0.0050814151763916,0.07371316032072385,PBPF,cracker_scene1,30
2,0.0054185390472412,0.07191289163434175,PBPF,cracker_scene1,30
2,0.0053851604461669,0.07162173488002505,PBPF,cracker_scene1,30
2,0.0055048465728759,0.0894198797195255,PBPF,cracker_scene1,30
2,0.0050723552703857,0.11362079379128168,PBPF,cracker_scene1,30
2,0.0053212642669677,0.09392145350336571,PBPF,cracker_scene1,30
2,0.0052540302276611,0.09548252385243772,PBPF,cracker_scene1,30
2,0.0053553581237792,0.06878271098458459,PBPF,cracker_scene1,30
2,0.005486249923706,0.12970198123822968,PBPF,cracker_scene1,30
2,0.005239725112915,0.08384432818102328,PBPF,cracker_scene1,30
2,0.005211591720581,0.08003277826414491,PBPF,cracker_scene1,30
2,0.0052862167358398,0.07171499757481557,PBPF,cracker_scene1,30
2,0.0053911209106445,0.06552084537581364,PBPF,cracker_scene1,30
2,0.0049843788146972,0.08131571902324324,PBPF,cracker_scene1,30
2,0.0054783821105957,0.09849146853656056,PBPF,cracker_scene1,30
2,0.0055506229400634,0.08570100119936319,PBPF,cracker_scene1,30
2,0.0053904056549072,0.06751474796518547,PBPF,cracker_scene1,30
2,0.0051782131195068,0.0476548803814233,PBPF,cracker_scene1,30
2,0.005178689956665,0.0768629012849055,PBPF,cracker_scene1,30
2,0.0054767131805419,0.06952937554225022,PBPF,cracker_scene1,30
2,0.0050995349884033,0.07537737556796521,PBPF,cracker_scene1,30
2,0.0056004524230957,0.09140690834156996,PBPF,cracker_scene1,30
2,0.0055272579193115,0.09842049533376296,PBPF,cracker_scene1,30
2,0.0076401233673095,0.09321504467839917,PBPF,cracker_scene1,30
2,0.0054574012756347,0.06355931107100318,PBPF,cracker_scene1,30
2,0.0052778720855712,0.06241517663815377,PBPF,cracker_scene1,30
2,0.0053918361663818,0.06958829280894475,PBPF,cracker_scene1,30
2,0.0052218437194824,0.0699895665494207,PBPF,cracker_scene1,30
2,0.0051691532135009,0.07308087947172535,PBPF,cracker_scene1,30
2,0.006082534790039,0.07520607796900856,PBPF,cracker_scene1,30
2,0.0051558017730712,0.06922596397207942,PBPF,cracker_scene1,30
2,0.0053274631500244,0.0685399858347541,PBPF,cracker_scene1,30
2,0.0051839351654052,0.07403550527903058,PBPF,cracker_scene1,30
2,0.0052661895751953,0.07368145579296505,PBPF,cracker_scene1,30
2,0.005267858505249,0.0742241538167586,PBPF,cracker_scene1,30
2,0.0051064491271972,0.0701399547928649,PBPF,cracker_scene1,30
2,0.0055141448974609,0.0753045351912727,PBPF,cracker_scene1,30
2,0.0054545402526855,0.07108614675720247,PBPF,cracker_scene1,30
2,0.0053217411041259,0.0771342141583517,PBPF,cracker_scene1,30
2,0.0054254531860351,0.08245263991274264,PBPF,cracker_scene1,30
2,0.0052311420440673,0.10217346083282915,PBPF,cracker_scene1,30
2,0.0057642459869384,0.14867350947379987,PBPF,cracker_scene1,30
2,0.0052270889282226,0.06190852524109584,PBPF,cracker_scene1,30
2,0.0052897930145263,0.05716237777539911,PBPF,cracker_scene1,30
2,0.0054671764373779,0.08172524027000068,PBPF,cracker_scene1,30
2,0.005361795425415,0.0728977284662232,PBPF,cracker_scene1,30
2,0.00545334815979,0.1132611215940307,PBPF,cracker_scene1,30
2,0.0053582191467285,0.06670930417987478,PBPF,cracker_scene1,30
2,0.0051531791687011,0.09470884443250285,PBPF,cracker_scene1,30
2,0.005289077758789,0.09282540957672641,PBPF,cracker_scene1,30
2,0.0053527355194091,0.08760928335150328,PBPF,cracker_scene1,30
2,0.005324363708496,0.09160083125628238,PBPF,cracker_scene1,30
2,0.0053422451019287,0.08316042995005703,PBPF,cracker_scene1,30
2,0.0055184364318847,0.09044149624829435,PBPF,cracker_scene1,30
2,0.0055570602416992,0.09623125483010236,PBPF,cracker_scene1,30
2,0.0053699016571044,0.11031631204960365,PBPF,cracker_scene1,30
2,0.0055000782012939,0.0751826833478074,PBPF,cracker_scene1,30
2,0.0055375099182128,0.06428514514030689,PBPF,cracker_scene1,30
2,0.0051596164703369,0.0668604097723027,PBPF,cracker_scene1,30
2,0.0053739547729492,0.08342263333864898,PBPF,cracker_scene1,30
2,0.0052244663238525,0.08076372288889354,PBPF,cracker_scene1,30
2,0.0054895877838134,0.09763836096943843,PBPF,cracker_scene1,30
2,0.0052707195281982,0.07127403906664836,PBPF,cracker_scene1,30
2,0.0054919719696044,0.08838023957566446,PBPF,cracker_scene1,30
2,0.0052828788757324,0.0780588855007483,PBPF,cracker_scene1,30
2,0.0052802562713623,0.0721190625751099,PBPF,cracker_scene1,30
2,0.0054318904876708,0.09434852412706443,PBPF,cracker_scene1,30
2,0.0054032802581787,0.09191924975662233,PBPF,cracker_scene1,30
2,0.0055596828460693,0.07867124639272761,PBPF,cracker_scene1,30
