0,0.0002975463867187,0.073082821621734,PBPF,cracker_scene1,1,old
1,0.0084216594696044,0.0730920436925186,PBPF,cracker_scene1,1,old
2,0.0337977409362793,0.0730920436925186,PBPF,cracker_scene1,1,old
3,0.0413389205932617,0.0729420486331441,PBPF,cracker_scene1,1,old
4,0.0487544536590576,0.0731402520537219,PBPF,cracker_scene1,1,old
5,0.0592732429504394,0.0731253468614413,PBPF,cracker_scene1,1,old
6,0.0796947479248046,0.0731105721933655,PBPF,cracker_scene1,1,old
7,0.0963647365570068,0.0730675967981391,PBPF,cracker_scene1,1,old
8,0.1683886051177978,0.0731288710329147,PBPF,cracker_scene1,1,old
9,0.1813390254974365,0.0731267554285167,PBPF,cracker_scene1,1,old
10,0.2192788124084472,0.0731442216177914,PBPF,cracker_scene1,1,old
11,0.2309215068817138,0.0731442216177914,PBPF,cracker_scene1,1,old
12,0.3160092830657959,0.0730952230519088,PBPF,cracker_scene1,1,old
13,0.3352079391479492,0.0731142014229281,PBPF,cracker_scene1,1,old
14,0.3661909103393554,0.073132580937086,PBPF,cracker_scene1,1,old
15,0.3866035938262939,0.0731261979161115,PBPF,cracker_scene1,1,old
16,0.4126527309417724,0.0731190271322399,PBPF,cracker_scene1,1,old
17,0.4360024929046631,0.0730897554961527,PBPF,cracker_scene1,1,old
18,0.447890043258667,0.0731313226488934,PBPF,cracker_scene1,1,old
19,0.4716882705688476,0.0729396679807258,PBPF,cracker_scene1,1,old
20,0.5250000953674316,0.0730594180647332,PBPF,cracker_scene1,1,old
21,0.5596787929534912,0.072870447264267,PBPF,cracker_scene1,1,old
22,0.5972194671630859,0.0729916033057514,PBPF,cracker_scene1,1,old
23,0.614365816116333,0.072934088617629,PBPF,cracker_scene1,1,old
24,0.6352958679199219,0.0728908858700101,PBPF,cracker_scene1,1,old
25,0.6787145137786865,0.0614059505678284,PBPF,cracker_scene1,1,old
26,0.692286491394043,0.0613167536238125,PBPF,cracker_scene1,1,old
27,0.717078447341919,0.0613336796100404,PBPF,cracker_scene1,1,old
28,0.7397291660308838,0.0613472634980202,PBPF,cracker_scene1,1,old
29,0.7763986587524414,0.0542627094580958,PBPF,cracker_scene1,1,old
30,0.7957324981689453,0.0542258055981379,PBPF,cracker_scene1,1,old
31,0.8337438106536865,0.0541949241422372,PBPF,cracker_scene1,1,old
32,0.8488802909851074,0.0541079716939508,PBPF,cracker_scene1,1,old
33,0.8676624298095703,0.0541315301970593,PBPF,cracker_scene1,1,old
34,0.8908543586730957,0.0540210501668841,PBPF,cracker_scene1,1,old
35,0.9633386135101318,0.0454198969564083,PBPF,cracker_scene1,1,old
36,0.982276201248169,0.0454156333496317,PBPF,cracker_scene1,1,old
37,0.9969747066497804,0.0454096959366915,PBPF,cracker_scene1,1,old
38,1.0101416110992432,0.0454096959366915,PBPF,cracker_scene1,1,old
39,1.0311617851257324,0.0454096959366915,PBPF,cracker_scene1,1,old
40,1.0508394241333008,0.0454096959366915,PBPF,cracker_scene1,1,old
41,1.068403959274292,0.0454096959366915,PBPF,cracker_scene1,1,old
42,1.1239206790924072,0.0454096959366915,PBPF,cracker_scene1,1,old
43,1.161271572113037,0.0419032231077687,PBPF,cracker_scene1,1,old
44,1.1777079105377195,0.0418568697905639,PBPF,cracker_scene1,1,old
45,1.1895205974578855,0.0418542996684014,PBPF,cracker_scene1,1,old
46,1.2019569873809814,0.0418586155520142,PBPF,cracker_scene1,1,old
47,1.217405080795288,0.0420305109548924,PBPF,cracker_scene1,1,old
48,1.233027458190918,0.0420305109548924,PBPF,cracker_scene1,1,old
49,1.2572300434112549,0.0411306377374656,PBPF,cracker_scene1,1,old
50,1.2819640636444092,0.0411302519519569,PBPF,cracker_scene1,1,old
51,1.320871353149414,0.0411227164976764,PBPF,cracker_scene1,1,old
52,1.3445680141448977,0.0411227164976764,PBPF,cracker_scene1,1,old
53,1.3675312995910645,0.0412011134471182,PBPF,cracker_scene1,1,old
54,1.528200626373291,0.0454619555549635,PBPF,cracker_scene1,1,old
55,1.5593860149383545,0.0456536988238569,PBPF,cracker_scene1,1,old
56,1.6215856075286863,0.0499500284916413,PBPF,cracker_scene1,1,old
57,1.6536896228790283,0.0498487250706111,PBPF,cracker_scene1,1,old
58,1.745335578918457,0.0424530395994335,PBPF,cracker_scene1,1,old
59,1.8386030197143557,0.0424049958455107,PBPF,cracker_scene1,1,old
60,1.86907172203064,0.0424272000572738,PBPF,cracker_scene1,1,old
61,1.9274320602416992,0.0422182522777006,PBPF,cracker_scene1,1,old
62,1.963761806488037,0.0422283992323535,PBPF,cracker_scene1,1,old
63,2.0398998260498047,0.0423554724160431,PBPF,cracker_scene1,1,old
64,2.071742534637451,0.042335530082324,PBPF,cracker_scene1,1,old
65,2.0870261192321777,0.0422686344002973,PBPF,cracker_scene1,1,old
66,2.094933271408081,0.0422686344002973,PBPF,cracker_scene1,1,old
67,2.144639015197754,0.0423632040409023,PBPF,cracker_scene1,1,old
68,2.202032327651977,0.0424006653529663,PBPF,cracker_scene1,1,old
69,2.228807210922241,0.0424043956553279,PBPF,cracker_scene1,1,old
70,2.242417573928833,0.041885334342825,PBPF,cracker_scene1,1,old
71,2.2550764083862305,0.0416850494263933,PBPF,cracker_scene1,1,old
72,2.280590534210205,0.0416526541239219,PBPF,cracker_scene1,1,old
73,2.315983295440674,0.0416098155981084,PBPF,cracker_scene1,1,old
74,2.4317963123321533,0.0464541455893144,PBPF,cracker_scene1,1,old
75,2.4557301998138428,0.0464541455893144,PBPF,cracker_scene1,1,old
76,2.464026689529419,0.0464572058862703,PBPF,cracker_scene1,1,old
77,2.482234477996826,0.0463358241408624,PBPF,cracker_scene1,1,old
78,2.506845474243164,0.0460016274898932,PBPF,cracker_scene1,1,old
79,2.5139694213867188,0.0460016274898932,PBPF,cracker_scene1,1,old
80,2.6139578819274902,0.0488397097060671,PBPF,cracker_scene1,1,old
81,2.6809184551239014,0.0487886399761617,PBPF,cracker_scene1,1,old
82,2.7494888305664062,0.0506012873212902,PBPF,cracker_scene1,1,old
83,2.822919607162476,0.0506210752986328,PBPF,cracker_scene1,1,old
84,2.854998111724853,0.0465368439396661,PBPF,cracker_scene1,1,old
85,2.8762757778167725,0.0465368439396661,PBPF,cracker_scene1,1,old
86,2.895076274871826,0.0465368439396661,PBPF,cracker_scene1,1,old
87,2.9115657806396484,0.0465427933565676,PBPF,cracker_scene1,1,old
88,2.924145460128784,0.0465427933565676,PBPF,cracker_scene1,1,old
89,2.9900174140930176,0.045521640589729,PBPF,cracker_scene1,1,old
90,3.0466525554656982,0.0483263231736366,PBPF,cracker_scene1,1,old
91,3.070074796676636,0.0483263231736366,PBPF,cracker_scene1,1,old
92,3.104745864868164,0.0480795895818957,PBPF,cracker_scene1,1,old
93,3.125434398651123,0.0480060913776864,PBPF,cracker_scene1,1,old
94,3.1662094593048096,0.0474993052396758,PBPF,cracker_scene1,1,old
95,3.181082248687744,0.0474993052396758,PBPF,cracker_scene1,1,old
96,3.196991443634033,0.0474993052396758,PBPF,cracker_scene1,1,old
97,3.2141170501708984,0.0475335597435864,PBPF,cracker_scene1,1,old
98,3.2418107986450195,0.0475261593350866,PBPF,cracker_scene1,1,old
99,3.2540946006774902,0.0475261593350866,PBPF,cracker_scene1,1,old
100,3.261058568954468,0.0475261593350866,PBPF,cracker_scene1,1,old
101,3.2801268100738525,0.0474952939958133,PBPF,cracker_scene1,1,old
102,3.286710023880005,0.0474952939958133,PBPF,cracker_scene1,1,old
103,3.323725938796997,0.0474832885601817,PBPF,cracker_scene1,1,old
104,3.3439249992370605,0.0442991842075913,PBPF,cracker_scene1,1,old
105,3.37502121925354,0.0441717147714607,PBPF,cracker_scene1,1,old
106,3.418506622314453,0.0440812133881658,PBPF,cracker_scene1,1,old
107,3.433255434036255,0.0440812133881658,PBPF,cracker_scene1,1,old
108,3.4497270584106445,0.0440812133881658,PBPF,cracker_scene1,1,old
109,3.461303234100342,0.0440812133881658,PBPF,cracker_scene1,1,old
110,3.4779152870178223,0.040478599307249,PBPF,cracker_scene1,1,old
111,3.504638671875,0.040478599307249,PBPF,cracker_scene1,1,old
112,3.668969631195069,0.039786867517953,PBPF,cracker_scene1,1,old
113,3.726969003677368,0.0395212062163568,PBPF,cracker_scene1,1,old
114,3.785320997238159,0.0395105282012599,PBPF,cracker_scene1,1,old
115,3.8072915077209473,0.0395105282012599,PBPF,cracker_scene1,1,old
116,3.843111753463745,0.0413634075965135,PBPF,cracker_scene1,1,old
117,3.877104997634888,0.0413570542404066,PBPF,cracker_scene1,1,old
118,3.9191153049468994,0.0412941366964283,PBPF,cracker_scene1,1,old
119,4.01973295211792,0.0398565942908649,PBPF,cracker_scene1,1,old
120,4.0359861850738525,0.0396409667881955,PBPF,cracker_scene1,1,old
121,4.067129373550415,0.0396448843090441,PBPF,cracker_scene1,1,old
122,4.080320596694946,0.0396185371322247,PBPF,cracker_scene1,1,old
123,4.103150844573975,0.039551138617344,PBPF,cracker_scene1,1,old
124,4.118739128112793,0.039551138617344,PBPF,cracker_scene1,1,old
125,4.199364185333252,0.0398092510955904,PBPF,cracker_scene1,1,old
126,4.232183933258057,0.0398092510955904,PBPF,cracker_scene1,1,old
127,4.250785827636719,0.0398092510955904,PBPF,cracker_scene1,1,old
128,4.2722461223602295,0.0397892873051794,PBPF,cracker_scene1,1,old
129,4.281116247177124,0.0397892873051794,PBPF,cracker_scene1,1,old
130,4.289149522781372,0.0397892873051794,PBPF,cracker_scene1,1,old
131,4.335852861404419,0.0388699462387734,PBPF,cracker_scene1,1,old
132,4.356069326400757,0.0388539666875752,PBPF,cracker_scene1,1,old
133,4.386317729949951,0.0387220357095754,PBPF,cracker_scene1,1,old
134,4.410779237747192,0.0387236929605058,PBPF,cracker_scene1,1,old
135,4.451042652130127,0.0387495418231255,PBPF,cracker_scene1,1,old
136,4.520076751708984,0.0387347798471847,PBPF,cracker_scene1,1,old
137,4.5411036014556885,0.0387347798471847,PBPF,cracker_scene1,1,old
138,4.548410177230835,0.0387347798471847,PBPF,cracker_scene1,1,old
139,4.66352105140686,0.0387347798471847,PBPF,cracker_scene1,1,old
140,4.763710021972656,0.0387608254634531,PBPF,cracker_scene1,1,old
141,4.815651893615723,0.0387453006857876,PBPF,cracker_scene1,1,old
142,4.823767185211182,0.0387505300328126,PBPF,cracker_scene1,1,old
143,4.8508148193359375,0.0386941569571531,PBPF,cracker_scene1,1,old
144,4.888987302780151,0.0387145522298825,PBPF,cracker_scene1,1,old
145,4.912449598312378,0.0385695609361703,PBPF,cracker_scene1,1,old
146,4.946675062179565,0.0385839704499586,PBPF,cracker_scene1,1,old
147,4.958523750305176,0.0385839704499586,PBPF,cracker_scene1,1,old
148,4.965183258056641,0.0385839704499586,PBPF,cracker_scene1,1,old
149,5.0128796100616455,0.0384660135356637,PBPF,cracker_scene1,1,old
150,5.111863136291504,0.0384660135356637,PBPF,cracker_scene1,1,old
151,5.124163389205933,0.0331768740758769,PBPF,cracker_scene1,1,old
152,5.13070273399353,0.0331768740758769,PBPF,cracker_scene1,1,old
153,5.141394853591919,0.0331768740758769,PBPF,cracker_scene1,1,old
154,5.169703245162964,0.032691338226063,PBPF,cracker_scene1,1,old
155,5.189204216003418,0.032691338226063,PBPF,cracker_scene1,1,old
156,5.200170993804932,0.032691338226063,PBPF,cracker_scene1,1,old
157,5.207033395767212,0.032691338226063,PBPF,cracker_scene1,1,old
158,5.2196125984191895,0.032691338226063,PBPF,cracker_scene1,1,old
159,5.266995668411255,0.0305800796576109,PBPF,cracker_scene1,1,old
160,5.3040854930877686,0.0305888901110138,PBPF,cracker_scene1,1,old
161,5.31079363822937,0.0305888901110138,PBPF,cracker_scene1,1,old
162,5.338305711746216,0.0305888901110138,PBPF,cracker_scene1,1,old
163,5.475930690765381,0.0290418236767133,PBPF,cracker_scene1,1,old
164,5.49093770980835,0.0290418236767133,PBPF,cracker_scene1,1,old
165,5.556522369384766,0.0288711907918039,PBPF,cracker_scene1,1,old
166,5.58196496963501,0.0288780158814051,PBPF,cracker_scene1,1,old
167,5.6160101890563965,0.0276563920448507,PBPF,cracker_scene1,1,old
168,5.642223358154297,0.0276389842677706,PBPF,cracker_scene1,1,old
169,5.662811040878296,0.0276389842677706,PBPF,cracker_scene1,1,old
170,5.710428953170776,0.0274729198782788,PBPF,cracker_scene1,1,old
171,5.748921155929565,0.0371181993905541,PBPF,cracker_scene1,1,old
172,5.765201807022095,0.036942306866993,PBPF,cracker_scene1,1,old
173,5.806201457977295,0.0365689029512248,PBPF,cracker_scene1,1,old
174,5.818869113922119,0.0364184283071954,PBPF,cracker_scene1,1,old
175,5.873627901077271,0.0362368176534593,PBPF,cracker_scene1,1,old
176,5.945713520050049,0.042106129147978,PBPF,cracker_scene1,1,old
177,5.958228349685669,0.042106129147978,PBPF,cracker_scene1,1,old
178,6.032996416091919,0.0414087713639491,PBPF,cracker_scene1,1,old
179,6.05049467086792,0.0411465227946348,PBPF,cracker_scene1,1,old
180,6.114833116531372,0.0543460096459501,PBPF,cracker_scene1,1,old
181,6.140430212020874,0.0534705046357987,PBPF,cracker_scene1,1,old
182,6.151738882064819,0.0534705046357987,PBPF,cracker_scene1,1,old
183,6.167067766189575,0.053733015002658,PBPF,cracker_scene1,1,old
184,6.190032005310059,0.052740795599588,PBPF,cracker_scene1,1,old
185,6.211856126785278,0.0525661729321311,PBPF,cracker_scene1,1,old
186,6.25587272644043,0.0599014586276828,PBPF,cracker_scene1,1,old
187,6.2796595096588135,0.0594607536419702,PBPF,cracker_scene1,1,old
188,6.322315216064453,0.05911372972613,PBPF,cracker_scene1,1,old
189,6.347075700759888,0.0592039806133012,PBPF,cracker_scene1,1,old
190,6.374249219894409,0.0590240572282836,PBPF,cracker_scene1,1,old
191,6.408536911010742,0.061996407945447,PBPF,cracker_scene1,1,old
192,6.421060800552368,0.0619928230602937,PBPF,cracker_scene1,1,old
193,6.432552576065064,0.0619928230602937,PBPF,cracker_scene1,1,old
194,6.439784288406372,0.0619928230602937,PBPF,cracker_scene1,1,old
195,6.4473876953125,0.0621856700965887,PBPF,cracker_scene1,1,old
196,6.476327896118164,0.0620513418131467,PBPF,cracker_scene1,1,old
197,6.515218496322632,0.0620095385469015,PBPF,cracker_scene1,1,old
198,6.572121381759644,0.057749956565332,PBPF,cracker_scene1,1,old
199,6.596111536026001,0.0570559970265177,PBPF,cracker_scene1,1,old
200,6.609345197677612,0.0568564797917783,PBPF,cracker_scene1,1,old
201,6.621343612670898,0.0568564797917783,PBPF,cracker_scene1,1,old
202,6.65578556060791,0.0561443820299765,PBPF,cracker_scene1,1,old
203,6.696763277053833,0.055213835661491,PBPF,cracker_scene1,1,old
204,6.714220762252808,0.0552119289846362,PBPF,cracker_scene1,1,old
205,6.7829554080963135,0.0556831095221481,PBPF,cracker_scene1,1,old
206,6.844670057296753,0.0545708350463897,PBPF,cracker_scene1,1,old
207,6.875575542449951,0.0542540984166532,PBPF,cracker_scene1,1,old
208,6.976095914840698,0.050018904584808,PBPF,cracker_scene1,1,old
209,6.984798908233643,0.0498441607197064,PBPF,cracker_scene1,1,old
210,7.00077748298645,0.0498441607197064,PBPF,cracker_scene1,1,old
211,7.041329860687256,0.0489443985556577,PBPF,cracker_scene1,1,old
212,7.057479619979858,0.0458776748401603,PBPF,cracker_scene1,1,old
213,7.082944393157959,0.0454829312948054,PBPF,cracker_scene1,1,old
214,7.097279071807861,0.0438496628416174,PBPF,cracker_scene1,1,old
215,7.153173446655273,0.0432492952327931,PBPF,cracker_scene1,1,old
216,7.193241357803345,0.0419597001143473,PBPF,cracker_scene1,1,old
217,7.217041969299316,0.0468936496670941,PBPF,cracker_scene1,1,old
218,7.235916137695312,0.0468936496670941,PBPF,cracker_scene1,1,old
219,7.29581618309021,0.0468936496670941,PBPF,cracker_scene1,1,old
220,7.410448312759399,0.0421389069905494,PBPF,cracker_scene1,1,old
221,7.425638914108276,0.0417180762359397,PBPF,cracker_scene1,1,old
222,7.452968120574951,0.0413331824501227,PBPF,cracker_scene1,1,old
223,7.462385654449463,0.0411799231419005,PBPF,cracker_scene1,1,old
224,7.4828009605407715,0.0407492315572749,PBPF,cracker_scene1,1,old
225,7.501383066177368,0.0393617343714216,PBPF,cracker_scene1,1,old
226,7.512696504592895,0.0394541900943204,PBPF,cracker_scene1,1,old
227,7.524363040924072,0.0394541900943204,PBPF,cracker_scene1,1,old
228,7.5479443073272705,0.0387060068919071,PBPF,cracker_scene1,1,old
229,7.608815193176269,0.0380058013200868,PBPF,cracker_scene1,1,old
230,7.662000417709351,0.0378645394920088,PBPF,cracker_scene1,1,old
231,7.672899961471558,0.0378645394920088,PBPF,cracker_scene1,1,old
232,7.6781299114227295,0.0378645394920088,PBPF,cracker_scene1,1,old
233,7.688133478164673,0.0378645394920088,PBPF,cracker_scene1,1,old
234,7.693341016769409,0.0378645394920088,PBPF,cracker_scene1,1,old
235,7.719697952270508,0.0378555778656177,PBPF,cracker_scene1,1,old
236,7.747493505477905,0.0378527637099677,PBPF,cracker_scene1,1,old
237,7.755690097808838,0.036265836869146,PBPF,cracker_scene1,1,old
238,7.763709783554077,0.0361725041394224,PBPF,cracker_scene1,1,old
239,7.77056884765625,0.0360285952988792,PBPF,cracker_scene1,1,old
240,7.7767493724823,0.0357456256298502,PBPF,cracker_scene1,1,old
241,7.78299880027771,0.0356278525000937,PBPF,cracker_scene1,1,old
242,7.78886866569519,0.0356278525000937,PBPF,cracker_scene1,1,old
243,7.795133113861084,0.0356003337446218,PBPF,cracker_scene1,1,old
244,7.802200794219971,0.0354916132620462,PBPF,cracker_scene1,1,old
245,7.833352565765381,0.0323533304879891,PBPF,cracker_scene1,1,old
246,7.843012571334839,0.0319394519089291,PBPF,cracker_scene1,1,old
247,7.855918645858765,0.0316692406054101,PBPF,cracker_scene1,1,old
248,7.869591951370239,0.0314142421645625,PBPF,cracker_scene1,1,old
249,7.8778204917907715,0.0311676713884777,PBPF,cracker_scene1,1,old
250,7.886272430419922,0.0310008503688021,PBPF,cracker_scene1,1,old
251,7.893592119216919,0.0310008503688021,PBPF,cracker_scene1,1,old
252,7.901640892028809,0.030784181345976,PBPF,cracker_scene1,1,old
253,7.908832788467407,0.0306365219068254,PBPF,cracker_scene1,1,old
254,7.915842771530151,0.0306365219068254,PBPF,cracker_scene1,1,old
255,7.92261004447937,0.0304970047428881,PBPF,cracker_scene1,1,old
256,7.929539203643799,0.030372762554155,PBPF,cracker_scene1,1,old
257,7.93716287612915,0.0302177443746707,PBPF,cracker_scene1,1,old
258,7.945302486419678,0.0300509417857558,PBPF,cracker_scene1,1,old
259,7.95276403427124,0.0316019655748608,PBPF,cracker_scene1,1,old
260,7.959936380386352,0.031541199977824,PBPF,cracker_scene1,1,old
261,7.967144966125488,0.031541199977824,PBPF,cracker_scene1,1,old
262,7.974520206451416,0.0314191587925884,PBPF,cracker_scene1,1,old
263,7.98180341720581,0.0313874833134147,PBPF,cracker_scene1,1,old
264,7.989050626754761,0.0311793852654516,PBPF,cracker_scene1,1,old
265,7.996296882629394,0.0312064876438017,PBPF,cracker_scene1,1,old
266,8.002904415130615,0.0312064876438017,PBPF,cracker_scene1,1,old
267,8.010243654251099,0.0308717701144772,PBPF,cracker_scene1,1,old
268,8.016978740692139,0.0308717701144772,PBPF,cracker_scene1,1,old
269,8.024040699005127,0.0309296376542801,PBPF,cracker_scene1,1,old
270,8.03191065788269,0.0308506086877787,PBPF,cracker_scene1,1,old
271,8.038879156112671,0.0308506086877787,PBPF,cracker_scene1,1,old
272,8.046258687973022,0.0308506086877787,PBPF,cracker_scene1,1,old
273,8.053678512573242,0.0308506086877787,PBPF,cracker_scene1,1,old
274,8.06092119216919,0.0308506086877787,PBPF,cracker_scene1,1,old
275,8.06942343711853,0.0308506086877787,PBPF,cracker_scene1,1,old
276,8.077394485473633,0.0308506086877787,PBPF,cracker_scene1,1,old
277,8.084755659103394,0.0308013657953667,PBPF,cracker_scene1,1,old
278,8.092113018035889,0.0303850843119321,PBPF,cracker_scene1,1,old
279,8.10118556022644,0.0302185675248281,PBPF,cracker_scene1,1,old
280,8.108321189880371,0.0301993088504585,PBPF,cracker_scene1,1,old
281,8.115356683731079,0.0294246883918385,PBPF,cracker_scene1,1,old
282,8.121697902679443,0.0294246883918385,PBPF,cracker_scene1,1,old
283,8.127732276916504,0.0294246883918385,PBPF,cracker_scene1,1,old
284,8.134170532226562,0.0292782581040645,PBPF,cracker_scene1,1,old
285,8.140812635421753,0.0292300544330798,PBPF,cracker_scene1,1,old
286,8.14736008644104,0.0290675077386524,PBPF,cracker_scene1,1,old
287,8.153695106506348,0.0289802040576935,PBPF,cracker_scene1,1,old
288,8.161659240722656,0.0288940511110846,PBPF,cracker_scene1,1,old
289,8.169216632843018,0.0288875227380605,PBPF,cracker_scene1,1,old
290,8.176299333572388,0.0288704015637146,PBPF,cracker_scene1,1,old
291,8.18508791923523,0.0288750984619937,PBPF,cracker_scene1,1,old
292,8.191359996795654,0.0287266355408907,PBPF,cracker_scene1,1,old
293,8.197519302368164,0.0287273971475796,PBPF,cracker_scene1,1,old
294,8.203317165374756,0.0286530774846668,PBPF,cracker_scene1,1,old
295,8.20891547203064,0.028746108687923,PBPF,cracker_scene1,1,old
296,8.214478254318237,0.028746108687923,PBPF,cracker_scene1,1,old
297,8.220031261444092,0.028746108687923,PBPF,cracker_scene1,1,old
298,8.22719693183899,0.0287168528897486,PBPF,cracker_scene1,1,old
299,8.233734130859375,0.0286821413544879,PBPF,cracker_scene1,1,old
300,8.239398717880249,0.0286509190738507,PBPF,cracker_scene1,1,old
301,8.245186805725098,0.0285193544940826,PBPF,cracker_scene1,1,old
302,8.250677824020386,0.0285193544940826,PBPF,cracker_scene1,1,old
303,8.256263256072998,0.0286235439924382,PBPF,cracker_scene1,1,old
304,8.261593103408813,0.0285904104921736,PBPF,cracker_scene1,1,old
305,8.267571449279785,0.0307316127761024,PBPF,cracker_scene1,1,old
306,8.272998809814453,0.0307316127761024,PBPF,cracker_scene1,1,old
307,8.27831220626831,0.0306056205495822,PBPF,cracker_scene1,1,old
308,8.28415060043335,0.03051728498716,PBPF,cracker_scene1,1,old
309,8.289479970932007,0.03051728498716,PBPF,cracker_scene1,1,old
310,8.296120643615723,0.0303125843065093,PBPF,cracker_scene1,1,old
311,8.30377721786499,0.0302991349540213,PBPF,cracker_scene1,1,old
312,8.310256242752075,0.0302991349540213,PBPF,cracker_scene1,1,old
313,8.316091299057007,0.0302751897702389,PBPF,cracker_scene1,1,old
314,8.322527170181274,0.0302150463144487,PBPF,cracker_scene1,1,old
315,8.326966285705566,0.0301178379090399,PBPF,cracker_scene1,1,old
316,8.331294775009155,0.0301178379090399,PBPF,cracker_scene1,1,old
317,8.336026430130005,0.0300863460545346,PBPF,cracker_scene1,1,old
318,8.340792417526245,0.0299805710362726,PBPF,cracker_scene1,1,old
319,8.345798015594482,0.0299837559512255,PBPF,cracker_scene1,1,old
320,8.350549459457397,0.0299837559512255,PBPF,cracker_scene1,1,old
321,8.355278491973877,0.029922061680639,PBPF,cracker_scene1,1,old
322,8.359785318374634,0.029922061680639,PBPF,cracker_scene1,1,old
323,8.365597009658813,0.0297635408807612,PBPF,cracker_scene1,1,old
324,8.370433330535889,0.0297834041981549,PBPF,cracker_scene1,1,old
325,8.375315189361572,0.0297834041981549,PBPF,cracker_scene1,1,old
326,8.380226850509644,0.0297335704032829,PBPF,cracker_scene1,1,old
327,8.385027170181274,0.0297335704032829,PBPF,cracker_scene1,1,old
328,8.390218019485474,0.0295914866522996,PBPF,cracker_scene1,1,old
329,8.39509654045105,0.0295933300414282,PBPF,cracker_scene1,1,old
330,8.400318145751953,0.0295344248469724,PBPF,cracker_scene1,1,old
331,8.405983924865723,0.0295471693988089,PBPF,cracker_scene1,1,old
332,8.410634756088257,0.0295471693988089,PBPF,cracker_scene1,1,old
333,8.415648698806763,0.029505382883934,PBPF,cracker_scene1,1,old
334,8.420690774917603,0.0294431100053051,PBPF,cracker_scene1,1,old
335,8.425927877426147,0.0293799353709286,PBPF,cracker_scene1,1,old
336,8.431095123291016,0.030348287587179,PBPF,cracker_scene1,1,old
337,8.436000108718872,0.0302940212226205,PBPF,cracker_scene1,1,old
338,8.440669059753418,0.0302489973755486,PBPF,cracker_scene1,1,old
339,8.445109128952026,0.0301854382094765,PBPF,cracker_scene1,1,old
340,8.449501991271973,0.030193074700994,PBPF,cracker_scene1,1,old
341,8.454159259796143,0.030193074700994,PBPF,cracker_scene1,1,old
342,8.458924293518066,0.0301431296180561,PBPF,cracker_scene1,1,old
343,8.463494777679443,0.0301431296180561,PBPF,cracker_scene1,1,old
344,8.468079805374146,0.0300666864655131,PBPF,cracker_scene1,1,old
345,8.472551345825195,0.0301221597805315,PBPF,cracker_scene1,1,old
346,8.477152109146118,0.0300863846603,PBPF,cracker_scene1,1,old
347,8.481688499450684,0.0300818128977299,PBPF,cracker_scene1,1,old
348,8.48619031906128,0.0300324924710218,PBPF,cracker_scene1,1,old
349,8.490526676177979,0.0300052593398655,PBPF,cracker_scene1,1,old
350,8.495068311691284,0.0299994281826443,PBPF,cracker_scene1,1,old
351,8.49966311454773,0.0299592339536684,PBPF,cracker_scene1,1,old
352,8.503867387771606,0.0299592339536684,PBPF,cracker_scene1,1,old
353,8.508064270019531,0.0299592339536684,PBPF,cracker_scene1,1,old
354,8.512446403503418,0.029968904572337,PBPF,cracker_scene1,1,old
355,8.51675534248352,0.029968904572337,PBPF,cracker_scene1,1,old
356,8.52146601676941,0.0298699622091214,PBPF,cracker_scene1,1,old
357,8.525647640228271,0.0298699622091214,PBPF,cracker_scene1,1,old
358,8.53007698059082,0.0298699622091214,PBPF,cracker_scene1,1,old
359,8.534247159957886,0.0298664831639509,PBPF,cracker_scene1,1,old
360,8.538285970687866,0.0298664831639509,PBPF,cracker_scene1,1,old
361,8.542415380477905,0.0298117034999546,PBPF,cracker_scene1,1,old
362,8.546671390533447,0.0297750417687472,PBPF,cracker_scene1,1,old
363,8.550811767578125,0.0297750417687472,PBPF,cracker_scene1,1,old
364,8.555436134338379,0.0297061255865134,PBPF,cracker_scene1,1,old
365,8.559938430786133,0.0296802418755527,PBPF,cracker_scene1,1,old
366,8.564395427703857,0.0297401528091095,PBPF,cracker_scene1,1,old
367,8.56866192817688,0.0297182485878654,PBPF,cracker_scene1,1,old
368,8.572861194610596,0.0297182485878654,PBPF,cracker_scene1,1,old
369,8.57715630531311,0.0296524976666913,PBPF,cracker_scene1,1,old
370,8.581676959991455,0.0290264890492362,PBPF,cracker_scene1,1,old
371,8.586042404174805,0.0290037930222083,PBPF,cracker_scene1,1,old
372,8.590214967727661,0.0290037930222083,PBPF,cracker_scene1,1,old
373,8.594625234603882,0.0290065659747224,PBPF,cracker_scene1,1,old
374,8.598809480667114,0.0290065659747224,PBPF,cracker_scene1,1,old
375,8.602962017059326,0.0290065659747224,PBPF,cracker_scene1,1,old
376,8.608158111572266,0.0289366530782597,PBPF,cracker_scene1,1,old
377,8.612714052200317,0.0289366530782597,PBPF,cracker_scene1,1,old
378,8.61707615852356,0.028898361274583,PBPF,cracker_scene1,1,old
379,8.621506929397583,0.028898361274583,PBPF,cracker_scene1,1,old
380,8.625930070877075,0.028891460332251,PBPF,cracker_scene1,1,old
381,8.630252361297607,0.028891460332251,PBPF,cracker_scene1,1,old
382,8.634597063064575,0.0288930823119639,PBPF,cracker_scene1,1,old
383,8.63888430595398,0.0288930823119639,PBPF,cracker_scene1,1,old
384,8.643537282943726,0.0288903987701491,PBPF,cracker_scene1,1,old
385,8.647984981536865,0.0288832988738141,PBPF,cracker_scene1,1,old
386,8.6524076461792,0.028839704925445,PBPF,cracker_scene1,1,old
387,8.656784534454346,0.028839704925445,PBPF,cracker_scene1,1,old
388,8.660826206207275,0.028839704925445,PBPF,cracker_scene1,1,old
389,8.665074348449707,0.028839704925445,PBPF,cracker_scene1,1,old
390,8.669742584228516,0.028880390775017,PBPF,cracker_scene1,1,old
391,8.674744606018066,0.028880390775017,PBPF,cracker_scene1,1,old
392,8.679142475128174,0.0288837210903775,PBPF,cracker_scene1,1,old
393,8.683565378189087,0.0288837210903775,PBPF,cracker_scene1,1,old
394,8.68832778930664,0.0288920466240326,PBPF,cracker_scene1,1,old
395,8.692919969558716,0.0288832343630955,PBPF,cracker_scene1,1,old
396,8.698031425476074,0.0288689505975868,PBPF,cracker_scene1,1,old
397,8.70510745048523,0.0288604331533078,PBPF,cracker_scene1,1,old
398,8.711994647979736,0.0288604331533078,PBPF,cracker_scene1,1,old
399,8.71925687789917,0.0288368083067433,PBPF,cracker_scene1,1,old
400,8.726246356964111,0.0288154384601208,PBPF,cracker_scene1,1,old
401,8.733485460281372,0.028848309054558,PBPF,cracker_scene1,1,old
402,8.739668607711792,0.0288540197034001,PBPF,cracker_scene1,1,old
403,8.747719287872314,0.0288467250943274,PBPF,cracker_scene1,1,old
404,8.766436100006104,0.0288535674176349,PBPF,cracker_scene1,1,old
405,8.77329397201538,0.0288474337637591,PBPF,cracker_scene1,1,old
406,8.779957294464111,0.0288665264727399,PBPF,cracker_scene1,1,old
407,8.786254644393921,0.0288665264727399,PBPF,cracker_scene1,1,old
408,8.792201280593872,0.0288268114250973,PBPF,cracker_scene1,1,old
409,8.798137664794922,0.0288140703930348,PBPF,cracker_scene1,1,old
410,8.804450750350952,0.0288326751006289,PBPF,cracker_scene1,1,old
411,8.810283899307251,0.0288326751006289,PBPF,cracker_scene1,1,old
412,8.816498517990112,0.0288388933048026,PBPF,cracker_scene1,1,old
413,8.822596549987793,0.0288388933048026,PBPF,cracker_scene1,1,old
414,8.829288721084595,0.0288159277618627,PBPF,cracker_scene1,1,old
415,8.836475610733032,0.0288504616439413,PBPF,cracker_scene1,1,old
416,8.843629121780396,0.0288535729594983,PBPF,cracker_scene1,1,old
417,8.850945234298706,0.0288535729594983,PBPF,cracker_scene1,1,old
418,8.858156442642212,0.0288140626551474,PBPF,cracker_scene1,1,old
419,8.865103721618652,0.0288166412994542,PBPF,cracker_scene1,1,old
420,8.872232913970947,0.0288434718300526,PBPF,cracker_scene1,1,old
421,8.879104375839233,0.0288602438259008,PBPF,cracker_scene1,1,old
422,8.886208057403564,0.0288589836524913,PBPF,cracker_scene1,1,old
423,8.89210820198059,0.0288409654664903,PBPF,cracker_scene1,1,old
424,8.898536443710327,0.0288136671868228,PBPF,cracker_scene1,1,old
425,8.904570579528809,0.0288136671868228,PBPF,cracker_scene1,1,old
426,8.910675048828125,0.0288666100260264,PBPF,cracker_scene1,1,old
427,8.916659355163574,0.0288666100260264,PBPF,cracker_scene1,1,old
428,8.92272424697876,0.0288121025399,PBPF,cracker_scene1,1,old
429,8.928808212280273,0.0288408523108552,PBPF,cracker_scene1,1,old
430,8.934669017791748,0.0288408523108552,PBPF,cracker_scene1,1,old
431,8.940828800201416,0.0288030384639965,PBPF,cracker_scene1,1,old
432,8.947481870651245,0.0288177985559883,PBPF,cracker_scene1,1,old
433,8.95362639427185,0.0288415088192101,PBPF,cracker_scene1,1,old
434,8.95944619178772,0.028859161311355,PBPF,cracker_scene1,1,old
435,8.966276168823242,0.0288100110145562,PBPF,cracker_scene1,1,old
436,8.972581624984741,0.028811437853767,PBPF,cracker_scene1,1,old
437,8.978830099105835,0.0288064511778959,PBPF,cracker_scene1,1,old
438,8.985008001327515,0.0288358294398271,PBPF,cracker_scene1,1,old
439,8.991250991821289,0.0288056902537042,PBPF,cracker_scene1,1,old
440,8.997345209121704,0.0288056902537042,PBPF,cracker_scene1,1,old
441,9.003405094146729,0.0288116978691752,PBPF,cracker_scene1,1,old
442,9.009472846984863,0.0288403907554201,PBPF,cracker_scene1,1,old
443,9.015340566635132,0.0288403907554201,PBPF,cracker_scene1,1,old
444,9.021488904953005,0.0288315330680391,PBPF,cracker_scene1,1,old
445,9.027899265289308,0.0288411431114242,PBPF,cracker_scene1,1,old
446,9.034228801727297,0.0288411431114242,PBPF,cracker_scene1,1,old
447,9.040067434310911,0.0288545507897754,PBPF,cracker_scene1,1,old
448,9.045987129211426,0.0288092107000021,PBPF,cracker_scene1,1,old
449,9.051836729049684,0.0288395940091682,PBPF,cracker_scene1,1,old
450,9.057571649551392,0.0288395940091682,PBPF,cracker_scene1,1,old
451,9.064146757125854,0.028802905573802,PBPF,cracker_scene1,1,old
452,9.075565576553345,0.0288494681573067,PBPF,cracker_scene1,1,old
453,9.082740306854248,0.0288163954909508,PBPF,cracker_scene1,1,old
454,9.089070320129396,0.0288163954909508,PBPF,cracker_scene1,1,old
455,9.095382690429688,0.0288013671384499,PBPF,cracker_scene1,1,old
456,9.101919412612917,0.0288490181650789,PBPF,cracker_scene1,1,old
457,9.108096361160278,0.0288600551867561,PBPF,cracker_scene1,1,old
458,9.114122152328491,0.0288600551867561,PBPF,cracker_scene1,1,old
459,9.12049150466919,0.0288802391921122,PBPF,cracker_scene1,1,old
460,9.12656855583191,0.028901935581852,PBPF,cracker_scene1,1,old
461,9.132549524307253,0.028901935581852,PBPF,cracker_scene1,1,old
462,9.138830661773682,0.0289079309240854,PBPF,cracker_scene1,1,old
463,9.145012140274048,0.0289150360949018,PBPF,cracker_scene1,1,old
464,9.150977373123167,0.0289291233612799,PBPF,cracker_scene1,1,old
465,9.157360076904297,0.0289331564712505,PBPF,cracker_scene1,1,old
466,9.163238048553469,0.0289331564712505,PBPF,cracker_scene1,1,old
467,9.174112796783447,0.0288777702073695,PBPF,cracker_scene1,1,old
468,9.185117483139038,0.0288322428258038,PBPF,cracker_scene1,1,old
469,9.196256160736084,0.0287517542387349,PBPF,cracker_scene1,1,old
470,9.206756114959717,0.028715511527085,PBPF,cracker_scene1,1,old
471,9.232604026794434,0.0286393806033221,PBPF,cracker_scene1,1,old
472,9.24731969833374,0.0285703118857251,PBPF,cracker_scene1,1,old
473,9.265974521636965,0.0303093284131053,PBPF,cracker_scene1,1,old
474,9.273763179779053,0.030260298564459,PBPF,cracker_scene1,1,old
475,9.279873132705688,0.030260298564459,PBPF,cracker_scene1,1,old
476,9.293030977249146,0.030119907171181,PBPF,cracker_scene1,1,old
477,9.306605815887451,0.03011074249416,PBPF,cracker_scene1,1,old
478,9.326508045196531,0.0300926698847648,PBPF,cracker_scene1,1,old
479,9.372551441192629,0.0299793318789724,PBPF,cracker_scene1,1,old
480,9.40766668319702,0.0298923715653652,PBPF,cracker_scene1,1,old
481,9.479557037353516,0.0298278363271119,PBPF,cracker_scene1,1,old
482,9.509600400924684,0.0298278363271119,PBPF,cracker_scene1,1,old
483,9.535574913024902,0.0298278363271119,PBPF,cracker_scene1,1,old
484,9.568861246109009,0.0318988224829753,PBPF,cracker_scene1,1,old
485,9.595548629760742,0.0318988224829753,PBPF,cracker_scene1,1,old
486,9.643866539001465,0.0318988224829753,PBPF,cracker_scene1,1,old
487,9.66363763809204,0.0318988224829753,PBPF,cracker_scene1,1,old
488,9.675786972045898,0.0318988224829753,PBPF,cracker_scene1,1,old
489,9.687520503997805,0.0318988224829753,PBPF,cracker_scene1,1,old
490,9.715662002563477,0.0315034110815959,PBPF,cracker_scene1,1,old
491,9.723896980285645,0.0315034110815959,PBPF,cracker_scene1,1,old
492,9.73306655883789,0.0315034110815959,PBPF,cracker_scene1,1,old
493,9.747982740402222,0.0315034110815959,PBPF,cracker_scene1,1,old
494,9.764647483825684,0.0315034110815959,PBPF,cracker_scene1,1,old
495,9.807854890823364,0.0315034110815959,PBPF,cracker_scene1,1,old
496,9.85571026802063,0.0314947897755678,PBPF,cracker_scene1,1,old
497,9.86711573600769,0.0314947897755678,PBPF,cracker_scene1,1,old
498,9.887800455093384,0.0314947897755678,PBPF,cracker_scene1,1,old
499,9.931657314300535,0.0314947897755678,PBPF,cracker_scene1,1,old
500,9.951875686645508,0.0371215548230157,PBPF,cracker_scene1,1,old
501,9.979581832885742,0.0371215548230157,PBPF,cracker_scene1,1,old
502,10.004499197006226,0.0431504833825042,PBPF,cracker_scene1,1,old
503,10.019953727722168,0.0431504833825042,PBPF,cracker_scene1,1,old
504,10.030942916870115,0.0431504833825042,PBPF,cracker_scene1,1,old
505,10.045058250427246,0.0431504833825042,PBPF,cracker_scene1,1,old
506,10.06760311126709,0.0431504833825042,PBPF,cracker_scene1,1,old
507,10.09647822380066,0.0431504833825042,PBPF,cracker_scene1,1,old
508,10.111822128295898,0.0474094875767311,PBPF,cracker_scene1,1,old
509,10.122085571289062,0.0474094875767311,PBPF,cracker_scene1,1,old
510,10.133880376815796,0.0474094875767311,PBPF,cracker_scene1,1,old
511,10.152766466140749,0.0474094875767311,PBPF,cracker_scene1,1,old
512,10.163805961608888,0.0474094875767311,PBPF,cracker_scene1,1,old
513,10.18075394630432,0.0474094875767311,PBPF,cracker_scene1,1,old
514,10.210522413253784,0.0474094875767311,PBPF,cracker_scene1,1,old
515,10.23180651664734,0.1019532336606301,PBPF,cracker_scene1,1,old
516,10.244154453277588,0.1019532336606301,PBPF,cracker_scene1,1,old
517,10.272523403167725,0.1019532336606301,PBPF,cracker_scene1,1,old
518,10.324158668518066,0.1024781678527007,PBPF,cracker_scene1,1,old
519,10.347888946533203,0.102460826980107,PBPF,cracker_scene1,1,old
520,10.3817880153656,0.1022129734154878,PBPF,cracker_scene1,1,old
521,10.417114973068236,0.1022062750276459,PBPF,cracker_scene1,1,old
522,10.45964765548706,0.1022062750276459,PBPF,cracker_scene1,1,old
523,10.563840389251707,0.1138529456436627,PBPF,cracker_scene1,1,old
524,10.65970230102539,0.1571329952022232,PBPF,cracker_scene1,1,old
525,10.71965789794922,0.1566612513756244,PBPF,cracker_scene1,1,old
526,10.74768328666687,0.1563485846389162,PBPF,cracker_scene1,1,old
527,10.758727312088013,0.1559795244858981,PBPF,cracker_scene1,1,old
528,10.789034366607666,0.155375623999678,PBPF,cracker_scene1,1,old
529,10.840442180633543,0.1550580207129949,PBPF,cracker_scene1,1,old
530,10.867042779922484,0.154148348170294,PBPF,cracker_scene1,1,old
531,10.917875528335571,0.153412788948989,PBPF,cracker_scene1,1,old
532,10.959654331207275,0.1529644161003856,PBPF,cracker_scene1,1,old
533,11.01995062828064,0.1516842024682017,PBPF,cracker_scene1,1,old
534,11.035648345947266,0.1515614817050679,PBPF,cracker_scene1,1,old
535,11.066643953323364,0.1511494262742144,PBPF,cracker_scene1,1,old
536,11.109071969985962,0.1503708460003091,PBPF,cracker_scene1,1,old
537,11.13574743270874,0.1501884538158027,PBPF,cracker_scene1,1,old
538,11.142054557800291,0.1498051510274038,PBPF,cracker_scene1,1,old
539,11.184277057647703,0.1491157225374898,PBPF,cracker_scene1,1,old
540,11.307574272155762,0.1475292974022664,PBPF,cracker_scene1,1,old
541,11.351378679275513,0.1469517898474004,PBPF,cracker_scene1,1,old
542,11.41177749633789,0.1460265825401761,PBPF,cracker_scene1,1,old
543,11.512958765029907,0.1759224624931153,PBPF,cracker_scene1,1,old
544,11.532383680343628,0.1747018410236286,PBPF,cracker_scene1,1,old
545,11.5437970161438,0.1747018410236286,PBPF,cracker_scene1,1,old
546,11.58974027633667,0.17362765834947,PBPF,cracker_scene1,1,old
547,11.61619520187378,0.1731823570068563,PBPF,cracker_scene1,1,old
548,11.647669553756714,0.1731823570068563,PBPF,cracker_scene1,1,old
549,11.691705703735352,0.1720926306681631,PBPF,cracker_scene1,1,old
550,11.71981716156006,0.1720926306681631,PBPF,cracker_scene1,1,old
551,11.730247259140016,0.171264919391681,PBPF,cracker_scene1,1,old
552,11.8078191280365,0.1700041427196157,PBPF,cracker_scene1,1,old
553,11.846586227416992,0.1692230949498631,PBPF,cracker_scene1,1,old
554,11.874242067337036,0.1691613055398131,PBPF,cracker_scene1,1,old
555,11.93613862991333,0.1691613055398131,PBPF,cracker_scene1,1,old
556,11.96989107131958,0.2054141109120416,PBPF,cracker_scene1,1,old
557,11.988158702850342,0.2041820574748765,PBPF,cracker_scene1,1,old
558,11.994940519332886,0.2041820574748765,PBPF,cracker_scene1,1,old
559,12.057479858398438,0.2032016425057512,PBPF,cracker_scene1,1,old
560,12.09556484222412,0.2029076998457651,PBPF,cracker_scene1,1,old
561,12.122498989105225,0.2012579932977857,PBPF,cracker_scene1,1,old
562,12.148943424224854,0.2005422357760321,PBPF,cracker_scene1,1,old
563,12.231830596923828,0.1996963877383772,PBPF,cracker_scene1,1,old
564,12.26320767402649,0.1979239925095557,PBPF,cracker_scene1,1,old
565,12.292431116104126,0.1979239925095557,PBPF,cracker_scene1,1,old
566,12.339893341064451,0.1970640878419276,PBPF,cracker_scene1,1,old
567,12.350523471832275,0.1964716795962618,PBPF,cracker_scene1,1,old
568,12.367416858673096,0.1964716795962618,PBPF,cracker_scene1,1,old
569,12.43857455253601,0.1956075093360765,PBPF,cracker_scene1,1,old
570,12.484055042266846,0.195684983344249,PBPF,cracker_scene1,1,old
571,12.516340255737305,0.1955138398834843,PBPF,cracker_scene1,1,old
572,12.531468868255615,0.1954752164148088,PBPF,cracker_scene1,1,old
573,12.58130931854248,0.1952854108752278,PBPF,cracker_scene1,1,old
574,12.624825716018677,0.1954379702464317,PBPF,cracker_scene1,1,old
575,12.635952472686768,0.1954379702464317,PBPF,cracker_scene1,1,old
576,12.649348020553589,0.1953727687280872,PBPF,cracker_scene1,1,old
577,12.65993881225586,0.1953642093665095,PBPF,cracker_scene1,1,old
578,12.672979831695557,0.1952938579923638,PBPF,cracker_scene1,1,old
579,12.708191871643066,0.1954982267456429,PBPF,cracker_scene1,1,old
580,12.721230506896973,0.1955219505702795,PBPF,cracker_scene1,1,old
581,12.738332748413086,0.195517178362484,PBPF,cracker_scene1,1,old
582,12.795395612716677,0.195423438220992,PBPF,cracker_scene1,1,old
583,12.836204051971436,0.1954587899309463,PBPF,cracker_scene1,1,old
584,12.845556020736694,0.1953018701650054,PBPF,cracker_scene1,1,old
585,12.858622550964355,0.1954888051742013,PBPF,cracker_scene1,1,old
586,12.87912392616272,0.1954906129253273,PBPF,cracker_scene1,1,old
587,12.955483675003052,0.1954266715955501,PBPF,cracker_scene1,1,old
588,13.012267112731934,0.1949806211893262,PBPF,cracker_scene1,1,old
589,13.029343366622925,0.1949036232723507,PBPF,cracker_scene1,1,old
590,13.071835279464722,0.1946949802499942,PBPF,cracker_scene1,1,old
591,13.08126187324524,0.1943835761131306,PBPF,cracker_scene1,1,old
592,13.111114501953123,0.1943835761131306,PBPF,cracker_scene1,1,old
593,13.1277813911438,0.1939610628961753,PBPF,cracker_scene1,1,old
594,13.171022653579712,0.1934377177585135,PBPF,cracker_scene1,1,old
595,13.192431688308716,0.1936212518266615,PBPF,cracker_scene1,1,old
596,13.229382514953612,0.1926986641552889,PBPF,cracker_scene1,1,old
597,13.296762466430664,0.1920073907872545,PBPF,cracker_scene1,1,old
598,13.31132674217224,0.1918190980661176,PBPF,cracker_scene1,1,old
599,13.35385012626648,0.1915042884149299,PBPF,cracker_scene1,1,old
600,13.390464782714844,0.1912595100945743,PBPF,cracker_scene1,1,old
601,13.405417203903198,0.1911313928280635,PBPF,cracker_scene1,1,old
602,13.425777196884155,0.1908532832755551,PBPF,cracker_scene1,1,old
603,13.443751096725464,0.1908639017110749,PBPF,cracker_scene1,1,old
604,13.45673155784607,0.1908560601036366,PBPF,cracker_scene1,1,old
605,13.47598147392273,0.1908560601036366,PBPF,cracker_scene1,1,old
606,13.48866891860962,0.1908662566498865,PBPF,cracker_scene1,1,old
607,13.51430058479309,0.1899916493111988,PBPF,cracker_scene1,1,old
608,13.544926404953005,0.1895746117834154,PBPF,cracker_scene1,1,old
609,13.55245327949524,0.1895746117834154,PBPF,cracker_scene1,1,old
610,13.612722873687744,0.1893733955340559,PBPF,cracker_scene1,1,old
611,13.652005434036257,0.189112587419969,PBPF,cracker_scene1,1,old
612,13.672423124313354,0.1891198054564524,PBPF,cracker_scene1,1,old
613,13.705240964889526,0.1889814079394566,PBPF,cracker_scene1,1,old
614,13.781173467636108,0.1886383443957608,PBPF,cracker_scene1,1,old
615,13.796778202056885,0.1886383443957608,PBPF,cracker_scene1,1,old
616,13.810402631759644,0.1886383443957608,PBPF,cracker_scene1,1,old
617,13.827889919281006,0.1886383443957608,PBPF,cracker_scene1,1,old
618,13.845011234283447,0.1887345486394825,PBPF,cracker_scene1,1,old
619,13.892236948013306,0.1876528709575394,PBPF,cracker_scene1,1,old
620,13.918378353118896,0.1874543907052319,PBPF,cracker_scene1,1,old
621,13.95196270942688,0.1872764343830887,PBPF,cracker_scene1,1,old
622,13.969422578811646,0.1872764343830887,PBPF,cracker_scene1,1,old
623,13.980197668075562,0.1873251163898008,PBPF,cracker_scene1,1,old
624,14.001642942428589,0.1872776393009,PBPF,cracker_scene1,1,old
625,14.043795824050903,0.1868484572335882,PBPF,cracker_scene1,1,old
626,14.05501627922058,0.1868484572335882,PBPF,cracker_scene1,1,old
627,14.067056894302368,0.1868484572335882,PBPF,cracker_scene1,1,old
628,14.074156045913696,0.1868484572335882,PBPF,cracker_scene1,1,old
629,14.115183353424072,0.1868484572335882,PBPF,cracker_scene1,1,old
630,14.152463912963867,0.18614304425054,PBPF,cracker_scene1,1,old
631,14.21201229095459,0.1858106110167731,PBPF,cracker_scene1,1,old
632,14.246901512145996,0.1857664965386039,PBPF,cracker_scene1,1,old
633,14.268510818481444,0.1856784022133362,PBPF,cracker_scene1,1,old
634,14.279683589935305,0.1856784022133362,PBPF,cracker_scene1,1,old
635,14.285924434661863,0.1856784022133362,PBPF,cracker_scene1,1,old
636,14.36344027519226,0.1851407115373196,PBPF,cracker_scene1,1,old
637,14.387762069702148,0.1852008449499095,PBPF,cracker_scene1,1,old
638,14.451733827590942,0.1850581775399939,PBPF,cracker_scene1,1,old
639,14.487762212753296,0.1844490037215989,PBPF,cracker_scene1,1,old
640,14.527799129486084,0.1844325021975133,PBPF,cracker_scene1,1,old
641,14.561983585357666,0.1842159120950939,PBPF,cracker_scene1,1,old
642,14.585166931152344,0.1841931144597219,PBPF,cracker_scene1,1,old
643,14.599870920181274,0.1839992727686374,PBPF,cracker_scene1,1,old
644,14.612677812576294,0.1839295984782243,PBPF,cracker_scene1,1,old
645,14.627901315689089,0.1839295984782243,PBPF,cracker_scene1,1,old
646,14.634560346603394,0.1838187048179309,PBPF,cracker_scene1,1,old
647,14.650768756866457,0.1838917825601419,PBPF,cracker_scene1,1,old
648,14.664203405380247,0.1838917825601419,PBPF,cracker_scene1,1,old
649,14.747692823410034,0.1834968170290971,PBPF,cracker_scene1,1,old
650,14.761231899261476,0.1834198380313953,PBPF,cracker_scene1,1,old
651,14.79832887649536,0.1832060750522172,PBPF,cracker_scene1,1,old
652,14.83471655845642,0.1833247263829325,PBPF,cracker_scene1,1,old
653,14.841671466827393,0.1833247263829325,PBPF,cracker_scene1,1,old
654,14.92366361618042,0.1828725529744285,PBPF,cracker_scene1,1,old
655,14.951954364776611,0.1828773365824592,PBPF,cracker_scene1,1,old
656,15.02773404121399,0.1825043473934459,PBPF,cracker_scene1,1,old
657,15.065141916275024,0.1823660107068901,PBPF,cracker_scene1,1,old
658,15.195299625396729,0.1817750393284294,PBPF,cracker_scene1,1,old
659,15.22403049468994,0.1818182264081176,PBPF,cracker_scene1,1,old
660,15.26323628425598,0.1816687022823142,PBPF,cracker_scene1,1,old
661,15.3070387840271,0.1813331648710804,PBPF,cracker_scene1,1,old
662,15.356851816177368,0.1813551954635597,PBPF,cracker_scene1,1,old
663,15.419811010360718,0.1811836005907328,PBPF,cracker_scene1,1,old
664,15.42771601676941,0.1810601873844484,PBPF,cracker_scene1,1,old
665,15.452364921569824,0.1809178658210163,PBPF,cracker_scene1,1,old
666,15.483975887298584,0.1809178658210163,PBPF,cracker_scene1,1,old
667,15.525822162628174,0.1806151220192803,PBPF,cracker_scene1,1,old
668,15.54829740524292,0.1806648591231839,PBPF,cracker_scene1,1,old
669,15.603946685791016,0.1870606780949461,PBPF,cracker_scene1,1,old
670,15.641916751861572,0.1866851653186478,PBPF,cracker_scene1,1,old
671,15.685461521148682,0.1867631215097767,PBPF,cracker_scene1,1,old
672,15.706639528274536,0.1866249638199782,PBPF,cracker_scene1,1,old
673,15.737465620040894,0.1866249638199782,PBPF,cracker_scene1,1,old
674,15.748712301254272,0.1866249638199782,PBPF,cracker_scene1,1,old
675,15.765316247940063,0.1864849142925801,PBPF,cracker_scene1,1,old
676,15.788471221923828,0.1863890043384775,PBPF,cracker_scene1,1,old
677,15.81795358657837,0.1723358313322316,PBPF,cracker_scene1,1,old
678,15.842758417129517,0.1723359075872322,PBPF,cracker_scene1,1,old
679,15.86328935623169,0.1722454479040903,PBPF,cracker_scene1,1,old
680,15.889312982559204,0.1723137477384337,PBPF,cracker_scene1,1,old
681,15.906835556030272,0.1721207124597409,PBPF,cracker_scene1,1,old
682,15.917279958724976,0.1721018531532248,PBPF,cracker_scene1,1,old
683,15.92798662185669,0.1721335351096382,PBPF,cracker_scene1,1,old
684,15.934622764587402,0.1721445364391231,PBPF,cracker_scene1,1,old
685,16.032821655273438,0.1732243734514512,PBPF,cracker_scene1,1,old
686,16.053638458251953,0.1731577039791337,PBPF,cracker_scene1,1,old
687,16.063895225524902,0.1730777879237902,PBPF,cracker_scene1,1,old
688,16.07599377632141,0.1730306059190692,PBPF,cracker_scene1,1,old
689,16.0851891040802,0.1730228887366648,PBPF,cracker_scene1,1,old
690,16.116055965423584,0.1729295197504831,PBPF,cracker_scene1,1,old
691,16.14478874206543,0.1830548280468441,PBPF,cracker_scene1,1,old
692,16.165998220443726,0.1829872275497969,PBPF,cracker_scene1,1,old
693,16.192641973495483,0.1829546075430304,PBPF,cracker_scene1,1,old
694,16.20809531211853,0.1829270318002307,PBPF,cracker_scene1,1,old
695,16.25550866127014,0.1829021106042672,PBPF,cracker_scene1,1,old
696,16.275137186050415,0.1828567258379254,PBPF,cracker_scene1,1,old
697,16.285550355911255,0.1829160217378128,PBPF,cracker_scene1,1,old
698,16.29679846763611,0.1829387924047195,PBPF,cracker_scene1,1,old
699,16.3497371673584,0.1838932634424871,PBPF,cracker_scene1,1,old
700,16.36971616744995,0.1837936597636478,PBPF,cracker_scene1,1,old
701,16.401283740997314,0.1838449673830068,PBPF,cracker_scene1,1,old
702,16.413288116455078,0.1838817245095934,PBPF,cracker_scene1,1,old
703,16.45213556289673,0.1837766992487144,PBPF,cracker_scene1,1,old
704,16.471978664398193,0.1838562041471175,PBPF,cracker_scene1,1,old
705,16.525996685028076,0.1838814801515106,PBPF,cracker_scene1,1,old
706,16.547261476516724,0.1838225208816907,PBPF,cracker_scene1,1,old
707,16.55864691734314,0.1838225208816907,PBPF,cracker_scene1,1,old
708,16.582486391067505,0.1837959688716214,PBPF,cracker_scene1,1,old
709,16.601096391677856,0.1837959688716214,PBPF,cracker_scene1,1,old
710,16.61060404777527,0.1838002750272488,PBPF,cracker_scene1,1,old
711,16.621495485305786,0.1837900250766669,PBPF,cracker_scene1,1,old
712,16.63576078414917,0.1838006117285026,PBPF,cracker_scene1,1,old
713,16.648873329162598,0.1838006117285026,PBPF,cracker_scene1,1,old
714,16.671908855438232,0.1837983690518658,PBPF,cracker_scene1,1,old
715,16.682466745376587,0.1837984552434592,PBPF,cracker_scene1,1,old
716,16.694515705108643,0.1837914429684611,PBPF,cracker_scene1,1,old
717,16.70375108718872,0.1837884527591385,PBPF,cracker_scene1,1,old
718,16.717113733291626,0.1837884527591385,PBPF,cracker_scene1,1,old
719,16.726605892181396,0.1837829406416734,PBPF,cracker_scene1,1,old
720,16.74495220184326,0.1838927872005154,PBPF,cracker_scene1,1,old
721,16.759881734848022,0.1838927872005154,PBPF,cracker_scene1,1,old
722,16.78672742843628,0.1838927872005154,PBPF,cracker_scene1,1,old
723,16.83721423149109,0.1839024026284426,PBPF,cracker_scene1,1,old
724,16.844221591949463,0.1839024026284426,PBPF,cracker_scene1,1,old
725,16.90852427482605,0.1838837875815377,PBPF,cracker_scene1,1,old
726,16.951757192611694,0.1838101367238065,PBPF,cracker_scene1,1,old
727,16.959206342697144,0.1838101367238065,PBPF,cracker_scene1,1,old
728,16.98125171661377,0.1838101367238065,PBPF,cracker_scene1,1,old
729,16.988930463790894,0.1838101367238065,PBPF,cracker_scene1,1,old
730,17.027997970581055,0.1838000574762601,PBPF,cracker_scene1,1,old
731,17.0401132106781,0.1838000574762601,PBPF,cracker_scene1,1,old
732,17.071911096572876,0.1838000574762601,PBPF,cracker_scene1,1,old
733,17.09292960166931,0.1838964564580021,PBPF,cracker_scene1,1,old
734,17.11325216293335,0.1838091828347648,PBPF,cracker_scene1,1,old
735,17.12108564376831,0.1838023777365395,PBPF,cracker_scene1,1,old
736,17.133188247680664,0.1838052157283496,PBPF,cracker_scene1,1,old
737,17.144201278686523,0.1838790066720186,PBPF,cracker_scene1,1,old
738,17.156347036361694,0.1838790066720186,PBPF,cracker_scene1,1,old
739,17.164461851119995,0.1837985230390438,PBPF,cracker_scene1,1,old
740,17.171208143234253,0.1838936388012276,PBPF,cracker_scene1,1,old
741,17.178170204162598,0.1837956759684313,PBPF,cracker_scene1,1,old
742,17.1972336769104,0.1838971475899457,PBPF,cracker_scene1,1,old
743,17.20461678504944,0.1838019876450803,PBPF,cracker_scene1,1,old
744,17.21241569519043,0.1838091275452772,PBPF,cracker_scene1,1,old
745,17.21802592277527,0.1838091275452772,PBPF,cracker_scene1,1,old
746,17.24453115463257,0.1837813647272702,PBPF,cracker_scene1,1,old
747,17.250957012176514,0.1837904631763396,PBPF,cracker_scene1,1,old
748,17.259089708328247,0.1837904631763396,PBPF,cracker_scene1,1,old
749,17.27706265449524,0.1838697720567037,PBPF,cracker_scene1,1,old
750,17.28310227394104,0.1838594271102734,PBPF,cracker_scene1,1,old
751,17.300398588180542,0.1839233436990713,PBPF,cracker_scene1,1,old
752,17.30664300918579,0.1838944102110891,PBPF,cracker_scene1,1,old
753,17.323659420013428,0.1839114147907004,PBPF,cracker_scene1,1,old
754,17.358139276504517,0.1838633514925568,PBPF,cracker_scene1,1,old
755,17.372236490249634,0.1839005953253466,PBPF,cracker_scene1,1,old
756,17.413071393966675,0.1839074458189797,PBPF,cracker_scene1,1,old
757,17.43598771095276,0.1839220747515578,PBPF,cracker_scene1,1,old
758,17.483728885650635,0.183890166385575,PBPF,cracker_scene1,1,old
759,17.514939069747925,0.1838660706763186,PBPF,cracker_scene1,1,old
760,17.564504146575928,0.1837911466640485,PBPF,cracker_scene1,1,old
761,17.582706451416016,0.1838261554668722,PBPF,cracker_scene1,1,old
762,17.60092854499817,0.1838016273441873,PBPF,cracker_scene1,1,old
763,17.6239652633667,0.1838824684627763,PBPF,cracker_scene1,1,old
764,17.64424467086792,0.1838851003238261,PBPF,cracker_scene1,1,old
765,17.670875787734985,0.1837992280793867,PBPF,cracker_scene1,1,old
766,17.6952965259552,0.1839015517163577,PBPF,cracker_scene1,1,old
767,17.715391159057617,0.1838784877367321,PBPF,cracker_scene1,1,old
768,17.737099409103394,0.1837953199300115,PBPF,cracker_scene1,1,old
769,17.76508092880249,0.1838036437296198,PBPF,cracker_scene1,1,old
770,17.78076148033142,0.1839252262255563,PBPF,cracker_scene1,1,old
771,17.79919457435608,0.1838171064483008,PBPF,cracker_scene1,1,old
772,17.81462001800537,0.1839565838242574,PBPF,cracker_scene1,1,old
773,17.826380729675293,0.1839217497843057,PBPF,cracker_scene1,1,old
774,17.865594387054443,0.1838897893013126,PBPF,cracker_scene1,1,old
775,17.880863428115845,0.183884635110913,PBPF,cracker_scene1,1,old
776,17.907702684402466,0.1837892475740811,PBPF,cracker_scene1,1,old
777,17.918956995010376,0.1838714638150524,PBPF,cracker_scene1,1,old
778,17.96361017227173,0.1839010666657107,PBPF,cracker_scene1,1,old
779,17.97153401374817,0.1838941202892354,PBPF,cracker_scene1,1,old
780,17.978699445724487,0.1838941202892354,PBPF,cracker_scene1,1,old
781,17.9856595993042,0.1838941202892354,PBPF,cracker_scene1,1,old
782,18.022472858428955,0.1838695205903627,PBPF,cracker_scene1,1,old
783,18.041876077651978,0.1838991453846234,PBPF,cracker_scene1,1,old
784,18.065072298049927,0.1838023048577886,PBPF,cracker_scene1,1,old
785,18.07547950744629,0.1837979970574663,PBPF,cracker_scene1,1,old
786,18.09708070755005,0.1839364916734294,PBPF,cracker_scene1,1,old
787,18.128538608551025,0.1839163367106672,PBPF,cracker_scene1,1,old
788,18.13442373275757,0.1839163367106672,PBPF,cracker_scene1,1,old
789,18.14026260375977,0.1838064254275461,PBPF,cracker_scene1,1,old
790,18.145915269851685,0.1838064254275461,PBPF,cracker_scene1,1,old
791,18.151740074157715,0.1838064254275461,PBPF,cracker_scene1,1,old
792,18.162112712860107,0.1838064254275461,PBPF,cracker_scene1,1,old
793,18.17263150215149,0.1838064254275461,PBPF,cracker_scene1,1,old
794,18.17835545539856,0.1838064254275461,PBPF,cracker_scene1,1,old
795,18.1886944770813,0.1838064254275461,PBPF,cracker_scene1,1,old
796,18.19435405731201,0.1838064254275461,PBPF,cracker_scene1,1,old
797,18.20009970664978,0.1838064254275461,PBPF,cracker_scene1,1,old
798,18.20581579208374,0.1838064254275461,PBPF,cracker_scene1,1,old
799,18.21147727966309,0.1838064254275461,PBPF,cracker_scene1,1,old
800,18.22169256210327,0.1838064254275461,PBPF,cracker_scene1,1,old
801,18.227452039718628,0.1838064254275461,PBPF,cracker_scene1,1,old
802,18.233208656311035,0.1838064254275461,PBPF,cracker_scene1,1,old
803,18.238933086395264,0.1838064254275461,PBPF,cracker_scene1,1,old
804,18.244662523269653,0.1838064254275461,PBPF,cracker_scene1,1,old
805,18.250359058380127,0.1838064254275461,PBPF,cracker_scene1,1,old
806,18.256020307540894,0.1838064254275461,PBPF,cracker_scene1,1,old
807,18.26164174079895,0.1838064254275461,PBPF,cracker_scene1,1,old
808,18.267318725585938,0.1838064254275461,PBPF,cracker_scene1,1,old
809,18.27293825149536,0.1838064254275461,PBPF,cracker_scene1,1,old
810,18.27853560447693,0.1838064254275461,PBPF,cracker_scene1,1,old
811,18.28425526618957,0.1838064254275461,PBPF,cracker_scene1,1,old
812,18.2898633480072,0.1838064254275461,PBPF,cracker_scene1,1,old
813,18.295467853546143,0.1838064254275461,PBPF,cracker_scene1,1,old
814,18.301090955734253,0.1838064254275461,PBPF,cracker_scene1,1,old
815,18.306809425354004,0.1838064254275461,PBPF,cracker_scene1,1,old
816,18.3125159740448,0.1838064254275461,PBPF,cracker_scene1,1,old
817,18.318378686904907,0.1838064254275461,PBPF,cracker_scene1,1,old
818,18.32394790649414,0.1838064254275461,PBPF,cracker_scene1,1,old
819,18.329578399658203,0.1838064254275461,PBPF,cracker_scene1,1,old
820,18.33520722389221,0.1838064254275461,PBPF,cracker_scene1,1,old
821,18.34092354774475,0.1838064254275461,PBPF,cracker_scene1,1,old
822,18.346588611602783,0.1838064254275461,PBPF,cracker_scene1,1,old
823,18.35237741470337,0.1838064254275461,PBPF,cracker_scene1,1,old
824,18.358038663864136,0.1838064254275461,PBPF,cracker_scene1,1,old
825,18.363678455352783,0.1838064254275461,PBPF,cracker_scene1,1,old
826,18.36927008628845,0.1838064254275461,PBPF,cracker_scene1,1,old
827,18.374922513961792,0.1838064254275461,PBPF,cracker_scene1,1,old
828,18.383299589157104,0.1838064254275461,PBPF,cracker_scene1,1,old
829,18.390368938446045,0.1838064254275461,PBPF,cracker_scene1,1,old
830,18.39608073234558,0.1838064254275461,PBPF,cracker_scene1,1,old
831,18.401759147644043,0.1838064254275461,PBPF,cracker_scene1,1,old
832,18.407447814941406,0.1838064254275461,PBPF,cracker_scene1,1,old
833,18.41318106651306,0.1838064254275461,PBPF,cracker_scene1,1,old
834,18.418934106826782,0.1838064254275461,PBPF,cracker_scene1,1,old
835,18.42464017868042,0.1838064254275461,PBPF,cracker_scene1,1,old
836,18.430394172668457,0.1838064254275461,PBPF,cracker_scene1,1,old
837,18.436097145080566,0.1838064254275461,PBPF,cracker_scene1,1,old
838,18.441773414611816,0.1838064254275461,PBPF,cracker_scene1,1,old
839,18.44754266738892,0.1838064254275461,PBPF,cracker_scene1,1,old
840,18.45814609527588,0.1838064254275461,PBPF,cracker_scene1,1,old
841,18.46403431892395,0.1838064254275461,PBPF,cracker_scene1,1,old
842,18.46986675262451,0.1838064254275461,PBPF,cracker_scene1,1,old
843,18.479857206344604,0.1838064254275461,PBPF,cracker_scene1,1,old
844,18.48684501647949,0.1838064254275461,PBPF,cracker_scene1,1,old
845,18.4927282333374,0.1838064254275461,PBPF,cracker_scene1,1,old
846,18.503766775131226,0.1838064254275461,PBPF,cracker_scene1,1,old
847,18.510111808776852,0.1838064254275461,PBPF,cracker_scene1,1,old
848,18.51589775085449,0.1838064254275461,PBPF,cracker_scene1,1,old
849,18.52160668373108,0.1838064254275461,PBPF,cracker_scene1,1,old
850,18.52735924720764,0.1838064254275461,PBPF,cracker_scene1,1,old
851,18.554139852523804,0.1838064254275461,PBPF,cracker_scene1,1,old
852,18.56009650230408,0.1838064254275461,PBPF,cracker_scene1,1,old
853,18.56606912612915,0.1838064254275461,PBPF,cracker_scene1,1,old
854,18.571876764297485,0.1838064254275461,PBPF,cracker_scene1,1,old
855,18.57767534255981,0.1838064254275461,PBPF,cracker_scene1,1,old
856,18.583402395248413,0.1838064254275461,PBPF,cracker_scene1,1,old
857,18.58915877342224,0.1838064254275461,PBPF,cracker_scene1,1,old
858,18.59485340118408,0.1838064254275461,PBPF,cracker_scene1,1,old
859,18.60145664215088,0.1838064254275461,PBPF,cracker_scene1,1,old
860,18.60726857185364,0.1838064254275461,PBPF,cracker_scene1,1,old
861,18.61317753791809,0.1838064254275461,PBPF,cracker_scene1,1,old
862,18.61886191368103,0.1838064254275461,PBPF,cracker_scene1,1,old
863,18.66771864891052,0.1838064254275461,PBPF,cracker_scene1,1,old
864,18.67591118812561,0.1838064254275461,PBPF,cracker_scene1,1,old
865,18.682884454727173,0.1838064254275461,PBPF,cracker_scene1,1,old
866,18.69419479370117,0.1838064254275461,PBPF,cracker_scene1,1,old
867,18.70090627670288,0.1838064254275461,PBPF,cracker_scene1,1,old
868,18.715839624404907,0.1838064254275461,PBPF,cracker_scene1,1,old
869,18.722496271133423,0.1838064254275461,PBPF,cracker_scene1,1,old
870,18.728748083114624,0.1838064254275461,PBPF,cracker_scene1,1,old
871,18.740029335021973,0.1838064254275461,PBPF,cracker_scene1,1,old
872,18.746230602264404,0.1838064254275461,PBPF,cracker_scene1,1,old
873,18.75202369689941,0.1838064254275461,PBPF,cracker_scene1,1,old
874,18.75777292251587,0.1838064254275461,PBPF,cracker_scene1,1,old
875,18.76847815513611,0.1838064254275461,PBPF,cracker_scene1,1,old
876,18.774831295013428,0.1838064254275461,PBPF,cracker_scene1,1,old
877,18.78075385093689,0.1838064254275461,PBPF,cracker_scene1,1,old
878,18.78677344322205,0.1838064254275461,PBPF,cracker_scene1,1,old
879,18.79980206489563,0.1838064254275461,PBPF,cracker_scene1,1,old
880,18.806784629821777,0.1838064254275461,PBPF,cracker_scene1,1,old
881,18.812682151794437,0.1838064254275461,PBPF,cracker_scene1,1,old
882,18.81839632987976,0.1838064254275461,PBPF,cracker_scene1,1,old
883,18.8241503238678,0.1838064254275461,PBPF,cracker_scene1,1,old
884,18.82989263534546,0.1838064254275461,PBPF,cracker_scene1,1,old
885,18.8355610370636,0.1838064254275461,PBPF,cracker_scene1,1,old
886,18.84201574325561,0.1838064254275461,PBPF,cracker_scene1,1,old
887,18.848078966140747,0.1838064254275461,PBPF,cracker_scene1,1,old
888,18.85389757156372,0.1838064254275461,PBPF,cracker_scene1,1,old
889,18.859684944152832,0.1838064254275461,PBPF,cracker_scene1,1,old
890,18.86545991897583,0.1838064254275461,PBPF,cracker_scene1,1,old
891,18.871205806732178,0.1838064254275461,PBPF,cracker_scene1,1,old
892,18.877076148986816,0.1838064254275461,PBPF,cracker_scene1,1,old
893,18.88303518295288,0.1838064254275461,PBPF,cracker_scene1,1,old
894,18.888798236846924,0.1838064254275461,PBPF,cracker_scene1,1,old
895,18.894487380981445,0.1838064254275461,PBPF,cracker_scene1,1,old
896,18.90097689628601,0.1838064254275461,PBPF,cracker_scene1,1,old
897,18.90702176094055,0.1838064254275461,PBPF,cracker_scene1,1,old
898,18.9128680229187,0.1838064254275461,PBPF,cracker_scene1,1,old
899,18.918983697891235,0.1838064254275461,PBPF,cracker_scene1,1,old
900,18.924743175506592,0.1838064254275461,PBPF,cracker_scene1,1,old
901,18.93046236038208,0.1838064254275461,PBPF,cracker_scene1,1,old
902,18.936236143112183,0.1838064254275461,PBPF,cracker_scene1,1,old
903,18.94224500656128,0.1838064254275461,PBPF,cracker_scene1,1,old
904,18.94811511039734,0.1838064254275461,PBPF,cracker_scene1,1,old
905,18.954079389572144,0.1838064254275461,PBPF,cracker_scene1,1,old
906,18.960125207901,0.1838064254275461,PBPF,cracker_scene1,1,old
907,18.965929985046387,0.1838064254275461,PBPF,cracker_scene1,1,old
908,18.97190260887146,0.1838064254275461,PBPF,cracker_scene1,1,old
909,18.977647066116333,0.1838064254275461,PBPF,cracker_scene1,1,old
910,18.983419179916385,0.1838064254275461,PBPF,cracker_scene1,1,old
911,18.98958945274353,0.1838064254275461,PBPF,cracker_scene1,1,old
912,18.995858907699585,0.1838064254275461,PBPF,cracker_scene1,1,old
913,19.001599073410038,0.1838064254275461,PBPF,cracker_scene1,1,old
914,19.00736427307129,0.1838064254275461,PBPF,cracker_scene1,1,old
915,19.013115406036377,0.1838064254275461,PBPF,cracker_scene1,1,old
916,19.01893377304077,0.1838064254275461,PBPF,cracker_scene1,1,old
917,19.02782964706421,0.1838064254275461,PBPF,cracker_scene1,1,old
918,19.034612894058228,0.1838064254275461,PBPF,cracker_scene1,1,old
919,19.04042601585388,0.1838064254275461,PBPF,cracker_scene1,1,old
920,19.04769539833069,0.1838064254275461,PBPF,cracker_scene1,1,old
921,19.053712129592896,0.1838064254275461,PBPF,cracker_scene1,1,old
922,19.06450319290161,0.1838064254275461,PBPF,cracker_scene1,1,old
923,19.072432279586792,0.1838064254275461,PBPF,cracker_scene1,1,old
924,19.07832646369934,0.1838064254275461,PBPF,cracker_scene1,1,old
925,19.08776426315308,0.1838064254275461,PBPF,cracker_scene1,1,old
926,19.09391736984253,0.1838064254275461,PBPF,cracker_scene1,1,old
927,19.10023140907288,0.1838064254275461,PBPF,cracker_scene1,1,old
928,19.1063289642334,0.1838064254275461,PBPF,cracker_scene1,1,old
929,19.11206698417664,0.1838064254275461,PBPF,cracker_scene1,1,old
930,19.118022203445435,0.1838064254275461,PBPF,cracker_scene1,1,old
931,19.124430894851685,0.1838064254275461,PBPF,cracker_scene1,1,old
932,19.13024663925171,0.1838064254275461,PBPF,cracker_scene1,1,old
933,19.144187688827515,0.1838064254275461,PBPF,cracker_scene1,1,old
934,19.15542721748352,0.1838064254275461,PBPF,cracker_scene1,1,old
935,19.161274671554565,0.1838064254275461,PBPF,cracker_scene1,1,old
936,19.16702771186829,0.1838064254275461,PBPF,cracker_scene1,1,old
937,19.17284774780273,0.1838064254275461,PBPF,cracker_scene1,1,old
938,19.183314085006717,0.1838064254275461,PBPF,cracker_scene1,1,old
939,19.21580290794373,0.1838064254275461,PBPF,cracker_scene1,1,old
940,19.2222273349762,0.1838064254275461,PBPF,cracker_scene1,1,old
941,19.22811889648437,0.1838064254275461,PBPF,cracker_scene1,1,old
942,19.233813524246216,0.1838064254275461,PBPF,cracker_scene1,1,old
943,19.24034595489502,0.1838064254275461,PBPF,cracker_scene1,1,old
944,19.246334552764893,0.1838064254275461,PBPF,cracker_scene1,1,old
945,19.252289295196533,0.1838064254275461,PBPF,cracker_scene1,1,old
946,19.258146047592163,0.1838064254275461,PBPF,cracker_scene1,1,old
