0,0.0003042221069335,0.1212389843968526,PBPF,soup_scene1,1,old
1,0.0217385292053222,0.1212535613420421,PBPF,soup_scene1,1,old
2,0.0761942863464355,0.1211887300865504,PBPF,soup_scene1,1,old
3,0.106229543685913,0.1212250938291433,PBPF,soup_scene1,1,old
4,0.1578006744384765,0.1214585993079206,PBPF,soup_scene1,1,old
5,0.21494722366333,0.1217812838612005,PBPF,soup_scene1,1,old
6,0.3487894535064697,0.1204962102685624,PBPF,soup_scene1,1,old
7,0.400907039642334,0.1195927457872414,PBPF,soup_scene1,1,old
8,0.4425742626190185,0.1188624601706779,PBPF,soup_scene1,1,old
9,0.5188093185424805,0.1184896023313634,PBPF,soup_scene1,1,old
10,0.608320951461792,0.1174739094620599,PBPF,soup_scene1,1,old
11,0.6653289794921875,0.108478786476256,PBPF,soup_scene1,1,old
12,0.7482211589813232,0.1078573163254817,PBPF,soup_scene1,1,old
13,0.8003566265106201,0.1094998622451537,PBPF,soup_scene1,1,old
14,0.8422603607177734,0.1089132190987476,PBPF,soup_scene1,1,old
15,0.8763113021850586,0.10887402160222,PBPF,soup_scene1,1,old
16,0.9363994598388672,0.1077456884134528,PBPF,soup_scene1,1,old
17,0.9635727405548096,0.110233963806395,PBPF,soup_scene1,1,old
18,1.0202393531799316,0.1095442573871101,PBPF,soup_scene1,1,old
19,1.074516773223877,0.1092494694775166,PBPF,soup_scene1,1,old
20,1.1240601539611816,0.1088002423850034,PBPF,soup_scene1,1,old
21,1.176274061203003,0.1059532409999317,PBPF,soup_scene1,1,old
22,1.2657220363616943,0.1053526420038682,PBPF,soup_scene1,1,old
23,1.34045672416687,0.1068542570824854,PBPF,soup_scene1,1,old
24,1.4524283409118652,0.1033964261289298,PBPF,soup_scene1,1,old
25,1.5082244873046875,0.1031215526130528,PBPF,soup_scene1,1,old
26,1.6441535949707031,0.1029419729420478,PBPF,soup_scene1,1,old
27,1.8000946044921875,0.1025150047487977,PBPF,soup_scene1,1,old
28,1.8308000564575195,0.102503337589802,PBPF,soup_scene1,1,old
29,1.913450002670288,0.1024987338411085,PBPF,soup_scene1,1,old
30,1.9656825065612795,0.1025062294118149,PBPF,soup_scene1,1,old
31,1.9729220867156985,0.1025062294118149,PBPF,soup_scene1,1,old
32,1.9875950813293457,0.1025062294118149,PBPF,soup_scene1,1,old
33,2.039565086364746,0.1024931155923597,PBPF,soup_scene1,1,old
34,2.071516752243042,0.1025026152088113,PBPF,soup_scene1,1,old
35,2.1150479316711426,0.1024480440706477,PBPF,soup_scene1,1,old
36,2.1561737060546875,0.1023387744223315,PBPF,soup_scene1,1,old
37,2.2091243267059326,0.0966922056978132,PBPF,soup_scene1,1,old
38,2.227494478225708,0.0965884440217826,PBPF,soup_scene1,1,old
39,2.25105619430542,0.0964694682663996,PBPF,soup_scene1,1,old
40,2.274486780166626,0.0963547060989869,PBPF,soup_scene1,1,old
41,2.3172645568847656,0.0960398393176967,PBPF,soup_scene1,1,old
42,2.344557523727417,0.0959957177886106,PBPF,soup_scene1,1,old
43,2.3715436458587646,0.0864626744842526,PBPF,soup_scene1,1,old
44,2.460921049118042,0.0849538541337149,PBPF,soup_scene1,1,old
45,2.492204189300537,0.0849538541337149,PBPF,soup_scene1,1,old
46,2.5196340084075928,0.0843529890378148,PBPF,soup_scene1,1,old
47,2.615743637084961,0.0914742614616356,PBPF,soup_scene1,1,old
48,2.6256179809570312,0.0914314712274426,PBPF,soup_scene1,1,old
49,2.6556742191314697,0.0911679638444762,PBPF,soup_scene1,1,old
50,2.671584129333496,0.0911679638444762,PBPF,soup_scene1,1,old
51,2.7025046348571777,0.0910217204555134,PBPF,soup_scene1,1,old
52,2.737920999526977,0.0925848427732893,PBPF,soup_scene1,1,old
53,2.892171859741211,0.0972730086154805,PBPF,soup_scene1,1,old
54,2.952141284942627,0.0969959983097549,PBPF,soup_scene1,1,old
55,3.0018229484558105,0.0966208124455666,PBPF,soup_scene1,1,old
56,3.132366418838501,0.0990182693750284,PBPF,soup_scene1,1,old
57,3.156158924102783,0.0990032648994237,PBPF,soup_scene1,1,old
58,3.244217157363892,0.104523259270883,PBPF,soup_scene1,1,old
59,3.4083967208862305,0.1074571884125383,PBPF,soup_scene1,1,old
60,3.488021850585937,0.1075377434000522,PBPF,soup_scene1,1,old
61,3.564399242401123,0.1079600190795124,PBPF,soup_scene1,1,old
62,3.620021343231201,0.1079814918721587,PBPF,soup_scene1,1,old
63,3.65245509147644,0.1079177564884232,PBPF,soup_scene1,1,old
64,3.7922170162200928,0.1109792367274885,PBPF,soup_scene1,1,old
65,3.892174005508423,0.1083935319869353,PBPF,soup_scene1,1,old
66,3.925214767456055,0.1085237810514091,PBPF,soup_scene1,1,old
67,3.944964408874512,0.1085730740376593,PBPF,soup_scene1,1,old
68,3.975732564926148,0.1085888852504897,PBPF,soup_scene1,1,old
69,4.027001857757568,0.1110655045759115,PBPF,soup_scene1,1,old
70,4.074252605438232,0.1112439492969196,PBPF,soup_scene1,1,old
71,4.141323566436768,0.1151859938871668,PBPF,soup_scene1,1,old
72,4.1762354373931885,0.1151486566921447,PBPF,soup_scene1,1,old
73,4.23414421081543,0.11527510180266,PBPF,soup_scene1,1,old
74,4.321692943572998,0.1214680719686749,PBPF,soup_scene1,1,old
75,4.349967956542969,0.1214680719686749,PBPF,soup_scene1,1,old
76,4.384204864501953,0.1214970596951196,PBPF,soup_scene1,1,old
77,4.428736686706543,0.122236601499157,PBPF,soup_scene1,1,old
78,4.444597959518433,0.122236601499157,PBPF,soup_scene1,1,old
79,4.450765371322632,0.1223043166129773,PBPF,soup_scene1,1,old
80,4.468533754348755,0.1223043166129773,PBPF,soup_scene1,1,old
81,4.483445644378662,0.1225237893239452,PBPF,soup_scene1,1,old
82,4.580054521560669,0.1216132240285106,PBPF,soup_scene1,1,old
83,4.624089241027832,0.1218989580709423,PBPF,soup_scene1,1,old
84,4.664185523986816,0.1118371452996839,PBPF,soup_scene1,1,old
85,4.712343215942383,0.1119439676733243,PBPF,soup_scene1,1,old
86,4.771878242492676,0.1122045682382013,PBPF,soup_scene1,1,old
87,4.839987277984619,0.1100310209888017,PBPF,soup_scene1,1,old
88,4.928101778030396,0.1106277783255404,PBPF,soup_scene1,1,old
89,4.9428136348724365,0.1108217548436152,PBPF,soup_scene1,1,old
90,4.987629413604736,0.1079498181763764,PBPF,soup_scene1,1,old
91,5.025963544845581,0.1081202812326706,PBPF,soup_scene1,1,old
92,5.051543951034546,0.1082083533639127,PBPF,soup_scene1,1,old
93,5.097238779067993,0.1084917318559225,PBPF,soup_scene1,1,old
94,5.126668930053711,0.108577370406981,PBPF,soup_scene1,1,old
95,5.208914518356323,0.1140350495181409,PBPF,soup_scene1,1,old
96,5.237141847610474,0.1146272114625394,PBPF,soup_scene1,1,old
97,5.287637948989868,0.1159578349077677,PBPF,soup_scene1,1,old
98,5.343799829483032,0.1166010588209159,PBPF,soup_scene1,1,old
99,5.400362968444824,0.1169041541498596,PBPF,soup_scene1,1,old
100,5.416257619857788,0.123298073695673,PBPF,soup_scene1,1,old
101,5.423867464065552,0.1233537213223639,PBPF,soup_scene1,1,old
102,5.4761621952056885,0.1235200067237114,PBPF,soup_scene1,1,old
103,5.517881393432617,0.1240595896552314,PBPF,soup_scene1,1,old
104,5.534339904785156,0.1243191309841363,PBPF,soup_scene1,1,old
105,5.575796127319336,0.1245208676757369,PBPF,soup_scene1,1,old
106,5.647860050201416,0.1222804041527388,PBPF,soup_scene1,1,old
107,5.6605072021484375,0.1222804041527388,PBPF,soup_scene1,1,old
108,5.668277740478516,0.1222804041527388,PBPF,soup_scene1,1,old
109,5.696316242218018,0.1226482721523199,PBPF,soup_scene1,1,old
110,5.703855276107788,0.1226482721523199,PBPF,soup_scene1,1,old
111,5.747332334518433,0.1169782834112951,PBPF,soup_scene1,1,old
112,5.800276279449463,0.1174079847381384,PBPF,soup_scene1,1,old
113,5.81969165802002,0.117560552684948,PBPF,soup_scene1,1,old
114,5.902669668197632,0.1177433481638504,PBPF,soup_scene1,1,old
115,5.914333343505859,0.1177815194795194,PBPF,soup_scene1,1,old
116,5.935101747512817,0.121449225178656,PBPF,soup_scene1,1,old
117,5.965158939361572,0.1214405786928042,PBPF,soup_scene1,1,old
118,5.9902403354644775,0.1215027184492025,PBPF,soup_scene1,1,old
119,6.035003662109375,0.1215728392450008,PBPF,soup_scene1,1,old
120,6.04932713508606,0.1216022480137408,PBPF,soup_scene1,1,old
121,6.072890520095825,0.1216663578850772,PBPF,soup_scene1,1,old
122,6.080553293228149,0.1216423887802035,PBPF,soup_scene1,1,old
123,6.087546110153198,0.121571036344628,PBPF,soup_scene1,1,old
124,6.129517555236816,0.1216593709804412,PBPF,soup_scene1,1,old
125,6.167610168457031,0.1216235338401229,PBPF,soup_scene1,1,old
126,6.2192747592926025,0.1216300632888777,PBPF,soup_scene1,1,old
127,6.248284578323364,0.1216323397340214,PBPF,soup_scene1,1,old
128,6.260123491287232,0.1216263560839006,PBPF,soup_scene1,1,old
129,6.2835118770599365,0.1216299851277565,PBPF,soup_scene1,1,old
130,6.295086622238159,0.1216299851277565,PBPF,soup_scene1,1,old
131,6.307691812515259,0.1216299851277565,PBPF,soup_scene1,1,old
132,6.339258432388306,0.1216572748693874,PBPF,soup_scene1,1,old
133,6.357860088348389,0.1216590667903095,PBPF,soup_scene1,1,old
134,6.42600417137146,0.1215845138556433,PBPF,soup_scene1,1,old
135,6.450089931488037,0.1216598260972007,PBPF,soup_scene1,1,old
136,6.492278575897217,0.1216756382650834,PBPF,soup_scene1,1,old
137,6.527817010879517,0.1218578210586553,PBPF,soup_scene1,1,old
138,6.584202766418457,0.1210471847534857,PBPF,soup_scene1,1,old
139,6.601858139038086,0.1211378752485066,PBPF,soup_scene1,1,old
140,6.621347427368164,0.1213554524629989,PBPF,soup_scene1,1,old
141,6.697869539260864,0.1197191319321539,PBPF,soup_scene1,1,old
142,6.709697008132935,0.1197191319321539,PBPF,soup_scene1,1,old
143,6.764529228210449,0.1200362146272296,PBPF,soup_scene1,1,old
144,6.780469179153442,0.119984683178845,PBPF,soup_scene1,1,old
145,6.787800073623657,0.119984683178845,PBPF,soup_scene1,1,old
146,6.825316667556763,0.1203381249165188,PBPF,soup_scene1,1,old
147,6.900251626968384,0.1275785926622088,PBPF,soup_scene1,1,old
148,6.9968438148498535,0.1281109347024225,PBPF,soup_scene1,1,old
149,7.01405668258667,0.1354882991243866,PBPF,soup_scene1,1,old
150,7.030164480209351,0.1355019570293428,PBPF,soup_scene1,1,old
151,7.037642955780029,0.1355763510742673,PBPF,soup_scene1,1,old
152,7.050027847290039,0.1356007395351869,PBPF,soup_scene1,1,old
153,7.076875686645508,0.1356525636002971,PBPF,soup_scene1,1,old
154,7.084073781967163,0.1355723913424519,PBPF,soup_scene1,1,old
155,7.10820746421814,0.1355723913424519,PBPF,soup_scene1,1,old
156,7.129682779312134,0.1354975499394883,PBPF,soup_scene1,1,old
157,7.135644674301148,0.1354853399110979,PBPF,soup_scene1,1,old
158,7.224525213241577,0.1337165628300526,PBPF,soup_scene1,1,old
159,7.241213321685791,0.133722127936766,PBPF,soup_scene1,1,old
160,7.259512662887573,0.133722127936766,PBPF,soup_scene1,1,old
161,7.274553060531616,0.1343368974818083,PBPF,soup_scene1,1,old
162,7.33061408996582,0.1345791822084184,PBPF,soup_scene1,1,old
163,7.375011920928955,0.1340145624746834,PBPF,soup_scene1,1,old
164,7.382670402526855,0.1341802598851447,PBPF,soup_scene1,1,old
165,7.391879081726074,0.1342080189564926,PBPF,soup_scene1,1,old
166,7.440717697143555,0.1343636200492677,PBPF,soup_scene1,1,old
167,7.460419654846191,0.1344643857983703,PBPF,soup_scene1,1,old
168,7.491567373275757,0.1344630108213239,PBPF,soup_scene1,1,old
169,7.513844013214111,0.1345409335957731,PBPF,soup_scene1,1,old
170,7.539714336395264,0.1426396377158862,PBPF,soup_scene1,1,old
171,7.549849033355713,0.1425840273654788,PBPF,soup_scene1,1,old
172,7.559569835662842,0.1426468693109705,PBPF,soup_scene1,1,old
173,7.568655967712402,0.1426628364468735,PBPF,soup_scene1,1,old
174,7.578189611434936,0.1429676009634486,PBPF,soup_scene1,1,old
175,7.588789224624634,0.1427241964169938,PBPF,soup_scene1,1,old
176,7.600408792495727,0.1429552857496094,PBPF,soup_scene1,1,old
177,7.612379789352417,0.1438237851839141,PBPF,soup_scene1,1,old
178,7.623319387435913,0.1430259947182928,PBPF,soup_scene1,1,old
179,7.634551048278809,0.1430039605708067,PBPF,soup_scene1,1,old
180,7.644349098205566,0.1432367746979649,PBPF,soup_scene1,1,old
181,7.658766269683838,0.1414946481868322,PBPF,soup_scene1,1,old
182,7.668416500091553,0.1415798776470818,PBPF,soup_scene1,1,old
183,7.678242206573486,0.1417651751439508,PBPF,soup_scene1,1,old
184,7.688787937164307,0.1418776710687748,PBPF,soup_scene1,1,old
185,7.697757005691528,0.1417555868656728,PBPF,soup_scene1,1,old
186,7.706890344619751,0.1416829378314103,PBPF,soup_scene1,1,old
187,7.72057318687439,0.1418993242974277,PBPF,soup_scene1,1,old
188,7.729984760284424,0.1417412000464772,PBPF,soup_scene1,1,old
189,7.739811897277832,0.1419461035558306,PBPF,soup_scene1,1,old
190,7.748471736907959,0.1419657174433179,PBPF,soup_scene1,1,old
191,7.757073163986206,0.1420252787971252,PBPF,soup_scene1,1,old
192,7.767031192779541,0.1418492424424717,PBPF,soup_scene1,1,old
193,7.776524066925049,0.1418817624534232,PBPF,soup_scene1,1,old
194,7.786443471908569,0.141871817572413,PBPF,soup_scene1,1,old
195,7.793546676635742,0.1421235855842895,PBPF,soup_scene1,1,old
196,7.800447702407837,0.1402843478185418,PBPF,soup_scene1,1,old
197,7.808671951293945,0.1403459726747689,PBPF,soup_scene1,1,old
198,7.814339876174927,0.1403671169720414,PBPF,soup_scene1,1,old
199,7.820410013198851,0.1403954846731185,PBPF,soup_scene1,1,old
200,7.826838493347168,0.1404031170847127,PBPF,soup_scene1,1,old
201,7.832265615463257,0.1403892655309519,PBPF,soup_scene1,1,old
202,7.837962627410889,0.1404275547504227,PBPF,soup_scene1,1,old
203,7.843749284744263,0.1404177301249837,PBPF,soup_scene1,1,old
204,7.848776578903198,0.1404177301249837,PBPF,soup_scene1,1,old
205,7.854576349258423,0.1404688231840075,PBPF,soup_scene1,1,old
206,7.859904289245605,0.1404650746598082,PBPF,soup_scene1,1,old
207,7.864590406417847,0.1404650746598082,PBPF,soup_scene1,1,old
208,7.870006799697876,0.140489953272295,PBPF,soup_scene1,1,old
209,7.875110626220703,0.1405098794203697,PBPF,soup_scene1,1,old
210,7.880084037780762,0.1405005409921073,PBPF,soup_scene1,1,old
211,7.885526418685913,0.1404835393535947,PBPF,soup_scene1,1,old
212,7.908106088638306,0.1404782312181625,PBPF,soup_scene1,1,old
213,7.917195558547974,0.1406642936669293,PBPF,soup_scene1,1,old
214,7.924680233001709,0.1406906523852193,PBPF,soup_scene1,1,old
215,7.9325480461120605,0.1407056174522355,PBPF,soup_scene1,1,old
216,7.941279172897339,0.1407158721367604,PBPF,soup_scene1,1,old
217,7.950130224227905,0.140769573339714,PBPF,soup_scene1,1,old
218,7.959100246429443,0.1418186189662205,PBPF,soup_scene1,1,old
219,7.967483520507812,0.1433668888900242,PBPF,soup_scene1,1,old
220,7.975288867950439,0.1434258991077824,PBPF,soup_scene1,1,old
221,7.983762264251709,0.1432751870441362,PBPF,soup_scene1,1,old
222,7.991977214813232,0.1432794048151459,PBPF,soup_scene1,1,old
223,8.000073194503784,0.1432907199700144,PBPF,soup_scene1,1,old
224,8.008408546447754,0.143310031190216,PBPF,soup_scene1,1,old
225,8.01641321182251,0.1430952889481166,PBPF,soup_scene1,1,old
226,8.025048017501831,0.1431036554684318,PBPF,soup_scene1,1,old
227,8.03297472000122,0.1429824798376184,PBPF,soup_scene1,1,old
228,8.041093349456787,0.1429854125389086,PBPF,soup_scene1,1,old
229,8.049724340438843,0.1429643037867258,PBPF,soup_scene1,1,old
230,8.0579252243042,0.1430341461290543,PBPF,soup_scene1,1,old
231,8.066506385803223,0.1430045147077099,PBPF,soup_scene1,1,old
232,8.074989795684814,0.1429310325495013,PBPF,soup_scene1,1,old
233,8.082837343215942,0.1429641462831557,PBPF,soup_scene1,1,old
234,8.091253280639648,0.1428794975411185,PBPF,soup_scene1,1,old
235,8.099035024642944,0.1428884893201495,PBPF,soup_scene1,1,old
236,8.107366561889648,0.1428743589335486,PBPF,soup_scene1,1,old
237,8.115476369857788,0.142837073357978,PBPF,soup_scene1,1,old
238,8.1236412525177,0.1422926127891009,PBPF,soup_scene1,1,old
239,8.133045196533203,0.1423617513331527,PBPF,soup_scene1,1,old
240,8.141725063323975,0.1423537123204709,PBPF,soup_scene1,1,old
241,8.150936365127563,0.1422980614756822,PBPF,soup_scene1,1,old
242,8.160112857818604,0.142440824579587,PBPF,soup_scene1,1,old
243,8.169403791427612,0.1423199813532039,PBPF,soup_scene1,1,old
244,8.17893099784851,0.1423791644172818,PBPF,soup_scene1,1,old
245,8.188603162765503,0.1424424966888855,PBPF,soup_scene1,1,old
246,8.197741031646729,0.1424167888143934,PBPF,soup_scene1,1,old
247,8.205719470977783,0.1423596664717549,PBPF,soup_scene1,1,old
248,8.214256048202515,0.1425020334568204,PBPF,soup_scene1,1,old
249,8.222333669662476,0.1425356592787544,PBPF,soup_scene1,1,old
250,8.230574131011963,0.1425531704638845,PBPF,soup_scene1,1,old
251,8.238868713378906,0.1424385016057568,PBPF,soup_scene1,1,old
252,8.246856927871704,0.1424722317310357,PBPF,soup_scene1,1,old
253,8.254351377487183,0.1424642372395134,PBPF,soup_scene1,1,old
254,8.261481046676636,0.1424679446431792,PBPF,soup_scene1,1,old
255,8.268922567367554,0.1425276021845417,PBPF,soup_scene1,1,old
256,8.276028156280518,0.142647682497409,PBPF,soup_scene1,1,old
257,8.282906770706177,0.142647682497409,PBPF,soup_scene1,1,old
258,8.290595293045044,0.142423356867307,PBPF,soup_scene1,1,old
259,8.297527551651001,0.1424422829339614,PBPF,soup_scene1,1,old
260,8.305204153060913,0.1423675264314248,PBPF,soup_scene1,1,old
261,8.312350034713745,0.1423675264314248,PBPF,soup_scene1,1,old
262,8.322376728057861,0.142355818028094,PBPF,soup_scene1,1,old
263,8.332600831985474,0.142355818028094,PBPF,soup_scene1,1,old
264,8.342779159545898,0.1427998707035754,PBPF,soup_scene1,1,old
265,8.354283809661865,0.1428243404704927,PBPF,soup_scene1,1,old
266,8.365163326263428,0.1428738266949382,PBPF,soup_scene1,1,old
267,8.376807928085327,0.1425802432812565,PBPF,soup_scene1,1,old
268,8.385653257369995,0.1425547637608551,PBPF,soup_scene1,1,old
269,8.390491485595703,0.1424273633600311,PBPF,soup_scene1,1,old
270,8.39570665359497,0.1425057256297675,PBPF,soup_scene1,1,old
271,8.400687456130981,0.1425633216881717,PBPF,soup_scene1,1,old
272,8.405451774597168,0.1425633216881717,PBPF,soup_scene1,1,old
273,8.410151958465576,0.142546320798231,PBPF,soup_scene1,1,old
274,8.415054082870483,0.1426471892660182,PBPF,soup_scene1,1,old
275,8.419793367385864,0.1426520674745621,PBPF,soup_scene1,1,old
276,8.423936605453491,0.1426520674745621,PBPF,soup_scene1,1,old
277,8.428609371185303,0.1426882082362588,PBPF,soup_scene1,1,old
278,8.43313217163086,0.1426882082362588,PBPF,soup_scene1,1,old
279,8.43773102760315,0.1416839165559061,PBPF,soup_scene1,1,old
280,8.442983627319336,0.1416839165559061,PBPF,soup_scene1,1,old
281,8.4480721950531,0.1417634951467639,PBPF,soup_scene1,1,old
282,8.45248818397522,0.1417236736222786,PBPF,soup_scene1,1,old
283,8.456923484802246,0.1417236736222786,PBPF,soup_scene1,1,old
284,8.461863040924072,0.1419123920412343,PBPF,soup_scene1,1,old
285,8.466996431350708,0.1419123920412343,PBPF,soup_scene1,1,old
286,8.472355365753174,0.1420167513055857,PBPF,soup_scene1,1,old
287,8.477655172348022,0.1420525179910893,PBPF,soup_scene1,1,old
288,8.482727527618408,0.1419652470985027,PBPF,soup_scene1,1,old
289,8.48798418045044,0.1419857011135254,PBPF,soup_scene1,1,old
290,8.492887496948242,0.1419857011135254,PBPF,soup_scene1,1,old
291,8.498318910598755,0.1420703186102541,PBPF,soup_scene1,1,old
292,8.50452995300293,0.1420795218593711,PBPF,soup_scene1,1,old
293,8.511415243148804,0.1421319320577057,PBPF,soup_scene1,1,old
294,8.517833709716797,0.1421429527807888,PBPF,soup_scene1,1,old
295,8.524494171142578,0.1421597516552725,PBPF,soup_scene1,1,old
296,8.529807567596436,0.1422207298240694,PBPF,soup_scene1,1,old
297,8.53444218635559,0.1421740990714939,PBPF,soup_scene1,1,old
298,8.539034128189087,0.1422517669443564,PBPF,soup_scene1,1,old
299,8.543686389923096,0.142219153175105,PBPF,soup_scene1,1,old
300,8.54834270477295,0.142213624383108,PBPF,soup_scene1,1,old
301,8.552570581436157,0.1422311726287662,PBPF,soup_scene1,1,old
302,8.55692982673645,0.1423011674722607,PBPF,soup_scene1,1,old
303,8.561318635940552,0.1422768027313872,PBPF,soup_scene1,1,old
304,8.566126346588135,0.1422768027313872,PBPF,soup_scene1,1,old
305,8.570427179336548,0.1422768027313872,PBPF,soup_scene1,1,old
306,8.575165748596191,0.1423128498034636,PBPF,soup_scene1,1,old
307,8.579761981964111,0.1424120698885299,PBPF,soup_scene1,1,old
308,8.584011793136597,0.1424120698885299,PBPF,soup_scene1,1,old
309,8.588334083557129,0.1424120698885299,PBPF,soup_scene1,1,old
310,8.59303069114685,0.151186501555419,PBPF,soup_scene1,1,old
311,8.597364664077759,0.151186501555419,PBPF,soup_scene1,1,old
312,8.601603746414185,0.151186501555419,PBPF,soup_scene1,1,old
313,8.605978012084961,0.1511006503960232,PBPF,soup_scene1,1,old
314,8.610662460327148,0.1512021765867719,PBPF,soup_scene1,1,old
315,8.615191459655762,0.1512946981575168,PBPF,soup_scene1,1,old
316,8.61951470375061,0.1512946981575168,PBPF,soup_scene1,1,old
317,8.623557329177856,0.1512473849809171,PBPF,soup_scene1,1,old
318,8.627877473831177,0.1512398490810458,PBPF,soup_scene1,1,old
319,8.632230281829834,0.1512429791422249,PBPF,soup_scene1,1,old
320,8.636484861373901,0.1512429791422249,PBPF,soup_scene1,1,old
321,8.640787839889526,0.1512429791422249,PBPF,soup_scene1,1,old
322,8.645321130752563,0.1513314573426895,PBPF,soup_scene1,1,old
323,8.649528741836548,0.1513314573426895,PBPF,soup_scene1,1,old
324,8.653707027435303,0.1513314573426895,PBPF,soup_scene1,1,old
325,8.657969951629639,0.1513314573426895,PBPF,soup_scene1,1,old
326,8.662206888198853,0.1513314573426895,PBPF,soup_scene1,1,old
327,8.666441679000854,0.1513314573426895,PBPF,soup_scene1,1,old
328,8.670684576034546,0.1513314573426895,PBPF,soup_scene1,1,old
329,8.6749427318573,0.1513314573426895,PBPF,soup_scene1,1,old
330,8.679303169250488,0.1512414275145032,PBPF,soup_scene1,1,old
331,8.684340238571167,0.1513158040057492,PBPF,soup_scene1,1,old
332,8.688561916351318,0.1513158040057492,PBPF,soup_scene1,1,old
333,8.692919731140137,0.1513158040057492,PBPF,soup_scene1,1,old
334,8.69716501235962,0.1513158040057492,PBPF,soup_scene1,1,old
335,8.701637029647827,0.1515090911228807,PBPF,soup_scene1,1,old
336,8.706530332565308,0.1515242025479931,PBPF,soup_scene1,1,old
337,8.710752725601196,0.1515242025479931,PBPF,soup_scene1,1,old
338,8.715195655822754,0.1515753759877645,PBPF,soup_scene1,1,old
339,8.719382047653198,0.1515753759877645,PBPF,soup_scene1,1,old
340,8.723548650741577,0.1515753759877645,PBPF,soup_scene1,1,old
341,8.727789878845215,0.1515753759877645,PBPF,soup_scene1,1,old
342,8.731907844543457,0.1515753759877645,PBPF,soup_scene1,1,old
343,8.736462831497192,0.1516340827552787,PBPF,soup_scene1,1,old
344,8.74098253250122,0.1516340827552787,PBPF,soup_scene1,1,old
345,8.745169878005981,0.1516340827552787,PBPF,soup_scene1,1,old
346,8.749494314193726,0.151688272982756,PBPF,soup_scene1,1,old
347,8.753794431686401,0.151688272982756,PBPF,soup_scene1,1,old
348,8.758036375045776,0.1518638374023465,PBPF,soup_scene1,1,old
349,8.762513637542725,0.151465059144432,PBPF,soup_scene1,1,old
350,8.766632080078125,0.151465059144432,PBPF,soup_scene1,1,old
351,8.770740032196045,0.151465059144432,PBPF,soup_scene1,1,old
352,8.775081157684326,0.151465059144432,PBPF,soup_scene1,1,old
353,8.779276371002197,0.151465059144432,PBPF,soup_scene1,1,old
354,8.783573865890503,0.1513916223071204,PBPF,soup_scene1,1,old
355,8.787957668304443,0.1514382643506291,PBPF,soup_scene1,1,old
356,8.792381286621094,0.1514407078702018,PBPF,soup_scene1,1,old
357,8.796852827072144,0.1515730653616294,PBPF,soup_scene1,1,old
358,8.801086187362671,0.1515528018478732,PBPF,soup_scene1,1,old
359,8.805256366729736,0.1515528018478732,PBPF,soup_scene1,1,old
360,8.809861660003662,0.1516616261431937,PBPF,soup_scene1,1,old
361,8.81403112411499,0.1516616261431937,PBPF,soup_scene1,1,old
362,8.818899154663086,0.1516610850545072,PBPF,soup_scene1,1,old
363,8.823086500167847,0.1516610850545072,PBPF,soup_scene1,1,old
364,8.827290296554565,0.1516570491895673,PBPF,soup_scene1,1,old
365,8.831465482711792,0.1516570491895673,PBPF,soup_scene1,1,old
366,8.835790395736694,0.1516590751624823,PBPF,soup_scene1,1,old
367,8.839985609054565,0.1516934594320882,PBPF,soup_scene1,1,old
368,8.844516277313232,0.1516934594320882,PBPF,soup_scene1,1,old
369,8.849123477935791,0.151826588929346,PBPF,soup_scene1,1,old
370,8.853448390960693,0.151836917774071,PBPF,soup_scene1,1,old
371,8.857727527618408,0.151836917774071,PBPF,soup_scene1,1,old
372,8.861893892288208,0.151836917774071,PBPF,soup_scene1,1,old
373,8.866041898727417,0.151836917774071,PBPF,soup_scene1,1,old
374,8.870924234390259,0.1521080904331346,PBPF,soup_scene1,1,old
375,8.874982357025146,0.1521080904331346,PBPF,soup_scene1,1,old
376,8.87959361076355,0.152148610754149,PBPF,soup_scene1,1,old
377,8.883640766143799,0.152148610754149,PBPF,soup_scene1,1,old
378,8.888000249862671,0.1521357427368348,PBPF,soup_scene1,1,old
379,8.89228105545044,0.1521753692926797,PBPF,soup_scene1,1,old
380,8.89669156074524,0.1522175317127948,PBPF,soup_scene1,1,old
381,8.900671005249023,0.1522175317127948,PBPF,soup_scene1,1,old
382,8.905198574066162,0.152270820776868,PBPF,soup_scene1,1,old
383,8.909247875213623,0.152270820776868,PBPF,soup_scene1,1,old
384,8.913851499557495,0.1515185214631319,PBPF,soup_scene1,1,old
385,8.918087005615234,0.1515185214631319,PBPF,soup_scene1,1,old
386,8.922163963317871,0.1515185214631319,PBPF,soup_scene1,1,old
387,8.926422595977783,0.1514149347115969,PBPF,soup_scene1,1,old
388,8.930570125579834,0.1514149347115969,PBPF,soup_scene1,1,old
389,8.934776067733765,0.1515029846937598,PBPF,soup_scene1,1,old
390,8.93908953666687,0.1514976646041878,PBPF,soup_scene1,1,old
391,8.943322896957397,0.1515248353614874,PBPF,soup_scene1,1,old
392,8.947446823120117,0.1515248353614874,PBPF,soup_scene1,1,old
393,8.951534748077393,0.1515248353614874,PBPF,soup_scene1,1,old
394,8.955684661865234,0.1515248353614874,PBPF,soup_scene1,1,old
395,8.95994758605957,0.1514824730504027,PBPF,soup_scene1,1,old
396,8.964947700500488,0.1517302511297673,PBPF,soup_scene1,1,old
397,8.969257354736328,0.1517755196157335,PBPF,soup_scene1,1,old
398,8.973592519760132,0.1517755196157335,PBPF,soup_scene1,1,old
399,8.977692604064941,0.1517755196157335,PBPF,soup_scene1,1,old
400,8.98203730583191,0.1517456241884166,PBPF,soup_scene1,1,old
401,8.98629117012024,0.151799215673413,PBPF,soup_scene1,1,old
402,8.990518569946289,0.151799215673413,PBPF,soup_scene1,1,old
403,8.994876861572266,0.151799215673413,PBPF,soup_scene1,1,old
404,8.999125957489014,0.1518874563324683,PBPF,soup_scene1,1,old
405,9.00348448753357,0.1517886755229833,PBPF,soup_scene1,1,old
406,9.00795602798462,0.1517794574131668,PBPF,soup_scene1,1,old
407,9.012420415878296,0.1517930366065507,PBPF,soup_scene1,1,old
408,9.016749143600464,0.1519166466743752,PBPF,soup_scene1,1,old
409,9.021419286727903,0.1519788499895439,PBPF,soup_scene1,1,old
410,9.025644779205322,0.1520143695470288,PBPF,soup_scene1,1,old
411,9.029951572418211,0.1520143695470288,PBPF,soup_scene1,1,old
412,9.034375429153442,0.1519705049295201,PBPF,soup_scene1,1,old
413,9.038665294647217,0.1519705049295201,PBPF,soup_scene1,1,old
414,9.042769432067873,0.1519705049295201,PBPF,soup_scene1,1,old
415,9.047919034957886,0.1520072439660254,PBPF,soup_scene1,1,old
416,9.052017211914062,0.1520072439660254,PBPF,soup_scene1,1,old
417,9.056285858154297,0.152100852677119,PBPF,soup_scene1,1,old
418,9.060534715652466,0.1521182739789271,PBPF,soup_scene1,1,old
419,9.065129518508911,0.152342040577935,PBPF,soup_scene1,1,old
420,9.06931972503662,0.1523383819538306,PBPF,soup_scene1,1,old
421,9.073830842971802,0.1523854146972947,PBPF,soup_scene1,1,old
422,9.078304052352903,0.152541672919323,PBPF,soup_scene1,1,old
423,9.082517385482788,0.152541672919323,PBPF,soup_scene1,1,old
424,9.086824893951416,0.152541672919323,PBPF,soup_scene1,1,old
425,9.091004371643066,0.152541672919323,PBPF,soup_scene1,1,old
426,9.09547209739685,0.1525625267403884,PBPF,soup_scene1,1,old
427,9.099738597869871,0.1525625267403884,PBPF,soup_scene1,1,old
428,9.104040145874023,0.1524870147786584,PBPF,soup_scene1,1,old
429,9.108209371566772,0.1524870147786584,PBPF,soup_scene1,1,old
430,9.112406969070436,0.1524870147786584,PBPF,soup_scene1,1,old
431,9.116840600967407,0.1526579141361378,PBPF,soup_scene1,1,old
432,9.121059894561768,0.1526579141361378,PBPF,soup_scene1,1,old
433,9.12520956993103,0.1527799678754903,PBPF,soup_scene1,1,old
434,9.129644632339478,0.1527534701554237,PBPF,soup_scene1,1,old
435,9.134063005447388,0.1528211761059206,PBPF,soup_scene1,1,old
436,9.138638019561768,0.1528499376630451,PBPF,soup_scene1,1,old
437,9.142995595932009,0.1528499376630451,PBPF,soup_scene1,1,old
438,9.147881031036375,0.1528385695052311,PBPF,soup_scene1,1,old
439,9.152101278305054,0.1528494476920357,PBPF,soup_scene1,1,old
440,9.156296491622925,0.1528494476920357,PBPF,soup_scene1,1,old
441,9.16055393218994,0.1529487766614843,PBPF,soup_scene1,1,old
442,9.16468095779419,0.1529487766614843,PBPF,soup_scene1,1,old
443,9.168797731399536,0.1529487766614843,PBPF,soup_scene1,1,old
444,9.173036098480225,0.1529487766614843,PBPF,soup_scene1,1,old
445,9.177305936813354,0.1529487766614843,PBPF,soup_scene1,1,old
446,9.181560039520264,0.1529487766614843,PBPF,soup_scene1,1,old
447,9.18633246421814,0.1531511063077179,PBPF,soup_scene1,1,old
448,9.190839767456056,0.1531404299218567,PBPF,soup_scene1,1,old
449,9.19502854347229,0.1531404299218567,PBPF,soup_scene1,1,old
450,9.19934344291687,0.1532173474031,PBPF,soup_scene1,1,old
451,9.203919649124146,0.1533620462527563,PBPF,soup_scene1,1,old
452,9.208245277404783,0.1533620462527563,PBPF,soup_scene1,1,old
453,9.2125403881073,0.1533620462527563,PBPF,soup_scene1,1,old
454,9.216713905334473,0.1533620462527563,PBPF,soup_scene1,1,old
455,9.220924854278564,0.1533620462527563,PBPF,soup_scene1,1,old
456,9.225698232650757,0.1535473926958891,PBPF,soup_scene1,1,old
457,9.229957103729248,0.1534787271865223,PBPF,soup_scene1,1,old
458,9.234220504760742,0.1534787271865223,PBPF,soup_scene1,1,old
459,9.238911151885986,0.1501371935354772,PBPF,soup_scene1,1,old
460,9.243041276931764,0.1501669505298464,PBPF,soup_scene1,1,old
461,9.24729824066162,0.1501669505298464,PBPF,soup_scene1,1,old
462,9.251528978347778,0.1501669505298464,PBPF,soup_scene1,1,old
463,9.255872011184692,0.1501880573773716,PBPF,soup_scene1,1,old
464,9.260656356811523,0.150335661647309,PBPF,soup_scene1,1,old
465,9.264869213104248,0.150335661647309,PBPF,soup_scene1,1,old
466,9.269048929214478,0.150335661647309,PBPF,soup_scene1,1,old
467,9.273234128952026,0.150335661647309,PBPF,soup_scene1,1,old
468,9.27763056755066,0.150345301248203,PBPF,soup_scene1,1,old
469,9.281809568405151,0.150422980796604,PBPF,soup_scene1,1,old
470,9.28612232208252,0.1505591075101318,PBPF,soup_scene1,1,old
471,9.290345907211304,0.1505591075101318,PBPF,soup_scene1,1,old
472,9.294580698013306,0.1505591075101318,PBPF,soup_scene1,1,old
473,9.298750877380373,0.1505591075101318,PBPF,soup_scene1,1,old
474,9.303747177124023,0.1507384335493036,PBPF,soup_scene1,1,old
475,9.308260679244995,0.1507384335493036,PBPF,soup_scene1,1,old
476,9.312808513641356,0.150672414823471,PBPF,soup_scene1,1,old
477,9.31696343421936,0.150672414823471,PBPF,soup_scene1,1,old
478,9.321416854858398,0.1508192375135265,PBPF,soup_scene1,1,old
479,9.325626611709597,0.1508185489445452,PBPF,soup_scene1,1,old
480,9.329757452011108,0.1508185489445452,PBPF,soup_scene1,1,old
481,9.334046363830566,0.1509230981676718,PBPF,soup_scene1,1,old
482,9.338497877120972,0.1509854485470902,PBPF,soup_scene1,1,old
483,9.342822551727297,0.1509854485470902,PBPF,soup_scene1,1,old
484,9.347203016281128,0.1509701816662105,PBPF,soup_scene1,1,old
485,9.351612567901611,0.1509701816662105,PBPF,soup_scene1,1,old
486,9.355790376663208,0.1509701816662105,PBPF,soup_scene1,1,old
487,9.359965324401855,0.1509701816662105,PBPF,soup_scene1,1,old
488,9.36431622505188,0.1509701816662105,PBPF,soup_scene1,1,old
489,9.368494272232056,0.1509701816662105,PBPF,soup_scene1,1,old
490,9.37265658378601,0.1509701816662105,PBPF,soup_scene1,1,old
491,9.376848936080933,0.1509701816662105,PBPF,soup_scene1,1,old
492,9.381762266159058,0.1514240555874496,PBPF,soup_scene1,1,old
493,9.38591742515564,0.1514240555874496,PBPF,soup_scene1,1,old
494,9.390251159667969,0.1515430139922071,PBPF,soup_scene1,1,old
495,9.394557237625122,0.1515430139922071,PBPF,soup_scene1,1,old
496,9.399186611175535,0.1510131296056354,PBPF,soup_scene1,1,old
497,9.403515815734863,0.1510131296056354,PBPF,soup_scene1,1,old
498,9.407715559005736,0.1510131296056354,PBPF,soup_scene1,1,old
499,9.411953210830688,0.1510131296056354,PBPF,soup_scene1,1,old
500,9.416266918182371,0.151108955267741,PBPF,soup_scene1,1,old
501,9.420822858810425,0.151214189379056,PBPF,soup_scene1,1,old
502,9.425121545791626,0.151207282160182,PBPF,soup_scene1,1,old
503,9.429428815841677,0.1514750421060252,PBPF,soup_scene1,1,old
504,9.433580160140991,0.1514750421060252,PBPF,soup_scene1,1,old
505,9.43780779838562,0.1514487740589985,PBPF,soup_scene1,1,old
506,9.442103624343872,0.1514487740589985,PBPF,soup_scene1,1,old
507,9.44625449180603,0.1514487740589985,PBPF,soup_scene1,1,old
508,9.45063829421997,0.1514382637382519,PBPF,soup_scene1,1,old
509,9.455036163330078,0.151453136239681,PBPF,soup_scene1,1,old
510,9.459110021591188,0.151453136239681,PBPF,soup_scene1,1,old
511,9.46338677406311,0.1514754774553509,PBPF,soup_scene1,1,old
512,9.467787981033323,0.151456476210263,PBPF,soup_scene1,1,old
513,9.472346067428589,0.1516368141765014,PBPF,soup_scene1,1,old
514,9.47645902633667,0.1516368141765014,PBPF,soup_scene1,1,old
515,9.48061990737915,0.1517167079795859,PBPF,soup_scene1,1,old
516,9.484913349151611,0.1517167079795859,PBPF,soup_scene1,1,old
517,9.489166259765623,0.151715281820635,PBPF,soup_scene1,1,old
518,9.493328094482422,0.1517323531753646,PBPF,soup_scene1,1,old
519,9.49779200553894,0.1517323531753646,PBPF,soup_scene1,1,old
520,9.501956224441528,0.1517911086968651,PBPF,soup_scene1,1,old
521,9.506103992462158,0.1517911086968651,PBPF,soup_scene1,1,old
522,9.51029348373413,0.1517911086968651,PBPF,soup_scene1,1,old
523,9.514627933502195,0.1518685826008498,PBPF,soup_scene1,1,old
524,9.518806219100952,0.1518685826008498,PBPF,soup_scene1,1,old
525,9.523270606994627,0.1521126320231311,PBPF,soup_scene1,1,old
526,9.527508020401,0.1520262631861337,PBPF,soup_scene1,1,old
527,9.531599283218384,0.1520262631861337,PBPF,soup_scene1,1,old
528,9.535911560058594,0.1520648576627847,PBPF,soup_scene1,1,old
529,9.540221214294434,0.1520648576627847,PBPF,soup_scene1,1,old
530,9.544445514678957,0.1520648576627847,PBPF,soup_scene1,1,old
531,9.548962593078612,0.1521652202352306,PBPF,soup_scene1,1,old
532,9.55307674407959,0.1521652202352306,PBPF,soup_scene1,1,old
533,9.557204723358154,0.1521652202352306,PBPF,soup_scene1,1,old
534,9.56171441078186,0.1515321886205017,PBPF,soup_scene1,1,old
535,9.565850019454956,0.1516601300661971,PBPF,soup_scene1,1,old
536,9.569984674453735,0.1516601300661971,PBPF,soup_scene1,1,old
537,9.574158668518066,0.1516601300661971,PBPF,soup_scene1,1,old
538,9.578556060791016,0.1516472370341572,PBPF,soup_scene1,1,old
539,9.582605600357056,0.1516472370341572,PBPF,soup_scene1,1,old
540,9.586854696273804,0.1516384006577373,PBPF,soup_scene1,1,old
541,9.591232061386108,0.1516989052036683,PBPF,soup_scene1,1,old
542,9.595812320709229,0.1517465762513102,PBPF,soup_scene1,1,old
543,9.600128173828123,0.1516320449860913,PBPF,soup_scene1,1,old
544,9.604397058486938,0.1517737564825097,PBPF,soup_scene1,1,old
545,9.608675241470335,0.151897681145558,PBPF,soup_scene1,1,old
546,9.612961053848268,0.1520186779323036,PBPF,soup_scene1,1,old
547,9.61762762069702,0.1519459771166519,PBPF,soup_scene1,1,old
548,9.621938943862917,0.1519139139578751,PBPF,soup_scene1,1,old
549,9.626347303390505,0.1520508548475969,PBPF,soup_scene1,1,old
550,9.630657196044922,0.1519715292684663,PBPF,soup_scene1,1,old
551,9.635081052780151,0.1521552661738455,PBPF,soup_scene1,1,old
552,9.639299631118774,0.1521552661738455,PBPF,soup_scene1,1,old
553,9.643661737442017,0.152210203767086,PBPF,soup_scene1,1,old
554,9.647790670394896,0.1521965089638877,PBPF,soup_scene1,1,old
555,9.652108907699583,0.1522941312742208,PBPF,soup_scene1,1,old
556,9.656373023986816,0.1523301017670671,PBPF,soup_scene1,1,old
557,9.660521745681764,0.1522455197598215,PBPF,soup_scene1,1,old
558,9.664693593978882,0.1522455197598215,PBPF,soup_scene1,1,old
559,9.668807744979858,0.1522592356102343,PBPF,soup_scene1,1,old
560,9.673181772232056,0.1523253254655063,PBPF,soup_scene1,1,old
561,9.677478551864624,0.1523324088414131,PBPF,soup_scene1,1,old
562,9.68175196647644,0.1524012218209535,PBPF,soup_scene1,1,old
563,9.686018466949465,0.1523851371049277,PBPF,soup_scene1,1,old
564,9.690226078033447,0.1524105818285251,PBPF,soup_scene1,1,old
565,9.69435453414917,0.1524296781464485,PBPF,soup_scene1,1,old
566,9.698564529418944,0.1524527249997034,PBPF,soup_scene1,1,old
567,9.702848196029665,0.1524427866815455,PBPF,soup_scene1,1,old
568,9.707245349884031,0.1524845874412599,PBPF,soup_scene1,1,old
569,9.711355209350586,0.1525696072805759,PBPF,soup_scene1,1,old
570,9.715631008148192,0.1525696072805759,PBPF,soup_scene1,1,old
571,9.719969987869264,0.1541672739337891,PBPF,soup_scene1,1,old
572,9.724204301834106,0.1541672739337891,PBPF,soup_scene1,1,old
573,9.728403091430664,0.1541668259256285,PBPF,soup_scene1,1,old
574,9.732550859451294,0.1541668259256285,PBPF,soup_scene1,1,old
575,9.736994981765749,0.1542258649614921,PBPF,soup_scene1,1,old
576,9.74152159690857,0.1542258649614921,PBPF,soup_scene1,1,old
577,9.745708465576172,0.154209826752527,PBPF,soup_scene1,1,old
578,9.74967074394226,0.154209826752527,PBPF,soup_scene1,1,old
579,9.753831148147585,0.154184865737238,PBPF,soup_scene1,1,old
580,9.757822036743164,0.154184865737238,PBPF,soup_scene1,1,old
581,9.762028694152832,0.1542560339343293,PBPF,soup_scene1,1,old
582,9.76638150215149,0.1542560339343293,PBPF,soup_scene1,1,old
583,9.770736455917358,0.1541958191335593,PBPF,soup_scene1,1,old
584,9.775111675262451,0.1541958191335593,PBPF,soup_scene1,1,old
585,9.779506921768188,0.1542447181378076,PBPF,soup_scene1,1,old
586,9.783722639083862,0.1542613017429602,PBPF,soup_scene1,1,old
587,9.788041353225708,0.1543659243607353,PBPF,soup_scene1,1,old
588,9.792197942733765,0.1543659243607353,PBPF,soup_scene1,1,old
589,9.796677827835085,0.1542767618209634,PBPF,soup_scene1,1,old
590,9.800804853439333,0.1542767618209634,PBPF,soup_scene1,1,old
591,9.805116891860962,0.1542808840262943,PBPF,soup_scene1,1,old
592,9.809467315673828,0.1542704061124874,PBPF,soup_scene1,1,old
593,9.813762664794922,0.154292839835333,PBPF,soup_scene1,1,old
594,9.818131685256958,0.1542841856782565,PBPF,soup_scene1,1,old
595,9.82233428955078,0.1542841856782565,PBPF,soup_scene1,1,old
596,9.826534032821655,0.1542912073069368,PBPF,soup_scene1,1,old
597,9.83081579208374,0.154299481466648,PBPF,soup_scene1,1,old
598,9.83511471748352,0.154288742463932,PBPF,soup_scene1,1,old
599,9.839539766311646,0.1543015679375088,PBPF,soup_scene1,1,old
600,9.84417986869812,0.1544154724986471,PBPF,soup_scene1,1,old
601,9.848577737808228,0.1544154724986471,PBPF,soup_scene1,1,old
602,9.852735996246338,0.1544154724986471,PBPF,soup_scene1,1,old
603,9.857136964797974,0.1543490340163682,PBPF,soup_scene1,1,old
604,9.86144208908081,0.1543490340163682,PBPF,soup_scene1,1,old
605,9.865557670593262,0.154323155118256,PBPF,soup_scene1,1,old
606,9.86977744102478,0.154323155118256,PBPF,soup_scene1,1,old
607,9.874003887176514,0.154323155118256,PBPF,soup_scene1,1,old
608,9.878225564956663,0.154323155118256,PBPF,soup_scene1,1,old
609,9.88284468650818,0.1543361383811689,PBPF,soup_scene1,1,old
610,9.887236833572388,0.1543361383811689,PBPF,soup_scene1,1,old
611,9.891580820083618,0.1544137145788186,PBPF,soup_scene1,1,old
612,9.895904064178469,0.1544153431535826,PBPF,soup_scene1,1,old
613,9.900173664093018,0.1544153431535826,PBPF,soup_scene1,1,old
614,9.904499530792236,0.1544233925880514,PBPF,soup_scene1,1,old
615,9.908522844314575,0.1544233925880514,PBPF,soup_scene1,1,old
616,9.9124116897583,0.1544233925880514,PBPF,soup_scene1,1,old
617,9.917092084884644,0.1544506945403053,PBPF,soup_scene1,1,old
618,9.921634912490845,0.1543181562100359,PBPF,soup_scene1,1,old
619,9.926065921783447,0.1543181562100359,PBPF,soup_scene1,1,old
620,9.93038249015808,0.1543062320005497,PBPF,soup_scene1,1,old
621,9.934815168380736,0.1543343848482507,PBPF,soup_scene1,1,old
622,9.939129829406738,0.1543343848482507,PBPF,soup_scene1,1,old
623,9.943852186203005,0.1543110001499191,PBPF,soup_scene1,1,old
624,9.948131561279297,0.1543110001499191,PBPF,soup_scene1,1,old
625,9.95228910446167,0.1543110001499191,PBPF,soup_scene1,1,old
626,9.956831455230711,0.1544178463185329,PBPF,soup_scene1,1,old
627,9.961042165756226,0.1544178463185329,PBPF,soup_scene1,1,old
628,9.965403318405151,0.1544178463185329,PBPF,soup_scene1,1,old
629,9.96953511238098,0.1544178463185329,PBPF,soup_scene1,1,old
630,9.974170923233032,0.1543135379656898,PBPF,soup_scene1,1,old
631,9.978737115859984,0.1543135379656898,PBPF,soup_scene1,1,old
632,9.98318338394165,0.1544444546983443,PBPF,soup_scene1,1,old
633,9.98748517036438,0.1544444546983443,PBPF,soup_scene1,1,old
634,9.992380142211914,0.1543294788643963,PBPF,soup_scene1,1,old
635,9.99747920036316,0.1543344580259648,PBPF,soup_scene1,1,old
636,10.004964351654053,0.1544359944034364,PBPF,soup_scene1,1,old
637,10.01256251335144,0.1544288020672074,PBPF,soup_scene1,1,old
638,10.020277738571169,0.1544555591348082,PBPF,soup_scene1,1,old
639,10.028133392333984,0.1544453610938398,PBPF,soup_scene1,1,old
640,10.03622817993164,0.1543651395345079,PBPF,soup_scene1,1,old
641,10.044491529464722,0.1543521040978568,PBPF,soup_scene1,1,old
642,10.052546501159668,0.154341859243309,PBPF,soup_scene1,1,old
643,10.059754848480225,0.1543312747431288,PBPF,soup_scene1,1,old
644,10.066689252853394,0.1543312747431288,PBPF,soup_scene1,1,old
645,10.073895692825316,0.1543252656253334,PBPF,soup_scene1,1,old
646,10.081117391586304,0.1543116612946928,PBPF,soup_scene1,1,old
647,10.088125705718994,0.1543376897069353,PBPF,soup_scene1,1,old
648,10.095371723175049,0.1543640689539291,PBPF,soup_scene1,1,old
649,10.102701902389526,0.1543446040793856,PBPF,soup_scene1,1,old
650,10.10970973968506,0.1543139015873339,PBPF,soup_scene1,1,old
651,10.117151260375977,0.1543070632637936,PBPF,soup_scene1,1,old
652,10.124789714813232,0.1544445197440946,PBPF,soup_scene1,1,old
653,10.132580041885376,0.154316664675973,PBPF,soup_scene1,1,old
654,10.14067244529724,0.1544171084264909,PBPF,soup_scene1,1,old
655,10.148180484771729,0.1543228500170915,PBPF,soup_scene1,1,old
656,10.155181884765623,0.1543282282778028,PBPF,soup_scene1,1,old
657,10.162613153457642,0.154439042899907,PBPF,soup_scene1,1,old
658,10.170156002044678,0.1544537747356202,PBPF,soup_scene1,1,old
659,10.177894830703735,0.1543450076634754,PBPF,soup_scene1,1,old
660,10.185262680053713,0.154463442082015,PBPF,soup_scene1,1,old
661,10.192984580993652,0.1544980352525925,PBPF,soup_scene1,1,old
662,10.20020842552185,0.1543674793426556,PBPF,soup_scene1,1,old
663,10.207950830459597,0.1544384931772177,PBPF,soup_scene1,1,old
664,10.215643882751465,0.1544695428319779,PBPF,soup_scene1,1,old
665,10.223037719726562,0.1544903488718283,PBPF,soup_scene1,1,old
666,10.230891466140749,0.154517952624769,PBPF,soup_scene1,1,old
667,10.238435745239258,0.1545248700991895,PBPF,soup_scene1,1,old
668,10.246050119400024,0.1545338927484099,PBPF,soup_scene1,1,old
669,10.253878593444824,0.1545190618655582,PBPF,soup_scene1,1,old
670,10.261540412902832,0.1545402082862979,PBPF,soup_scene1,1,old
671,10.279465198516846,0.154651685785665,PBPF,soup_scene1,1,old
672,10.28777551651001,0.1545883514335504,PBPF,soup_scene1,1,old
673,10.295549154281616,0.1546382096596634,PBPF,soup_scene1,1,old
674,10.303775072097778,0.1546669023310268,PBPF,soup_scene1,1,old
675,10.31178855895996,0.1546618066730024,PBPF,soup_scene1,1,old
676,10.31947922706604,0.1546801207748922,PBPF,soup_scene1,1,old
677,10.3271005153656,0.1546645737491509,PBPF,soup_scene1,1,old
678,10.33489990234375,0.1546645737491509,PBPF,soup_scene1,1,old
679,10.344893455505373,0.154732804667362,PBPF,soup_scene1,1,old
680,10.352478504180908,0.1548465606898772,PBPF,soup_scene1,1,old
681,10.360005140304564,0.1548099242233574,PBPF,soup_scene1,1,old
682,10.37885570526123,0.1548249997480461,PBPF,soup_scene1,1,old
683,10.386448860168455,0.1548249997480461,PBPF,soup_scene1,1,old
684,10.395796537399292,0.1549941292593328,PBPF,soup_scene1,1,old
685,10.404940366744995,0.1553763444004788,PBPF,soup_scene1,1,old
686,10.41357159614563,0.1549442369254353,PBPF,soup_scene1,1,old
687,10.426263809204102,0.1549442369254353,PBPF,soup_scene1,1,old
688,10.436177492141724,0.1549855622615937,PBPF,soup_scene1,1,old
689,10.445409774780272,0.1549642440809014,PBPF,soup_scene1,1,old
690,10.455092191696169,0.1550571619970872,PBPF,soup_scene1,1,old
691,10.46388292312622,0.155063658645902,PBPF,soup_scene1,1,old
692,10.47299575805664,0.1550892623791054,PBPF,soup_scene1,1,old
693,10.482008457183838,0.1551246121685534,PBPF,soup_scene1,1,old
694,10.49114441871643,0.1552547625401809,PBPF,soup_scene1,1,old
695,10.502912521362305,0.1551871377355833,PBPF,soup_scene1,1,old
696,10.51341199874878,0.1552145704353736,PBPF,soup_scene1,1,old
697,10.522507190704346,0.1558447496441831,PBPF,soup_scene1,1,old
698,10.55750036239624,0.1557186208867802,PBPF,soup_scene1,1,old
699,10.61043119430542,0.1559104752498597,PBPF,soup_scene1,1,old
700,10.660461187362673,0.1559451955051899,PBPF,soup_scene1,1,old
701,10.687018394470217,0.1560060680200836,PBPF,soup_scene1,1,old
702,10.720653533935549,0.1560835062775346,PBPF,soup_scene1,1,old
703,10.735347032546995,0.1560835062775346,PBPF,soup_scene1,1,old
704,10.876312017440796,0.1563503160198326,PBPF,soup_scene1,1,old
705,10.928180694580078,0.1570142825467839,PBPF,soup_scene1,1,old
706,11.012166976928713,0.1571658100454584,PBPF,soup_scene1,1,old
707,11.045997142791748,0.157479831150672,PBPF,soup_scene1,1,old
708,11.236193895339966,0.1584129865621404,PBPF,soup_scene1,1,old
709,11.316166639328005,0.1604781287212819,PBPF,soup_scene1,1,old
710,11.560413360595703,0.1746006898382859,PBPF,soup_scene1,1,old
711,11.648298025131226,0.1773888305767654,PBPF,soup_scene1,1,old
712,11.692221403121948,0.1886843295053031,PBPF,soup_scene1,1,old
713,11.868079662322998,0.1890575403754835,PBPF,soup_scene1,1,old
714,11.888355493545532,0.1941540990998232,PBPF,soup_scene1,1,old
715,11.937561511993408,0.1944194039413047,PBPF,soup_scene1,1,old
716,11.980347871780396,0.1944194039413047,PBPF,soup_scene1,1,old
717,12.04834508895874,0.2017334688536678,PBPF,soup_scene1,1,old
718,12.060379266738892,0.2018881543465485,PBPF,soup_scene1,1,old
719,12.095630645751951,0.2018881543465485,PBPF,soup_scene1,1,old
720,12.135622024536133,0.2022946449249296,PBPF,soup_scene1,1,old
721,12.22021460533142,0.202811288175447,PBPF,soup_scene1,1,old
722,12.269415616989136,0.1995540414436756,PBPF,soup_scene1,1,old
723,12.3801372051239,0.2030518405432328,PBPF,soup_scene1,1,old
724,12.38749647140503,0.2031974368343038,PBPF,soup_scene1,1,old
725,12.461459398269652,0.2035010389157844,PBPF,soup_scene1,1,old
726,12.524199962615969,0.2041538625057362,PBPF,soup_scene1,1,old
727,12.543672323226929,0.2102029657734063,PBPF,soup_scene1,1,old
728,12.624319553375244,0.2084391595344417,PBPF,soup_scene1,1,old
729,12.672211170196531,0.2088302973996093,PBPF,soup_scene1,1,old
730,12.687551975250244,0.2089825881273112,PBPF,soup_scene1,1,old
731,12.760247230529783,0.2093816422260301,PBPF,soup_scene1,1,old
732,12.8643696308136,0.211779325053902,PBPF,soup_scene1,1,old
733,12.953298330307009,0.2115472252920162,PBPF,soup_scene1,1,old
734,13.000101804733276,0.2118620068413323,PBPF,soup_scene1,1,old
735,13.006635665893556,0.2122124029146071,PBPF,soup_scene1,1,old
736,13.092663526535034,0.2128786981943581,PBPF,soup_scene1,1,old
737,13.109943389892578,0.2131763261801191,PBPF,soup_scene1,1,old
738,13.134939670562744,0.2132997167531961,PBPF,soup_scene1,1,old
739,13.177801132202148,0.2149466256632623,PBPF,soup_scene1,1,old
740,13.256383657455444,0.2151900169225007,PBPF,soup_scene1,1,old
741,13.299662828445436,0.2187680937774563,PBPF,soup_scene1,1,old
742,13.320462942123411,0.2187680937774563,PBPF,soup_scene1,1,old
743,13.361203670501707,0.2198961097644482,PBPF,soup_scene1,1,old
744,13.3763689994812,0.2198961097644482,PBPF,soup_scene1,1,old
745,13.386226177215576,0.2198961097644482,PBPF,soup_scene1,1,old
746,13.432353734970093,0.2191619219159044,PBPF,soup_scene1,1,old
747,13.492218017578123,0.2196951581733132,PBPF,soup_scene1,1,old
748,13.499853372573853,0.2196951581733132,PBPF,soup_scene1,1,old
749,13.5162513256073,0.2196951581733132,PBPF,soup_scene1,1,old
750,13.532246351242064,0.2196951581733132,PBPF,soup_scene1,1,old
751,13.549728393554688,0.2201073997151246,PBPF,soup_scene1,1,old
752,13.598917961120604,0.220229113569772,PBPF,soup_scene1,1,old
753,13.680198192596436,0.2207297560785339,PBPF,soup_scene1,1,old
754,13.687726259231567,0.2207297560785339,PBPF,soup_scene1,1,old
755,13.712212324142456,0.2207592714962059,PBPF,soup_scene1,1,old
756,13.719703435897827,0.2207592714962059,PBPF,soup_scene1,1,old
757,13.748606443405151,0.2206238819291789,PBPF,soup_scene1,1,old
758,13.776577234268188,0.2206238819291789,PBPF,soup_scene1,1,old
759,13.7984721660614,0.220656542972528,PBPF,soup_scene1,1,old
760,13.854133129119871,0.2208224279399074,PBPF,soup_scene1,1,old
761,13.87209439277649,0.2208287053980083,PBPF,soup_scene1,1,old
762,13.89509630203247,0.2208066850481055,PBPF,soup_scene1,1,old
763,13.945889234542848,0.2206483487770089,PBPF,soup_scene1,1,old
764,13.996743440628052,0.2206074871241679,PBPF,soup_scene1,1,old
765,14.04109025001526,0.2206229946282306,PBPF,soup_scene1,1,old
766,14.053081750869753,0.2206502570111369,PBPF,soup_scene1,1,old
767,14.102823257446287,0.2206192558957447,PBPF,soup_scene1,1,old
768,14.117829084396362,0.220621313968478,PBPF,soup_scene1,1,old
769,14.157685995101929,0.220799058530663,PBPF,soup_scene1,1,old
770,14.210843324661257,0.2206062457759367,PBPF,soup_scene1,1,old
771,14.276411533355711,0.2209294611677892,PBPF,soup_scene1,1,old
772,14.333133459091188,0.2207945805652411,PBPF,soup_scene1,1,old
773,14.421974182128906,0.2207566625808176,PBPF,soup_scene1,1,old
774,14.49683952331543,0.2207864464197069,PBPF,soup_scene1,1,old
775,14.510339736938477,0.2206206187710244,PBPF,soup_scene1,1,old
776,14.529902935028076,0.2206115352855165,PBPF,soup_scene1,1,old
777,14.573453187942505,0.2206172922699205,PBPF,soup_scene1,1,old
778,14.60235595703125,0.2206531911694029,PBPF,soup_scene1,1,old
779,14.660196542739868,0.2206126759567865,PBPF,soup_scene1,1,old
780,14.73396897315979,0.2209302328882037,PBPF,soup_scene1,1,old
781,14.748816967010498,0.220639295442606,PBPF,soup_scene1,1,old
782,14.759762525558472,0.2207841770173318,PBPF,soup_scene1,1,old
783,14.789468050003052,0.2207839313606487,PBPF,soup_scene1,1,old
784,14.79990553855896,0.2206505601457236,PBPF,soup_scene1,1,old
785,14.825509071350098,0.2206180746984793,PBPF,soup_scene1,1,old
786,14.84433913230896,0.2207849374415266,PBPF,soup_scene1,1,old
787,14.855567932128906,0.2209060665034251,PBPF,soup_scene1,1,old
788,14.934577465057371,0.2206260946013639,PBPF,soup_scene1,1,old
789,14.985194206237791,0.2206602208355329,PBPF,soup_scene1,1,old
790,15.007870435714722,0.2208178238601679,PBPF,soup_scene1,1,old
791,15.024481773376465,0.2206552485627142,PBPF,soup_scene1,1,old
792,15.035711765289308,0.2206509550398998,PBPF,soup_scene1,1,old
793,15.082085847854614,0.2206488272237667,PBPF,soup_scene1,1,old
794,15.192270278930664,0.2206241137718821,PBPF,soup_scene1,1,old
795,15.213695526123049,0.2206460382644642,PBPF,soup_scene1,1,old
796,15.221107244491575,0.2206460382644642,PBPF,soup_scene1,1,old
797,15.232566118240356,0.22090523033063,PBPF,soup_scene1,1,old
798,15.249456405639648,0.2207870881638852,PBPF,soup_scene1,1,old
799,15.26165008544922,0.2206449938888065,PBPF,soup_scene1,1,old
800,15.269359111785889,0.2206449938888065,PBPF,soup_scene1,1,old
801,15.293574810028076,0.2206067341566859,PBPF,soup_scene1,1,old
802,15.301714897155762,0.220779351603918,PBPF,soup_scene1,1,old
803,15.321244478225708,0.2207723946787279,PBPF,soup_scene1,1,old
804,15.345436096191406,0.2211986305686401,PBPF,soup_scene1,1,old
805,15.384623289108276,0.2206232140257866,PBPF,soup_scene1,1,old
806,15.42141318321228,0.2207604271624569,PBPF,soup_scene1,1,old
807,15.438761711120604,0.2207587014305185,PBPF,soup_scene1,1,old
808,15.454594373703005,0.2206035098612303,PBPF,soup_scene1,1,old
809,15.475528478622437,0.2206327288270114,PBPF,soup_scene1,1,old
810,15.49514937400818,0.2206577440728628,PBPF,soup_scene1,1,old
811,15.52438235282898,0.2205929579830102,PBPF,soup_scene1,1,old
812,15.555837869644163,0.2206261721267924,PBPF,soup_scene1,1,old
813,15.583843231201172,0.2206321698521247,PBPF,soup_scene1,1,old
814,15.614892721176147,0.2206402019514367,PBPF,soup_scene1,1,old
815,15.624342918395996,0.2206402019514367,PBPF,soup_scene1,1,old
816,15.630630731582642,0.2206402019514367,PBPF,soup_scene1,1,old
817,15.636240482330322,0.2206402019514367,PBPF,soup_scene1,1,old
818,15.646563291549684,0.2206402019514367,PBPF,soup_scene1,1,old
819,15.652482271194458,0.2206402019514367,PBPF,soup_scene1,1,old
820,15.658193826675417,0.2206402019514367,PBPF,soup_scene1,1,old
821,15.6687433719635,0.2206402019514367,PBPF,soup_scene1,1,old
822,15.674368619918823,0.2206402019514367,PBPF,soup_scene1,1,old
823,15.67983055114746,0.2206402019514367,PBPF,soup_scene1,1,old
824,15.68997859954834,0.2206402019514367,PBPF,soup_scene1,1,old
825,15.696754217147827,0.2206402019514367,PBPF,soup_scene1,1,old
826,15.703819036483765,0.2206402019514367,PBPF,soup_scene1,1,old
827,15.710779428482056,0.2206402019514367,PBPF,soup_scene1,1,old
828,15.717744827270508,0.2206402019514367,PBPF,soup_scene1,1,old
829,15.729358434677124,0.2206402019514367,PBPF,soup_scene1,1,old
830,15.736235618591309,0.2206402019514367,PBPF,soup_scene1,1,old
831,15.747674942016602,0.2206402019514367,PBPF,soup_scene1,1,old
832,15.75486969947815,0.2206402019514367,PBPF,soup_scene1,1,old
833,15.777595281600952,0.2206402019514367,PBPF,soup_scene1,1,old
834,15.801925420761108,0.2206402019514367,PBPF,soup_scene1,1,old
835,15.82517147064209,0.2206402019514367,PBPF,soup_scene1,1,old
836,15.83222484588623,0.2206402019514367,PBPF,soup_scene1,1,old
837,15.839122533798218,0.2206402019514367,PBPF,soup_scene1,1,old
838,15.850752830505373,0.2206402019514367,PBPF,soup_scene1,1,old
839,15.877813577651978,0.2206402019514367,PBPF,soup_scene1,1,old
840,15.885026693344116,0.2206402019514367,PBPF,soup_scene1,1,old
841,15.891895294189451,0.2206402019514367,PBPF,soup_scene1,1,old
842,15.907413482666016,0.2206402019514367,PBPF,soup_scene1,1,old
843,15.914401054382324,0.2206402019514367,PBPF,soup_scene1,1,old
844,15.921423435211182,0.2206402019514367,PBPF,soup_scene1,1,old
845,15.928585290908812,0.2206402019514367,PBPF,soup_scene1,1,old
846,15.935530424118042,0.2206402019514367,PBPF,soup_scene1,1,old
847,15.9425790309906,0.2206402019514367,PBPF,soup_scene1,1,old
848,15.949440956115724,0.2206402019514367,PBPF,soup_scene1,1,old
849,15.956134796142578,0.2206402019514367,PBPF,soup_scene1,1,old
850,15.963101148605348,0.2206402019514367,PBPF,soup_scene1,1,old
851,15.996346473693848,0.2206402019514367,PBPF,soup_scene1,1,old
852,16.040388345718384,0.2206402019514367,PBPF,soup_scene1,1,old
853,16.04818320274353,0.2206402019514367,PBPF,soup_scene1,1,old
854,16.05543041229248,0.2206402019514367,PBPF,soup_scene1,1,old
855,16.067248106002808,0.2206402019514367,PBPF,soup_scene1,1,old
856,16.074777603149414,0.2206402019514367,PBPF,soup_scene1,1,old
857,16.081918001174927,0.2206402019514367,PBPF,soup_scene1,1,old
858,16.09383797645569,0.2206402019514367,PBPF,soup_scene1,1,old
859,16.101529359817505,0.2206402019514367,PBPF,soup_scene1,1,old
860,16.108717441558838,0.2206402019514367,PBPF,soup_scene1,1,old
861,16.115894079208374,0.2206402019514367,PBPF,soup_scene1,1,old
862,16.122883319854736,0.2206402019514367,PBPF,soup_scene1,1,old
863,16.12980604171753,0.2206402019514367,PBPF,soup_scene1,1,old
864,16.13676691055298,0.2206402019514367,PBPF,soup_scene1,1,old
865,16.14360022544861,0.2206402019514367,PBPF,soup_scene1,1,old
866,16.150506496429443,0.2206402019514367,PBPF,soup_scene1,1,old
867,16.15729069709778,0.2206402019514367,PBPF,soup_scene1,1,old
868,16.1640727519989,0.2206402019514367,PBPF,soup_scene1,1,old
869,16.17090153694153,0.2206402019514367,PBPF,soup_scene1,1,old
870,16.17766046524048,0.2206402019514367,PBPF,soup_scene1,1,old
871,16.18439292907715,0.2206402019514367,PBPF,soup_scene1,1,old
872,16.19111394882202,0.2206402019514367,PBPF,soup_scene1,1,old
873,16.197832107543945,0.2206402019514367,PBPF,soup_scene1,1,old
874,16.20466947555542,0.2206402019514367,PBPF,soup_scene1,1,old
875,16.211464881896973,0.2206402019514367,PBPF,soup_scene1,1,old
876,16.218268394470215,0.2206402019514367,PBPF,soup_scene1,1,old
877,16.225118160247803,0.2206402019514367,PBPF,soup_scene1,1,old
878,16.23194909095764,0.2206402019514367,PBPF,soup_scene1,1,old
879,16.23870587348938,0.2206402019514367,PBPF,soup_scene1,1,old
880,16.245604515075684,0.2206402019514367,PBPF,soup_scene1,1,old
881,16.252423763275146,0.2206402019514367,PBPF,soup_scene1,1,old
882,16.259228706359863,0.2206402019514367,PBPF,soup_scene1,1,old
883,16.268301248550415,0.2206402019514367,PBPF,soup_scene1,1,old
884,16.275390148162842,0.2206402019514367,PBPF,soup_scene1,1,old
885,16.282358407974243,0.2206402019514367,PBPF,soup_scene1,1,old
886,16.289221048355103,0.2206402019514367,PBPF,soup_scene1,1,old
887,16.296066522598267,0.2206402019514367,PBPF,soup_scene1,1,old
888,16.30298352241516,0.2206402019514367,PBPF,soup_scene1,1,old
889,16.309645891189575,0.2206402019514367,PBPF,soup_scene1,1,old
890,16.316339015960693,0.2206402019514367,PBPF,soup_scene1,1,old
891,16.32327628135681,0.2206402019514367,PBPF,soup_scene1,1,old
892,16.32994556427002,0.2206402019514367,PBPF,soup_scene1,1,old
893,16.336652755737305,0.2206402019514367,PBPF,soup_scene1,1,old
894,16.343440771102905,0.2206402019514367,PBPF,soup_scene1,1,old
895,16.350136518478394,0.2206402019514367,PBPF,soup_scene1,1,old
896,16.35706067085266,0.2206402019514367,PBPF,soup_scene1,1,old
897,16.363709688186646,0.2206402019514367,PBPF,soup_scene1,1,old
898,16.370429515838623,0.2206402019514367,PBPF,soup_scene1,1,old
899,16.377116680145264,0.2206402019514367,PBPF,soup_scene1,1,old
900,16.383790254592896,0.2206402019514367,PBPF,soup_scene1,1,old
901,16.390432834625244,0.2206402019514367,PBPF,soup_scene1,1,old
902,16.397175550460815,0.2206402019514367,PBPF,soup_scene1,1,old
903,16.40380072593689,0.2206402019514367,PBPF,soup_scene1,1,old
904,16.410614252090454,0.2206402019514367,PBPF,soup_scene1,1,old
905,16.417288780212402,0.2206402019514367,PBPF,soup_scene1,1,old
906,16.424169540405273,0.2206402019514367,PBPF,soup_scene1,1,old
907,16.430973291397095,0.2206402019514367,PBPF,soup_scene1,1,old
908,16.43762493133545,0.2206402019514367,PBPF,soup_scene1,1,old
909,16.444251537322998,0.2206402019514367,PBPF,soup_scene1,1,old
910,16.450855493545532,0.2206402019514367,PBPF,soup_scene1,1,old
911,16.457594394683838,0.2206402019514367,PBPF,soup_scene1,1,old
912,16.464405298233032,0.2206402019514367,PBPF,soup_scene1,1,old
913,16.47109818458557,0.2206402019514367,PBPF,soup_scene1,1,old
914,16.47769546508789,0.2206402019514367,PBPF,soup_scene1,1,old
915,16.484347581863403,0.2206402019514367,PBPF,soup_scene1,1,old
916,16.49104952812195,0.2206402019514367,PBPF,soup_scene1,1,old
917,16.49769139289856,0.2206402019514367,PBPF,soup_scene1,1,old
918,16.504337310791016,0.2206402019514367,PBPF,soup_scene1,1,old
919,16.510973930358887,0.2206402019514367,PBPF,soup_scene1,1,old
920,16.517696142196655,0.2206402019514367,PBPF,soup_scene1,1,old
921,16.524409294128418,0.2206402019514367,PBPF,soup_scene1,1,old
922,16.531025886535645,0.2206402019514367,PBPF,soup_scene1,1,old
923,16.537610292434692,0.2206402019514367,PBPF,soup_scene1,1,old
924,16.5465087890625,0.2206402019514367,PBPF,soup_scene1,1,old
925,16.553521394729614,0.2206402019514367,PBPF,soup_scene1,1,old
926,16.560297966003418,0.2206402019514367,PBPF,soup_scene1,1,old
927,16.567272186279297,0.2206402019514367,PBPF,soup_scene1,1,old
928,16.57404661178589,0.2206402019514367,PBPF,soup_scene1,1,old
929,16.581923484802246,0.2206402019514367,PBPF,soup_scene1,1,old
930,16.588922262191772,0.2206402019514367,PBPF,soup_scene1,1,old
931,16.598732709884644,0.2206402019514367,PBPF,soup_scene1,1,old
932,16.605607509613037,0.2206402019514367,PBPF,soup_scene1,1,old
933,16.61243438720703,0.2206402019514367,PBPF,soup_scene1,1,old
934,16.619080781936646,0.2206402019514367,PBPF,soup_scene1,1,old
935,16.62596035003662,0.2206402019514367,PBPF,soup_scene1,1,old
936,16.63266897201538,0.2206402019514367,PBPF,soup_scene1,1,old
937,16.63935089111328,0.2206402019514367,PBPF,soup_scene1,1,old
938,16.646100759506226,0.2206402019514367,PBPF,soup_scene1,1,old
939,16.652791261672974,0.2206402019514367,PBPF,soup_scene1,1,old
940,16.65955662727356,0.2206402019514367,PBPF,soup_scene1,1,old
941,16.66639995574951,0.2206402019514367,PBPF,soup_scene1,1,old
942,16.673165559768677,0.2206402019514367,PBPF,soup_scene1,1,old
943,16.67990469932556,0.2206402019514367,PBPF,soup_scene1,1,old
944,16.68686032295227,0.2206402019514367,PBPF,soup_scene1,1,old
945,16.69372582435608,0.2206402019514367,PBPF,soup_scene1,1,old
946,16.70062828063965,0.2206402019514367,PBPF,soup_scene1,1,old
947,16.707428693771362,0.2206402019514367,PBPF,soup_scene1,1,old
948,16.714289665222168,0.2206402019514367,PBPF,soup_scene1,1,old
949,16.721190929412842,0.2206402019514367,PBPF,soup_scene1,1,old
950,16.72805428504944,0.2206402019514367,PBPF,soup_scene1,1,old
951,16.734930992126465,0.2206402019514367,PBPF,soup_scene1,1,old
952,16.74164581298828,0.2206402019514367,PBPF,soup_scene1,1,old
953,16.748469591140747,0.2206402019514367,PBPF,soup_scene1,1,old
954,16.755422592163086,0.2206402019514367,PBPF,soup_scene1,1,old
955,16.762346029281616,0.2206402019514367,PBPF,soup_scene1,1,old
956,16.76911425590515,0.2206402019514367,PBPF,soup_scene1,1,old
957,16.775526762008667,0.2206402019514367,PBPF,soup_scene1,1,old
958,16.782368659973145,0.2206402019514367,PBPF,soup_scene1,1,old
959,16.78920030593872,0.2206402019514367,PBPF,soup_scene1,1,old
960,16.79620599746704,0.2206402019514367,PBPF,soup_scene1,1,old
961,16.8030366897583,0.2206402019514367,PBPF,soup_scene1,1,old
962,16.812283754348755,0.2206402019514367,PBPF,soup_scene1,1,old
963,16.82433581352234,0.2206402019514367,PBPF,soup_scene1,1,old
964,16.83166813850403,0.2206402019514367,PBPF,soup_scene1,1,old
965,16.838587045669556,0.2206402019514367,PBPF,soup_scene1,1,old
966,16.848313808441162,0.2206402019514367,PBPF,soup_scene1,1,old
967,16.855464458465576,0.2206402019514367,PBPF,soup_scene1,1,old
968,16.868381023406982,0.2206402019514367,PBPF,soup_scene1,1,old
969,16.87581777572632,0.2206402019514367,PBPF,soup_scene1,1,old
970,16.88256311416626,0.2206402019514367,PBPF,soup_scene1,1,old
971,16.889270067214966,0.2206402019514367,PBPF,soup_scene1,1,old
972,16.89614701271057,0.2206402019514367,PBPF,soup_scene1,1,old
973,16.902960300445557,0.2206402019514367,PBPF,soup_scene1,1,old
974,16.909705877304077,0.2206402019514367,PBPF,soup_scene1,1,old
975,16.916442394256592,0.2206402019514367,PBPF,soup_scene1,1,old
976,16.92318105697632,0.2206402019514367,PBPF,soup_scene1,1,old
977,16.929912567138672,0.2206402019514367,PBPF,soup_scene1,1,old
978,16.93674659729004,0.2206402019514367,PBPF,soup_scene1,1,old
979,16.948102474212646,0.2206402019514367,PBPF,soup_scene1,1,old
980,16.95508098602295,0.2206402019514367,PBPF,soup_scene1,1,old
981,16.9617977142334,0.2206402019514367,PBPF,soup_scene1,1,old
982,16.96873426437378,0.2206402019514367,PBPF,soup_scene1,1,old
983,16.97562265396118,0.2206402019514367,PBPF,soup_scene1,1,old
984,16.982361793518066,0.2206402019514367,PBPF,soup_scene1,1,old
985,16.98911428451538,0.2206402019514367,PBPF,soup_scene1,1,old
986,16.995858907699585,0.2206402019514367,PBPF,soup_scene1,1,old
987,17.004273653030396,0.2206402019514367,PBPF,soup_scene1,1,old
988,17.01171588897705,0.2206402019514367,PBPF,soup_scene1,1,old
989,17.018661737442017,0.2206402019514367,PBPF,soup_scene1,1,old
990,17.025344133377075,0.2206402019514367,PBPF,soup_scene1,1,old
991,17.032131671905518,0.2206402019514367,PBPF,soup_scene1,1,old
